Timestamp,Label,Binary_Label,Flow Duration,Tot Fwd Pkts,TotLen Fwd Pkts,Flow Byts/s,Flow Pkts/s,Avg Pkt Size,Min Pkt Size,Protocol,day
2023-11-03 15:56:19.540625095,DDOS-UDP,1,5639069.7956085205,2.0,0.0,0.0,0.354668424490422,0.0,0.0,17.0,lsnm2024_ddos_udp
2023-11-03 15:56:19.550341129,DDOS-UDP,1,10190680.980682373,2.0,0.0,0.0,0.19625773820132666,0.0,0.0,17.0,lsnm2024_ddos_udp
2023-11-03 15:56:19.593040705,DDOS-UDP,1,10595744.609832764,2.0,0.0,0.0,0.18875502134545755,0.0,0.0,17.0,lsnm2024_ddos_udp
2023-11-03 15:56:19.638447285,DDOS-UDP,1,10467444.41986084,2.0,0.0,0.0,0.19106860469258544,0.0,0.0,17.0,lsnm2024_ddos_udp
2023-11-03 15:56:19.655912876,DDOS-UDP,1,5158512.115478516,2.0,0.0,0.0,0.38770869491589344,0.0,0.0,17.0,lsnm2024_ddos_udp
2023-11-03 15:56:19.678004742,DDOS-UDP,1,474298.00033569336,2.0,0.0,0.0,4.216758237615301,0.0,0.0,17.0,lsnm2024_ddos_udp
2023-11-03 15:56:19.841559649,DDOS-UDP,1,10627896.070480347,2.0,0.0,0.0,0.18818400055257659,0.0,0.0,17.0,lsnm2024_ddos_udp
2023-11-03 15:56:20.166875601,DDOS-UDP,1,4671403.884887695,2.0,0.0,0.0,0.42813681909845863,0.0,0.0,17.0,lsnm2024_ddos_udp
2023-11-03 15:56:20.225343704,DDOS-UDP,1,1146480.7987213135,2.0,0.0,0.0,1.744468814681091,0.0,0.0,17.0,lsnm2024_ddos_udp
2023-11-03 15:56:20.231741190,DDOS-UDP,1,7920.742034912109,2.0,0.0,0.0,252.50159532839683,0.0,0.0,17.0,lsnm2024_ddos_udp
2023-11-03 15:56:20.293561459,DDOS-UDP,1,9993126.630783081,2.0,0.0,0.0,0.20013756193573584,0.0,0.0,17.0,lsnm2024_ddos_udp
2023-11-03 15:56:20.404145718,DDOS-UDP,1,7308035.850524902,2.0,0.0,0.0,0.27367134492865813,0.0,0.0,17.0,lsnm2024_ddos_udp
2023-11-03 15:56:20.485998869,DDOS-UDP,1,5522011.280059814,2.0,0.0,0.0,0.3621868733267665,0.0,0.0,17.0,lsnm2024_ddos_udp
2023-11-03 15:56:20.624136448,DDOS-UDP,1,3262488.36517334,2.0,0.0,0.0,0.6130290061260456,0.0,0.0,17.0,lsnm2024_ddos_udp
2023-11-03 15:56:20.641608477,DDOS-UDP,1,4489566.326141357,2.0,0.0,0.0,0.4454773255836801,0.0,0.0,17.0,lsnm2024_ddos_udp
2023-11-03 15:56:20.642716646,DDOS-UDP,1,6409008.502960205,2.0,0.0,0.0,0.31206074997033256,0.0,0.0,17.0,lsnm2024_ddos_udp
2023-11-03 15:56:20.768332720,DDOS-UDP,1,6221712.112426758,2.0,0.0,0.0,0.3214549249241792,0.0,0.0,17.0,lsnm2024_ddos_udp
2023-11-03 15:56:21.363653660,DDOS-UDP,1,3245920.419692993,2.0,0.0,0.0,0.6161580511543054,0.0,0.0,17.0,lsnm2024_ddos_udp
2023-11-03 15:56:21.371304035,DDOS-UDP,1,5301077.127456665,2.0,0.0,0.0,0.3772818149807894,0.0,0.0,17.0,lsnm2024_ddos_udp
2023-11-03 15:56:21.380298376,DDOS-UDP,1,5180509.567260742,2.0,0.0,0.0,0.38606240834673805,0.0,0.0,17.0,lsnm2024_ddos_udp
2023-11-03 15:56:21.430784464,DDOS-UDP,1,4790940.046310425,2.0,0.0,0.0,0.4174546082120627,0.0,0.0,17.0,lsnm2024_ddos_udp
2023-11-03 15:56:21.524920225,DDOS-UDP,1,16652.10723876953,2.0,0.0,0.0,120.10491953496363,0.0,0.0,17.0,lsnm2024_ddos_udp
2023-11-03 15:56:21.536883116,DDOS-UDP,1,3553864.002227783,2.0,0.0,0.0,0.5627677363979813,0.0,0.0,17.0,lsnm2024_ddos_udp
2023-11-03 15:56:22.122751713,DDOS-UDP,1,4866473.913192749,2.0,0.0,0.0,0.410975181553549,0.0,0.0,17.0,lsnm2024_ddos_udp
2023-11-03 15:56:22.306079149,DDOS-UDP,1,7063434.362411499,2.0,0.0,0.0,0.2831483804313555,0.0,0.0,17.0,lsnm2024_ddos_udp
2023-11-03 15:56:22.960177422,DDOS-UDP,1,5151241.779327393,2.0,0.0,0.0,0.38825589744714795,0.0,0.0,17.0,lsnm2024_ddos_udp
2023-11-03 15:56:23.307146788,DDOS-UDP,1,3175843.0004119873,2.0,0.0,0.0,0.6297540526217918,0.0,0.0,17.0,lsnm2024_ddos_udp
2023-11-03 15:56:23.338609219,DDOS-UDP,1,4401518.34487915,2.0,0.0,0.0,0.45438865484381225,0.0,0.0,17.0,lsnm2024_ddos_udp
2023-11-03 15:56:23.349983692,DDOS-UDP,1,6612438.201904297,2.0,0.0,0.0,0.30246029360607496,0.0,0.0,17.0,lsnm2024_ddos_udp
2023-11-03 15:56:23.625936031,DDOS-UDP,1,1707795.1431274414,2.0,0.0,0.0,1.1711006487215154,0.0,0.0,17.0,lsnm2024_ddos_udp
2023-11-03 15:56:24.332045794,DDOS-UDP,1,426458.35876464844,2.0,0.0,0.0,4.689789656822624,0.0,0.0,17.0,lsnm2024_ddos_udp
2023-11-03 15:56:24.351877928,DDOS-UDP,1,3076544.5232391357,2.0,0.0,0.0,0.6500799793055824,0.0,0.0,17.0,lsnm2024_ddos_udp
2023-11-03 15:56:24.519885540,DDOS-UDP,1,2497344.970703125,2.0,0.0,0.0,0.8008505126293793,0.0,0.0,17.0,lsnm2024_ddos_udp
2023-11-03 15:56:24.600454807,DDOS-UDP,1,3505314.826965332,2.0,0.0,0.0,0.5705621602415286,0.0,0.0,17.0,lsnm2024_ddos_udp
2023-11-03 15:56:24.655143261,DDOS-UDP,1,3546851.634979248,2.0,0.0,0.0,0.5638803665413824,0.0,0.0,17.0,lsnm2024_ddos_udp
2023-11-03 15:56:24.678056955,DDOS-UDP,1,2866935.7299804688,2.0,0.0,0.0,0.697608941520857,0.0,0.0,17.0,lsnm2024_ddos_udp
2023-11-03 15:56:24.785418034,DDOS-UDP,1,689391.1361694336,2.0,0.0,0.0,2.9011106976409606,0.0,0.0,17.0,lsnm2024_ddos_udp
2023-11-03 15:56:25.129789114,DDOS-UDP,1,5965293.645858765,2.0,0.0,0.0,0.33527268207298444,0.0,0.0,17.0,lsnm2024_ddos_udp
2023-11-03 15:56:25.225240707,DDOS-UDP,1,4663706.541061401,2.0,0.0,0.0,0.4288434493875391,0.0,0.0,17.0,lsnm2024_ddos_udp
2023-11-03 15:56:25.257149220,DDOS-UDP,1,1871273.5176086426,2.0,0.0,0.0,1.0687908428030666,0.0,0.0,17.0,lsnm2024_ddos_udp
2023-11-03 15:56:25.265007973,DDOS-UDP,1,4332102.537155151,2.0,0.0,0.0,0.4616695894999245,0.0,0.0,17.0,lsnm2024_ddos_udp
2023-11-03 15:56:25.399075508,DDOS-UDP,1,1530766.0102844238,2.0,0.0,0.0,1.3065354120505916,0.0,0.0,17.0,lsnm2024_ddos_udp
2023-11-03 15:56:25.761316061,DDOS-UDP,1,2239330.768585205,2.0,0.0,0.0,0.8931239761706071,0.0,0.0,17.0,lsnm2024_ddos_udp
2023-11-03 15:56:26.050216675,DDOS-UDP,1,1222785.234451294,2.0,0.0,0.0,1.635610198464221,0.0,0.0,17.0,lsnm2024_ddos_udp
2023-11-03 15:56:26.422355652,DDOS-UDP,1,3077342.2718048096,2.0,0.0,0.0,0.6499114571441653,0.0,0.0,17.0,lsnm2024_ddos_udp
2023-11-03 15:56:26.473023653,DDOS-UDP,1,2907346.248626709,2.0,0.0,0.0,0.6879125597595072,0.0,0.0,17.0,lsnm2024_ddos_udp
2023-11-03 15:56:26.592436790,DDOS-UDP,1,918487.0719909668,2.0,0.0,0.0,2.1774939038223824,0.0,0.0,17.0,lsnm2024_ddos_udp
2023-11-03 15:56:27.098639488,DDOS-UDP,1,3106492.9962158203,2.0,0.0,0.0,0.6438128147838426,0.0,0.0,17.0,lsnm2024_ddos_udp
2023-11-03 15:56:27.136276007,DDOS-UDP,1,1563207.8647613525,2.0,0.0,0.0,1.2794203797748487,0.0,0.0,17.0,lsnm2024_ddos_udp
2023-11-03 15:56:27.236274958,DDOS-UDP,1,1229279.5181274414,2.0,0.0,0.0,1.626969269809844,0.0,0.0,17.0,lsnm2024_ddos_udp
2023-11-03 15:56:28.324841499,DDOS-UDP,1,472424.9839782715,2.0,0.0,0.0,4.233476356728811,0.0,0.0,17.0,lsnm2024_ddos_udp
2023-11-03 15:56:29.958061218,DDOS-UDP,1,418586.49253845215,2.0,0.0,0.0,4.777985041684727,0.0,0.0,17.0,lsnm2024_ddos_udp
2023-11-03 15:56:30.180840492,DDOS-UDP,1,927909.8510742188,2.0,0.0,0.0,2.155381794561884,0.0,0.0,17.0,lsnm2024_ddos_udp
2023-11-03 15:56:30.192850828,DDOS-UDP,1,201604.36630249023,2.0,0.0,0.0,9.920420061732045,0.0,0.0,17.0,lsnm2024_ddos_udp
2023-11-03 15:56:30.226166964,DDOS-UDP,1,259668.35021972656,2.0,0.0,0.0,7.7021323480802995,0.0,0.0,17.0,lsnm2024_ddos_udp
2023-12-07 11:41:21.000000000,BENIGN,0,5000000.0,21.0,2050.0,1782.0,10.0,97.61904761904762,0.0,6.0,lsnm2024_ddos_udp
2023-12-07 11:42:02.000000000,BENIGN,0,8000000.0,28.0,4590.0,1436.75,6.25,163.92857142857142,0.0,6.0,lsnm2024_ddos_udp
2023-12-07 11:42:10.000000000,BENIGN,0,71000000.0,50.0,1200.0,16.901408450704224,0.704225352112676,24.0,0.0,17.0,lsnm2024_ddos_udp
2023-12-07 11:43:21.000000000,BENIGN,0,95000000.0,50.0,804.0,8.463157894736842,0.5263157894736842,16.08,0.0,6.0,lsnm2024_ddos_udp
2023-12-07 11:44:05.000000000,BENIGN,0,11000000.0,31.0,7355.0,1048.8181818181818,4.545454545454546,237.25806451612902,0.0,6.0,lsnm2024_ddos_udp
2023-12-07 11:44:16.000000000,BENIGN,0,23000000.0,30.0,2725.0,370.0,2.1739130434782608,90.83333333333333,0.0,6.0,lsnm2024_ddos_udp
2023-12-07 11:45:02.000000000,BENIGN,0,5000000.0,31.0,10015.0,3828.0,10.0,323.06451612903226,0.0,6.0,lsnm2024_ddos_udp
2023-12-07 11:45:11.000000000,BENIGN,0,6000000.0,31.0,10051.0,3309.0,8.333333333333334,324.2258064516129,0.0,6.0,lsnm2024_ddos_udp
2023-12-07 11:45:29.000000000,BENIGN,0,5000000.0,33.0,7310.0,3492.6,10.0,221.5151515151515,0.0,6.0,lsnm2024_ddos_udp
2023-12-07 11:45:34.000000000,BENIGN,0,1.0,32.0,9321.0,14390000000.0,50000000.0,291.28125,0.0,6.0,lsnm2024_ddos_udp
2023-12-07 11:46:50.000000000,BENIGN,0,12000000.0,27.0,1183.0,652.4166666666666,4.166666666666667,43.81481481481482,0.0,6.0,lsnm2024_ddos_udp
2023-12-07 11:47:24.000000000,BENIGN,0,1.0,30.0,6224.0,9843000000.0,50000000.0,207.46666666666667,0.0,6.0,lsnm2024_ddos_udp
2023-12-07 11:47:27.000000000,BENIGN,0,6000000.0,29.0,6871.0,10245.166666666666,8.333333333333334,236.93103448275863,0.0,6.0,lsnm2024_ddos_udp
2023-12-07 11:47:40.000000000,BENIGN,0,1.0,33.0,10678.0,14938000000.0,50000000.0,323.57575757575756,0.0,6.0,lsnm2024_ddos_udp
2023-12-07 11:47:40.000000000,BENIGN,0,2000000.0,31.0,7926.0,9268.5,25.0,255.67741935483872,0.0,6.0,lsnm2024_ddos_udp
2023-12-07 11:47:42.000000000,BENIGN,0,1000000.0,30.0,8974.0,19507.0,50.0,299.1333333333333,0.0,6.0,lsnm2024_ddos_udp
2023-12-07 11:47:44.000000000,BENIGN,0,11000000.0,33.0,7563.0,1067.6363636363637,4.545454545454546,229.1818181818182,0.0,6.0,lsnm2024_ddos_udp
2023-12-07 11:48:10.000000000,BENIGN,0,55000000.0,50.0,2168.0,39.41818181818182,0.9090909090909091,43.36,22.0,17.0,lsnm2024_ddos_udp
2023-12-07 11:48:27.000000000,BENIGN,0,1.0,30.0,9239.0,15421000000.0,50000000.0,307.96666666666664,0.0,6.0,lsnm2024_ddos_udp
2023-12-07 11:48:45.000000000,BENIGN,0,1.0,29.0,7737.0,80402000000.0,50000000.0,266.7931034482759,0.0,6.0,lsnm2024_ddos_udp
2023-12-07 11:48:55.000000000,BENIGN,0,1.0,34.0,9353.0,16347000000.0,50000000.0,275.0882352941176,0.0,6.0,lsnm2024_ddos_udp
2023-12-07 11:48:59.000000000,BENIGN,0,15000000.0,25.0,2022.0,633.1333333333333,3.3333333333333335,80.88,0.0,6.0,lsnm2024_ddos_udp
2023-12-07 11:49:51.000000000,BENIGN,0,70000000.0,50.0,2260.0,32.285714285714285,0.7142857142857143,45.2,22.0,17.0,lsnm2024_ddos_udp
2023-12-07 11:50:19.000000000,BENIGN,0,10000000.0,31.0,6744.0,1395.9,5.0,217.5483870967742,0.0,6.0,lsnm2024_ddos_udp
2023-12-07 11:50:54.000000000,BENIGN,0,132000000.0,25.0,2064.0,65.1969696969697,0.3787878787878788,82.56,0.0,6.0,lsnm2024_ddos_udp
2023-12-07 11:52:42.000000000,BENIGN,0,76000000.0,50.0,997.0,13.118421052631579,0.6578947368421053,19.94,0.0,17.0,lsnm2024_ddos_udp
2023-12-07 11:52:44.000000000,BENIGN,0,71000000.0,50.0,2730.0,38.45070422535211,0.704225352112676,54.6,43.0,17.0,lsnm2024_ddos_udp
2023-12-07 11:53:06.000000000,BENIGN,0,1.0,27.0,5246.0,87787000000.0,50000000.0,194.2962962962963,0.0,6.0,lsnm2024_ddos_udp
2023-12-07 11:53:06.000000000,BENIGN,0,3000000.0,31.0,8288.0,5973.666666666667,16.666666666666668,267.35483870967744,0.0,6.0,lsnm2024_ddos_udp
2023-12-07 11:53:33.000000000,BENIGN,0,25000000.0,24.0,519.0,1050.2,2.0,21.625,0.0,6.0,lsnm2024_ddos_udp
2023-12-07 11:54:29.000000000,BENIGN,0,121000000.0,27.0,3457.0,69.6694214876033,0.4132231404958678,128.03703703703704,0.0,6.0,lsnm2024_ddos_udp
2023-12-07 11:55:33.000000000,BENIGN,0,62000000.0,50.0,1393.0,22.467741935483872,0.8064516129032258,27.86,0.0,17.0,lsnm2024_ddos_udp
2023-12-07 11:57:14.000000000,BENIGN,0,5000000.0,34.0,10132.0,4775.0,10.0,298.0,0.0,6.0,lsnm2024_ddos_udp
2023-12-07 11:57:49.000000000,BENIGN,0,16000000.0,33.0,9536.0,1455.5625,3.125,288.969696969697,0.0,6.0,lsnm2024_ddos_udp
2023-12-07 12:00:46.000000000,BENIGN,0,22000000.0,31.0,5822.0,773.0,2.272727272727273,187.80645161290323,0.0,6.0,lsnm2024_ddos_udp
2023-12-07 12:02:22.000000000,BENIGN,0,2000000.0,33.0,9416.0,12296.5,25.0,285.3333333333333,0.0,6.0,lsnm2024_ddos_udp
2023-12-07 12:02:54.000000000,BENIGN,0,51000000.0,50.0,2198.0,43.09803921568628,0.9803921568627451,43.96,22.0,17.0,lsnm2024_ddos_udp
2023-12-07 12:03:03.000000000,BENIGN,0,10000000.0,27.0,720.0,18915.9,5.0,26.666666666666668,0.0,6.0,lsnm2024_ddos_udp
2023-12-07 12:03:12.000000000,BENIGN,0,97000000.0,50.0,666.0,6.865979381443299,0.5154639175257731,13.32,0.0,6.0,lsnm2024_ddos_udp
2023-12-07 12:04:32.000000000,BENIGN,0,12000000.0,27.0,3946.0,3578.5,4.166666666666667,146.14814814814815,0.0,6.0,lsnm2024_ddos_udp
2023-12-07 12:06:55.000000000,BENIGN,0,63000000.0,50.0,1252.0,19.873015873015873,0.7936507936507936,25.04,0.0,17.0,lsnm2024_ddos_udp
2023-12-07 12:12:29.000000000,BENIGN,0,121000000.0,50.0,2910.0,24.049586776859503,0.4132231404958678,58.2,53.0,17.0,lsnm2024_ddos_udp
2023-12-07 12:16:01.000000000,BENIGN,0,56000000.0,49.0,1629.0,34.44642857142857,0.8928571428571429,33.244897959183675,0.0,17.0,lsnm2024_ddos_udp
2023-12-07 12:20:30.000000000,BENIGN,0,63000000.0,50.0,1349.0,21.41269841269841,0.7936507936507936,26.98,0.0,17.0,lsnm2024_ddos_udp
2023-12-07 12:25:33.000000000,BENIGN,0,66000000.0,50.0,2712.0,41.09090909090909,0.7575757575757576,54.24,43.0,17.0,lsnm2024_ddos_udp
2023-12-07 12:26:43.000000000,BENIGN,0,66000000.0,50.0,1240.0,18.78787878787879,0.7575757575757576,24.8,0.0,17.0,lsnm2024_ddos_udp
2023-12-07 12:28:56.000000000,BENIGN,0,60000000.0,50.0,2234.0,37.233333333333334,0.8333333333333334,44.68,22.0,17.0,lsnm2024_ddos_udp
2023-12-07 12:31:43.000000000,BENIGN,0,164000000.0,49.0,2354.0,16.182926829268293,0.3048780487804878,48.04081632653061,26.0,17.0,lsnm2024_ddos_udp
2023-12-07 12:36:47.000000000,BENIGN,0,79000000.0,50.0,968.0,12.253164556962025,0.6329113924050633,19.36,0.0,6.0,lsnm2024_ddos_udp
2023-12-07 12:38:34.000000000,BENIGN,0,1.0,27.0,1221.0,61483000000.0,50000000.0,45.22222222222222,0.0,6.0,lsnm2024_ddos_udp
2023-12-07 12:38:36.000000000,BENIGN,0,1000000.0,29.0,827.0,40947.0,50.0,28.517241379310345,0.0,6.0,lsnm2024_ddos_udp
2023-12-07 12:38:37.000000000,BENIGN,0,1.0,29.0,1238.0,48386000000.0,50000000.0,42.689655172413794,0.0,6.0,lsnm2024_ddos_udp
2023-12-07 12:40:21.000000000,BENIGN,0,241000000.0,29.0,727.0,61.25726141078838,0.2074688796680498,25.06896551724138,0.0,6.0,lsnm2024_ddos_udp
2023-12-07 12:40:55.000000000,BENIGN,0,60000000.0,50.0,1255.0,20.916666666666668,0.8333333333333334,25.1,0.0,17.0,lsnm2024_ddos_udp
2023-12-07 12:46:05.000000000,BENIGN,0,1000000.0,26.0,1977.0,55797.0,50.0,76.03846153846153,0.0,6.0,lsnm2024_ddos_udp
2023-12-07 12:46:08.000000000,BENIGN,0,1000000.0,27.0,1641.0,62521.0,50.0,60.77777777777778,0.0,6.0,lsnm2024_ddos_udp
2023-12-07 12:46:08.000000000,BENIGN,0,1.0,27.0,1238.0,61418000000.0,50000000.0,45.851851851851855,0.0,6.0,lsnm2024_ddos_udp
2023-12-07 12:46:09.000000000,BENIGN,0,1000000.0,26.0,768.0,52584.0,50.0,29.53846153846154,0.0,6.0,lsnm2024_ddos_udp
2023-12-07 12:46:11.000000000,BENIGN,0,1.0,28.0,820.0,54508000000.0,50000000.0,29.285714285714285,0.0,6.0,lsnm2024_ddos_udp
2023-12-07 12:46:11.000000000,BENIGN,0,1000000.0,28.0,1061.0,61311.0,50.0,37.892857142857146,0.0,6.0,lsnm2024_ddos_udp
2023-12-07 12:46:13.000000000,BENIGN,0,1.0,27.0,1046.0,54980000000.0,50000000.0,38.74074074074074,0.0,6.0,lsnm2024_ddos_udp
2023-12-07 12:47:36.000000000,BENIGN,0,1000000.0,26.0,1453.0,68125.0,50.0,55.88461538461539,0.0,6.0,lsnm2024_ddos_udp
2023-12-07 12:47:37.000000000,BENIGN,0,1000000.0,28.0,1016.0,45317.0,50.0,36.285714285714285,0.0,6.0,lsnm2024_ddos_udp
2023-12-07 12:47:40.000000000,BENIGN,0,1.0,29.0,819.0,54507000000.0,50000000.0,28.24137931034483,0.0,6.0,lsnm2024_ddos_udp
2023-12-07 12:47:41.000000000,BENIGN,0,1.0,28.0,841.0,26474000000.0,50000000.0,30.035714285714285,0.0,6.0,lsnm2024_ddos_udp
2023-12-07 12:47:41.000000000,BENIGN,0,1.0,29.0,1252.0,10713000000.0,50000000.0,43.172413793103445,0.0,6.0,lsnm2024_ddos_udp
2023-12-07 12:47:45.000000000,BENIGN,0,1000000.0,30.0,1068.0,9012.0,50.0,35.6,0.0,6.0,lsnm2024_ddos_udp
2023-12-07 12:48:06.000000000,BENIGN,0,1.0,29.0,1570.0,12579000000.0,50000000.0,54.13793103448276,0.0,6.0,lsnm2024_ddos_udp
2023-12-07 12:48:07.000000000,BENIGN,0,1.0,30.0,971.0,4131000000.0,50000000.0,32.36666666666667,0.0,6.0,lsnm2024_ddos_udp
2023-12-07 12:48:36.000000000,BENIGN,0,1.0,29.0,531.0,19934000000.0,50000000.0,18.310344827586206,0.0,6.0,lsnm2024_ddos_udp
2023-12-07 12:48:37.000000000,BENIGN,0,1000000.0,29.0,900.0,19014.0,50.0,31.03448275862069,0.0,6.0,lsnm2024_ddos_udp
2023-12-07 12:48:40.000000000,BENIGN,0,1.0,30.0,684.0,15808000000.0,50000000.0,22.8,0.0,6.0,lsnm2024_ddos_udp
2023-12-07 12:48:44.000000000,BENIGN,0,2000000.0,29.0,1122.0,6179.0,25.0,38.689655172413794,0.0,6.0,lsnm2024_ddos_udp
2023-12-07 12:48:47.000000000,BENIGN,0,1.0,31.0,706.0,6784000000.0,50000000.0,22.774193548387096,0.0,6.0,lsnm2024_ddos_udp
2023-12-07 12:48:47.000000000,BENIGN,0,1000000.0,29.0,885.0,8585.0,50.0,30.517241379310345,0.0,6.0,lsnm2024_ddos_udp
2023-12-07 12:48:47.000000000,BENIGN,0,1.0,29.0,1192.0,9728000000.0,50000000.0,41.10344827586207,0.0,6.0,lsnm2024_ddos_udp
2023-12-07 12:48:48.000000000,BENIGN,0,1.0,29.0,699.0,6903000000.0,50000000.0,24.103448275862068,0.0,6.0,lsnm2024_ddos_udp
2023-12-07 12:48:58.000000000,BENIGN,0,1000000.0,29.0,835.0,59368.0,50.0,28.79310344827586,0.0,6.0,lsnm2024_ddos_udp
2023-12-07 12:53:01.000000000,BENIGN,0,23000000.0,29.0,3655.0,1861.608695652174,2.1739130434782608,126.03448275862068,0.0,6.0,lsnm2024_ddos_udp
2023-12-07 12:54:17.000000000,BENIGN,0,83000000.0,50.0,945.0,11.385542168674698,0.6024096385542169,18.9,0.0,6.0,lsnm2024_ddos_udp
2023-12-07 12:55:44.000000000,BENIGN,0,1.0,28.0,1176.0,13120000000.0,50000000.0,42.0,0.0,6.0,lsnm2024_ddos_udp
2023-12-07 12:55:45.000000000,BENIGN,0,1.0,30.0,824.0,3994000000.0,50000000.0,27.466666666666665,0.0,6.0,lsnm2024_ddos_udp
2023-12-07 12:55:45.000000000,BENIGN,0,1.0,30.0,815.0,3977000000.0,50000000.0,27.166666666666668,0.0,6.0,lsnm2024_ddos_udp
2023-12-07 12:55:45.000000000,BENIGN,0,1.0,30.0,817.0,3987000000.0,50000000.0,27.233333333333334,0.0,6.0,lsnm2024_ddos_udp
2023-12-07 12:55:45.000000000,BENIGN,0,1.0,30.0,836.0,4020000000.0,50000000.0,27.866666666666667,0.0,6.0,lsnm2024_ddos_udp
2023-12-07 12:55:48.000000000,BENIGN,0,1.0,30.0,898.0,4084000000.0,50000000.0,29.933333333333334,0.0,6.0,lsnm2024_ddos_udp
2023-12-07 12:57:19.000000000,BENIGN,0,1000000.0,30.0,1075.0,18627.0,50.0,35.833333333333336,0.0,6.0,lsnm2024_ddos_udp
2023-12-07 12:58:01.000000000,BENIGN,0,1000000.0,28.0,1830.0,37211.0,50.0,65.35714285714286,0.0,6.0,lsnm2024_ddos_udp
2023-12-07 13:00:10.000000000,BENIGN,0,42000000.0,28.0,1988.0,574.1428571428571,1.1904761904761905,71.0,0.0,6.0,lsnm2024_ddos_udp
2023-12-07 13:00:52.000000000,BENIGN,0,1.0,27.0,2253.0,19241000000.0,50000000.0,83.44444444444444,0.0,6.0,lsnm2024_ddos_udp
2023-12-07 13:01:34.000000000,BENIGN,0,41000000.0,27.0,2022.0,685.8536585365854,1.2195121951219512,74.88888888888889,0.0,6.0,lsnm2024_ddos_udp
2023-12-07 13:02:16.000000000,BENIGN,0,14000000.0,29.0,2280.0,1110.2857142857142,3.5714285714285716,78.62068965517241,0.0,6.0,lsnm2024_ddos_udp
2023-12-07 13:02:59.000000000,BENIGN,0,1000000.0,28.0,2210.0,17942.0,50.0,78.92857142857143,0.0,6.0,lsnm2024_ddos_udp
2023-12-07 13:03:00.000000000,BENIGN,0,1000000.0,30.0,1276.0,9046.0,50.0,42.53333333333333,0.0,6.0,lsnm2024_ddos_udp
2023-12-07 13:03:09.000000000,BENIGN,0,1.0,29.0,1667.0,15945000000.0,50000000.0,57.48275862068966,0.0,6.0,lsnm2024_ddos_udp
2023-12-07 13:03:12.000000000,BENIGN,0,1.0,30.0,939.0,6100000000.0,50000000.0,31.3,0.0,6.0,lsnm2024_ddos_udp
2023-12-07 13:03:12.000000000,BENIGN,0,1.0,30.0,940.0,5601000000.0,50000000.0,31.333333333333332,0.0,6.0,lsnm2024_ddos_udp
2023-12-07 13:03:13.000000000,BENIGN,0,1.0,30.0,890.0,4185000000.0,50000000.0,29.666666666666668,0.0,6.0,lsnm2024_ddos_udp
2023-12-07 13:05:06.000000000,BENIGN,0,64000000.0,50.0,1279.0,19.984375,0.78125,25.58,0.0,17.0,lsnm2024_ddos_udp
2023-12-07 13:06:42.000000000,BENIGN,0,203000000.0,50.0,2256.0,11.113300492610838,0.24630541871921183,45.12,28.0,17.0,lsnm2024_ddos_udp
2023-12-07 13:11:38.000000000,BENIGN,0,66000000.0,50.0,1292.0,19.575757575757574,0.7575757575757576,25.84,0.0,17.0,lsnm2024_ddos_udp
2023-12-07 13:12:40.000000000,BENIGN,0,58000000.0,24.0,5438.0,353.05172413793105,0.8620689655172413,226.58333333333334,0.0,6.0,lsnm2024_ddos_udp
2023-12-07 13:14:31.000000000,BENIGN,0,259000000.0,27.0,5506.0,56.996138996138995,0.19305019305019305,203.92592592592592,0.0,6.0,lsnm2024_ddos_udp
2023-12-07 13:15:37.000000000,BENIGN,0,71000000.0,50.0,1082.0,15.23943661971831,0.704225352112676,21.64,0.0,17.0,lsnm2024_ddos_udp
2023-12-07 13:21:08.000000000,BENIGN,0,66000000.0,50.0,1250.0,18.939393939393938,0.7575757575757576,25.0,0.0,17.0,lsnm2024_ddos_udp
2023-12-07 13:23:35.000000000,BENIGN,0,94000000.0,50.0,686.0,7.297872340425532,0.5319148936170213,13.72,0.0,6.0,lsnm2024_ddos_udp
2023-12-07 13:24:41.000000000,BENIGN,0,1000000.0,26.0,177.0,81950.0,50.0,6.8076923076923075,0.0,6.0,lsnm2024_ddos_udp
2023-12-07 13:24:43.000000000,BENIGN,0,1.0,25.0,0.0,54200000000.0,50000000.0,0.0,0.0,6.0,lsnm2024_ddos_udp
2023-12-07 13:24:43.000000000,BENIGN,0,1.0,24.0,0.0,57344000000.0,50000000.0,0.0,0.0,6.0,lsnm2024_ddos_udp
2023-12-07 13:24:43.000000000,BENIGN,0,1.0,25.0,0.0,58296000000.0,50000000.0,0.0,0.0,6.0,lsnm2024_ddos_udp
2023-12-07 13:24:46.000000000,BENIGN,0,1000000.0,25.0,177.0,74228.0,50.0,7.08,0.0,6.0,lsnm2024_ddos_udp
2023-12-07 13:24:47.000000000,BENIGN,0,1.0,24.0,0.0,64336000000.0,50000000.0,0.0,0.0,6.0,lsnm2024_ddos_udp
2023-12-07 13:24:48.000000000,BENIGN,0,1.0,24.0,0.0,61688000000.0,50000000.0,0.0,0.0,6.0,lsnm2024_ddos_udp
2023-12-07 13:24:49.000000000,BENIGN,0,1.0,23.0,0.0,68432000000.0,50000000.0,0.0,0.0,6.0,lsnm2024_ddos_udp
2023-12-07 13:24:50.000000000,BENIGN,0,1.0,21.0,0.0,138560000000.0,50000000.0,0.0,0.0,6.0,lsnm2024_ddos_udp
2023-12-07 13:24:51.000000000,BENIGN,0,1.0,25.0,0.0,57344000000.0,50000000.0,0.0,0.0,6.0,lsnm2024_ddos_udp
2023-12-07 13:24:53.000000000,BENIGN,0,1000000.0,26.0,177.0,76172.0,50.0,6.8076923076923075,0.0,6.0,lsnm2024_ddos_udp
2023-12-07 13:24:55.000000000,BENIGN,0,1.0,25.0,0.0,62640000000.0,50000000.0,0.0,0.0,6.0,lsnm2024_ddos_udp
2023-12-07 13:24:56.000000000,BENIGN,0,1000000.0,26.0,177.0,78303.0,50.0,6.8076923076923075,0.0,6.0,lsnm2024_ddos_udp
2023-12-07 13:24:57.000000000,BENIGN,0,1.0,24.0,0.0,167936000000.0,50000000.0,0.0,0.0,6.0,lsnm2024_ddos_udp
2023-12-07 13:25:02.000000000,BENIGN,0,1.0,23.0,0.0,136120000000.0,50000000.0,0.0,0.0,6.0,lsnm2024_ddos_udp
2023-12-07 13:25:04.000000000,BENIGN,0,1.0,23.0,0.0,81672000000.0,50000000.0,0.0,0.0,6.0,lsnm2024_ddos_udp
2023-12-07 13:25:04.000000000,BENIGN,0,1.0,25.0,0.0,56144000000.0,50000000.0,0.0,0.0,6.0,lsnm2024_ddos_udp
2023-12-07 13:25:09.000000000,BENIGN,0,1.0,25.0,0.0,60240000000.0,50000000.0,0.0,0.0,6.0,lsnm2024_ddos_udp
2023-12-07 13:25:11.000000000,BENIGN,0,2000000.0,23.0,177.0,68826.0,25.0,7.695652173913044,0.0,6.0,lsnm2024_ddos_udp
2023-12-07 13:25:11.000000000,BENIGN,0,1.0,24.0,0.0,65536000000.0,50000000.0,0.0,0.0,6.0,lsnm2024_ddos_udp
2023-12-07 13:25:13.000000000,BENIGN,0,1.0,21.0,0.0,102400000000.0,50000000.0,0.0,0.0,6.0,lsnm2024_ddos_udp
2023-12-07 13:25:14.000000000,BENIGN,0,1.0,27.0,0.0,64336000000.0,50000000.0,0.0,0.0,6.0,lsnm2024_ddos_udp
2023-12-07 13:25:15.000000000,BENIGN,0,1.0,26.0,0.0,97104000000.0,50000000.0,0.0,0.0,6.0,lsnm2024_ddos_udp
2023-12-07 13:25:16.000000000,BENIGN,0,1.0,23.0,0.0,73024000000.0,50000000.0,0.0,0.0,6.0,lsnm2024_ddos_udp
2023-12-07 13:25:17.000000000,BENIGN,0,1.0,26.0,0.0,69632000000.0,50000000.0,0.0,0.0,6.0,lsnm2024_ddos_udp
2023-12-07 13:25:18.000000000,BENIGN,0,1.0,23.0,0.0,135624000000.0,50000000.0,0.0,0.0,6.0,lsnm2024_ddos_udp
2023-12-07 13:25:21.000000000,BENIGN,0,1.0,24.0,0.0,63318000000.0,50000000.0,0.0,0.0,6.0,lsnm2024_ddos_udp
2023-12-07 13:25:21.000000000,BENIGN,0,1.0,26.0,0.0,57344000000.0,50000000.0,0.0,0.0,6.0,lsnm2024_ddos_udp
2023-12-07 13:25:22.000000000,BENIGN,0,1.0,24.0,0.0,54448000000.0,50000000.0,0.0,0.0,6.0,lsnm2024_ddos_udp
2023-12-07 13:25:22.000000000,BENIGN,0,1.0,25.0,0.0,56144000000.0,50000000.0,0.0,0.0,6.0,lsnm2024_ddos_udp
2023-12-07 13:25:23.000000000,BENIGN,0,1.0,21.0,0.0,103680000000.0,50000000.0,0.0,0.0,6.0,lsnm2024_ddos_udp
2023-12-07 13:25:23.000000000,BENIGN,0,1.0,24.0,0.0,62640000000.0,50000000.0,0.0,0.0,6.0,lsnm2024_ddos_udp
2023-12-07 13:25:23.000000000,BENIGN,0,1.0,24.0,0.0,69384000000.0,50000000.0,0.0,0.0,6.0,lsnm2024_ddos_udp
2023-12-07 13:25:24.000000000,BENIGN,0,1000000.0,27.0,177.0,73028.0,50.0,6.555555555555555,0.0,6.0,lsnm2024_ddos_udp
2023-12-07 13:25:25.000000000,BENIGN,0,1.0,26.0,177.0,73028000000.0,50000000.0,6.8076923076923075,0.0,6.0,lsnm2024_ddos_udp
2023-12-07 13:25:28.000000000,BENIGN,0,1000000.0,26.0,177.0,94687.0,50.0,6.8076923076923075,0.0,6.0,lsnm2024_ddos_udp
2023-12-07 13:25:28.000000000,BENIGN,0,1.0,26.0,0.0,54448000000.0,50000000.0,0.0,0.0,6.0,lsnm2024_ddos_udp
2023-12-07 13:25:28.000000000,BENIGN,0,1.0,23.0,0.0,98304000000.0,50000000.0,0.0,0.0,6.0,lsnm2024_ddos_udp
2023-12-07 13:25:28.000000000,BENIGN,0,1.0,24.0,0.0,64336000000.0,50000000.0,0.0,0.0,6.0,lsnm2024_ddos_udp
2023-12-07 13:25:29.000000000,BENIGN,0,1.0,25.0,0.0,58544000000.0,50000000.0,0.0,0.0,6.0,lsnm2024_ddos_udp
2023-12-07 13:25:30.000000000,BENIGN,0,1.0,25.0,0.0,114192000000.0,50000000.0,0.0,0.0,6.0,lsnm2024_ddos_udp
2023-12-07 13:25:30.000000000,BENIGN,0,1.0,25.0,0.0,56144000000.0,50000000.0,0.0,0.0,6.0,lsnm2024_ddos_udp
2023-12-07 13:25:32.000000000,BENIGN,0,1.0,23.0,0.0,107670000000.0,50000000.0,0.0,0.0,6.0,lsnm2024_ddos_udp
2023-12-07 13:25:35.000000000,BENIGN,0,1000000.0,21.0,177.0,159084.0,50.0,8.428571428571429,0.0,6.0,lsnm2024_ddos_udp
2023-12-07 13:25:35.000000000,BENIGN,0,1.0,25.0,177.0,98414000000.0,50000000.0,7.08,0.0,6.0,lsnm2024_ddos_udp
2023-12-07 13:25:35.000000000,BENIGN,0,1.0,25.0,0.0,73976000000.0,50000000.0,0.0,0.0,6.0,lsnm2024_ddos_udp
2023-12-07 13:25:36.000000000,BENIGN,0,1000000.0,24.0,177.0,108276.0,50.0,7.375,0.0,6.0,lsnm2024_ddos_udp
2023-12-07 13:25:37.000000000,BENIGN,0,1.0,24.0,177.0,171566000000.0,50000000.0,7.375,0.0,6.0,lsnm2024_ddos_udp
2023-12-07 13:25:37.000000000,BENIGN,0,1.0,26.0,0.0,60240000000.0,50000000.0,0.0,0.0,6.0,lsnm2024_ddos_udp
2023-12-07 13:25:37.000000000,BENIGN,0,1000000.0,24.0,0.0,72549.0,50.0,0.0,0.0,6.0,lsnm2024_ddos_udp
2023-12-07 13:25:37.000000000,BENIGN,0,1.0,23.0,0.0,70832000000.0,50000000.0,0.0,0.0,6.0,lsnm2024_ddos_udp
2023-12-07 13:25:38.000000000,BENIGN,0,1.0,24.0,0.0,65784000000.0,50000000.0,0.0,0.0,6.0,lsnm2024_ddos_udp
2023-12-07 13:25:38.000000000,BENIGN,0,1.0,25.0,0.0,57096000000.0,50000000.0,0.0,0.0,6.0,lsnm2024_ddos_udp
2023-12-07 13:25:38.000000000,BENIGN,0,1.0,23.0,0.0,62392000000.0,50000000.0,0.0,0.0,6.0,lsnm2024_ddos_udp
2023-12-07 13:25:38.000000000,BENIGN,0,1.0,24.0,177.0,82399000000.0,50000000.0,7.375,0.0,6.0,lsnm2024_ddos_udp
2023-12-07 13:25:42.000000000,BENIGN,0,1000000.0,24.0,177.0,93300.0,50.0,7.375,0.0,6.0,lsnm2024_ddos_udp
2023-12-07 13:25:42.000000000,BENIGN,0,1.0,25.0,0.0,64336000000.0,50000000.0,0.0,0.0,6.0,lsnm2024_ddos_udp
2023-12-07 13:25:42.000000000,BENIGN,0,1.0,24.0,0.0,69632000000.0,50000000.0,0.0,0.0,6.0,lsnm2024_ddos_udp
2023-12-07 13:25:43.000000000,BENIGN,0,1.0,25.0,0.0,58296000000.0,50000000.0,0.0,0.0,6.0,lsnm2024_ddos_udp
2023-12-07 13:25:43.000000000,BENIGN,0,1000000.0,20.0,0.0,159765.0,50.0,0.0,0.0,6.0,lsnm2024_ddos_udp
2023-12-07 13:25:44.000000000,BENIGN,0,1000000.0,25.0,177.0,81454.0,50.0,7.08,0.0,6.0,lsnm2024_ddos_udp
2023-12-07 13:25:44.000000000,BENIGN,0,1.0,23.0,177.0,61638000000.0,50000000.0,7.695652173913044,0.0,6.0,lsnm2024_ddos_udp
2023-12-07 13:25:44.000000000,BENIGN,0,1.0,24.0,0.0,123832000000.0,50000000.0,0.0,0.0,6.0,lsnm2024_ddos_udp
2023-12-07 13:25:44.000000000,BENIGN,0,1.0,26.0,0.0,133968000000.0,50000000.0,0.0,0.0,6.0,lsnm2024_ddos_udp
2023-12-07 13:25:44.000000000,BENIGN,0,1.0,23.0,0.0,85366000000.0,50000000.0,0.0,0.0,6.0,lsnm2024_ddos_udp
2023-12-07 13:25:45.000000000,BENIGN,0,1.0,25.0,0.0,61440000000.0,50000000.0,0.0,0.0,6.0,lsnm2024_ddos_udp
2023-12-07 13:25:45.000000000,BENIGN,0,1.0,24.0,0.0,58544000000.0,50000000.0,0.0,0.0,6.0,lsnm2024_ddos_udp
2023-12-07 13:25:46.000000000,BENIGN,0,1.0,24.0,0.0,69016000000.0,50000000.0,0.0,0.0,6.0,lsnm2024_ddos_udp
2023-12-07 13:25:48.000000000,BENIGN,0,1.0,24.0,0.0,61440000000.0,50000000.0,0.0,0.0,6.0,lsnm2024_ddos_udp
2023-12-07 13:25:49.000000000,BENIGN,0,1.0,19.0,0.0,176048000000.0,50000000.0,0.0,0.0,6.0,lsnm2024_ddos_udp
2023-12-07 13:25:49.000000000,BENIGN,0,1.0,25.0,0.0,86512000000.0,50000000.0,0.0,0.0,6.0,lsnm2024_ddos_udp
2023-12-07 13:25:50.000000000,BENIGN,0,1.0,21.0,0.0,108976000000.0,50000000.0,0.0,0.0,6.0,lsnm2024_ddos_udp
2023-12-07 13:25:50.000000000,BENIGN,0,1.0,25.0,177.0,202518000000.0,50000000.0,7.08,0.0,6.0,lsnm2024_ddos_udp
2023-12-07 13:25:51.000000000,BENIGN,0,1.0,23.0,0.0,69632000000.0,50000000.0,0.0,0.0,6.0,lsnm2024_ddos_udp
2023-12-07 13:25:51.000000000,BENIGN,0,1.0,24.0,0.0,58544000000.0,50000000.0,0.0,0.0,6.0,lsnm2024_ddos_udp
2023-12-07 13:25:51.000000000,BENIGN,0,1.0,25.0,177.0,56382000000.0,50000000.0,7.08,0.0,6.0,lsnm2024_ddos_udp
2023-12-07 13:25:51.000000000,BENIGN,0,1.0,22.0,0.0,131072000000.0,50000000.0,0.0,0.0,6.0,lsnm2024_ddos_udp
2023-12-07 13:25:53.000000000,BENIGN,0,1.0,25.0,0.0,56144000000.0,50000000.0,0.0,0.0,6.0,lsnm2024_ddos_udp
2023-12-07 13:25:58.000000000,BENIGN,0,1.0,23.0,0.0,73728000000.0,50000000.0,0.0,0.0,6.0,lsnm2024_ddos_udp
2023-12-07 13:25:58.000000000,BENIGN,0,1.0,18.0,0.0,94248000000.0,50000000.0,0.0,0.0,6.0,lsnm2024_ddos_udp
2023-12-07 13:26:00.000000000,BENIGN,0,1000000.0,20.0,177.0,100982.0,50.0,8.85,0.0,6.0,lsnm2024_ddos_udp
2023-12-07 13:26:01.000000000,BENIGN,0,1000000.0,27.0,177.0,44302.0,50.0,6.555555555555555,0.0,6.0,lsnm2024_ddos_udp
2023-12-07 13:26:02.000000000,BENIGN,0,1.0,19.0,0.0,176544000000.0,50000000.0,0.0,0.0,6.0,lsnm2024_ddos_udp
2023-12-07 13:26:03.000000000,BENIGN,0,1.0,26.0,0.0,74928000000.0,50000000.0,0.0,0.0,6.0,lsnm2024_ddos_udp
2023-12-07 13:26:03.000000000,BENIGN,0,1.0,24.0,0.0,69880000000.0,50000000.0,0.0,0.0,6.0,lsnm2024_ddos_udp
2023-12-07 13:26:03.000000000,BENIGN,0,1.0,22.0,0.0,65288000000.0,50000000.0,0.0,0.0,6.0,lsnm2024_ddos_udp
2023-12-07 13:26:04.000000000,BENIGN,0,1.0,25.0,0.0,57592000000.0,50000000.0,0.0,0.0,6.0,lsnm2024_ddos_udp
2023-12-07 13:26:06.000000000,BENIGN,0,1.0,22.0,0.0,76624000000.0,50000000.0,0.0,0.0,6.0,lsnm2024_ddos_udp
2023-12-07 13:26:06.000000000,BENIGN,0,1.0,22.0,0.0,69632000000.0,50000000.0,0.0,0.0,6.0,lsnm2024_ddos_udp
2023-12-07 13:26:07.000000000,BENIGN,0,1.0,22.0,0.0,131192000000.0,50000000.0,0.0,0.0,6.0,lsnm2024_ddos_udp
2023-12-07 13:26:08.000000000,BENIGN,0,1.0,22.0,0.0,122632000000.0,50000000.0,0.0,0.0,6.0,lsnm2024_ddos_udp
2023-12-07 13:26:08.000000000,BENIGN,0,1000000.0,25.0,557.0,77504.0,50.0,22.28,0.0,6.0,lsnm2024_ddos_udp
2023-12-07 13:26:08.000000000,BENIGN,0,1.0,22.0,0.0,76624000000.0,50000000.0,0.0,0.0,6.0,lsnm2024_ddos_udp
2023-12-07 13:26:09.000000000,BENIGN,0,1.0,25.0,0.0,62640000000.0,50000000.0,0.0,0.0,6.0,lsnm2024_ddos_udp
2023-12-07 13:26:09.000000000,BENIGN,0,1.0,26.0,3078.0,68999000000.0,50000000.0,118.38461538461539,0.0,6.0,lsnm2024_ddos_udp
2023-12-07 13:26:10.000000000,BENIGN,0,1.0,21.0,0.0,78450000000.0,50000000.0,0.0,0.0,6.0,lsnm2024_ddos_udp
2023-12-07 13:26:10.000000000,BENIGN,0,2000000.0,21.0,0.0,34702.5,25.0,0.0,0.0,6.0,lsnm2024_ddos_udp
2023-12-07 13:26:10.000000000,BENIGN,0,1.0,20.0,364.0,139252000000.0,50000000.0,18.2,0.0,6.0,lsnm2024_ddos_udp
2023-12-07 13:26:13.000000000,BENIGN,0,1.0,24.0,0.0,65536000000.0,50000000.0,0.0,0.0,6.0,lsnm2024_ddos_udp
2023-12-07 13:26:14.000000000,BENIGN,0,1.0,24.0,0.0,131072000000.0,50000000.0,0.0,0.0,6.0,lsnm2024_ddos_udp
2023-12-07 13:26:15.000000000,BENIGN,0,1000000.0,21.0,0.0,135624.0,50.0,0.0,0.0,6.0,lsnm2024_ddos_udp
2023-12-07 13:26:15.000000000,BENIGN,0,1.0,25.0,0.0,73272000000.0,50000000.0,0.0,0.0,6.0,lsnm2024_ddos_udp
2023-12-07 13:26:16.000000000,BENIGN,0,1000000.0,18.0,0.0,81445.0,50.0,0.0,0.0,6.0,lsnm2024_ddos_udp
2023-12-07 13:26:16.000000000,BENIGN,0,1.0,23.0,177.0,67658000000.0,50000000.0,7.695652173913044,0.0,6.0,lsnm2024_ddos_udp
2023-12-07 13:26:17.000000000,BENIGN,0,1.0,24.0,0.0,118784000000.0,50000000.0,0.0,0.0,6.0,lsnm2024_ddos_udp
2023-12-07 13:26:17.000000000,BENIGN,0,1.0,23.0,0.0,69632000000.0,50000000.0,0.0,0.0,6.0,lsnm2024_ddos_udp
2023-12-07 13:26:17.000000000,BENIGN,0,1.0,23.0,0.0,69632000000.0,50000000.0,0.0,0.0,6.0,lsnm2024_ddos_udp
2023-12-07 13:26:19.000000000,BENIGN,0,1.0,22.0,0.0,68680000000.0,50000000.0,0.0,0.0,6.0,lsnm2024_ddos_udp
2023-12-07 13:26:19.000000000,BENIGN,0,1.0,22.0,0.0,73494000000.0,50000000.0,0.0,0.0,6.0,lsnm2024_ddos_udp
2023-12-07 13:26:20.000000000,BENIGN,0,1.0,26.0,0.0,58296000000.0,50000000.0,0.0,0.0,6.0,lsnm2024_ddos_udp
2023-12-07 13:26:21.000000000,BENIGN,0,1.0,23.0,0.0,94744000000.0,50000000.0,0.0,0.0,6.0,lsnm2024_ddos_udp
2023-12-07 13:26:21.000000000,BENIGN,0,1.0,26.0,0.0,58544000000.0,50000000.0,0.0,0.0,6.0,lsnm2024_ddos_udp
2023-12-07 13:26:22.000000000,BENIGN,0,1.0,26.0,0.0,61440000000.0,50000000.0,0.0,0.0,6.0,lsnm2024_ddos_udp
2023-12-07 13:26:22.000000000,BENIGN,0,1.0,22.0,0.0,111974000000.0,50000000.0,0.0,0.0,6.0,lsnm2024_ddos_udp
2023-12-07 13:26:22.000000000,BENIGN,0,1.0,26.0,177.0,76921000000.0,50000000.0,6.8076923076923075,0.0,6.0,lsnm2024_ddos_udp
2023-12-07 13:26:23.000000000,BENIGN,0,1.0,26.0,0.0,77824000000.0,50000000.0,0.0,0.0,6.0,lsnm2024_ddos_udp
2023-12-07 13:26:23.000000000,BENIGN,0,1000000.0,27.0,177.0,58782.0,50.0,6.555555555555555,0.0,6.0,lsnm2024_ddos_udp
2023-12-07 13:26:24.000000000,BENIGN,0,1.0,22.0,0.0,74928000000.0,50000000.0,0.0,0.0,6.0,lsnm2024_ddos_udp
2023-12-07 13:26:24.000000000,BENIGN,0,1000000.0,19.0,2146.0,22880.0,50.0,112.94736842105263,0.0,6.0,lsnm2024_ddos_udp
2023-12-07 13:26:26.000000000,BENIGN,0,1.0,23.0,0.0,87216000000.0,50000000.0,0.0,0.0,6.0,lsnm2024_ddos_udp
2023-12-07 13:26:26.000000000,BENIGN,0,1000000.0,25.0,177.0,92622.0,50.0,7.08,0.0,6.0,lsnm2024_ddos_udp
2023-12-07 13:26:26.000000000,BENIGN,0,1.0,25.0,0.0,53248000000.0,50000000.0,0.0,0.0,6.0,lsnm2024_ddos_udp
2023-12-07 13:26:28.000000000,BENIGN,0,1.0,26.0,0.0,72528000000.0,50000000.0,0.0,0.0,6.0,lsnm2024_ddos_udp
2023-12-07 13:26:29.000000000,BENIGN,0,1.0,25.0,0.0,58544000000.0,50000000.0,0.0,0.0,6.0,lsnm2024_ddos_udp
2023-12-07 13:26:29.000000000,BENIGN,0,1.0,26.0,0.0,61440000000.0,50000000.0,0.0,0.0,6.0,lsnm2024_ddos_udp
2023-12-07 13:26:29.000000000,BENIGN,0,1.0,26.0,0.0,159744000000.0,50000000.0,0.0,0.0,6.0,lsnm2024_ddos_udp
2023-12-07 13:26:29.000000000,BENIGN,0,1.0,24.0,0.0,131126000000.0,50000000.0,0.0,0.0,6.0,lsnm2024_ddos_udp
2023-12-07 13:26:30.000000000,BENIGN,0,1.0,25.0,0.0,130120000000.0,50000000.0,0.0,0.0,6.0,lsnm2024_ddos_udp
2023-12-07 13:26:32.000000000,BENIGN,0,1000000.0,25.0,177.0,74228.0,50.0,7.08,0.0,6.0,lsnm2024_ddos_udp
2023-12-07 13:26:32.000000000,BENIGN,0,1.0,24.0,0.0,117584000000.0,50000000.0,0.0,0.0,6.0,lsnm2024_ddos_udp
2023-12-07 13:26:34.000000000,BENIGN,0,1.0,25.0,0.0,66488000000.0,50000000.0,0.0,0.0,6.0,lsnm2024_ddos_udp
2023-12-07 13:26:34.000000000,BENIGN,0,1.0,26.0,0.0,111792000000.0,50000000.0,0.0,0.0,6.0,lsnm2024_ddos_udp
2023-12-07 13:26:35.000000000,BENIGN,0,1.0,26.0,0.0,135624000000.0,50000000.0,0.0,0.0,6.0,lsnm2024_ddos_udp
2023-12-07 13:26:35.000000000,BENIGN,0,1.0,26.0,177.0,45502000000.0,50000000.0,6.8076923076923075,0.0,6.0,lsnm2024_ddos_udp
2023-12-07 13:26:37.000000000,BENIGN,0,1.0,21.0,0.0,70088000000.0,50000000.0,0.0,0.0,6.0,lsnm2024_ddos_udp
2023-12-07 13:26:37.000000000,BENIGN,0,1.0,22.0,0.0,85312000000.0,50000000.0,0.0,0.0,6.0,lsnm2024_ddos_udp
2023-12-07 13:26:37.000000000,BENIGN,0,1.0,25.0,177.0,98502000000.0,50000000.0,7.08,0.0,6.0,lsnm2024_ddos_udp
2023-12-07 13:26:40.000000000,BENIGN,0,1.0,26.0,0.0,60488000000.0,50000000.0,0.0,0.0,6.0,lsnm2024_ddos_udp
2023-12-07 13:26:41.000000000,BENIGN,0,1.0,22.0,0.0,86016000000.0,50000000.0,0.0,0.0,6.0,lsnm2024_ddos_udp
2023-12-07 13:26:44.000000000,BENIGN,0,1.0,22.0,0.0,142160000000.0,50000000.0,0.0,0.0,6.0,lsnm2024_ddos_udp
2023-12-07 13:26:46.000000000,BENIGN,0,1.0,23.0,0.0,126976000000.0,50000000.0,0.0,0.0,6.0,lsnm2024_ddos_udp
2023-12-07 13:26:46.000000000,BENIGN,0,1.0,24.0,0.0,69632000000.0,50000000.0,0.0,0.0,6.0,lsnm2024_ddos_udp
2023-12-07 13:26:46.000000000,BENIGN,0,1.0,24.0,0.0,65536000000.0,50000000.0,0.0,0.0,6.0,lsnm2024_ddos_udp
2023-12-07 13:26:48.000000000,BENIGN,0,1.0,28.0,0.0,69760000000.0,50000000.0,0.0,0.0,6.0,lsnm2024_ddos_udp
2023-12-07 13:26:49.000000000,BENIGN,0,1.0,24.0,0.0,127472000000.0,50000000.0,0.0,0.0,6.0,lsnm2024_ddos_udp
2023-12-07 13:26:52.000000000,BENIGN,0,1.0,24.0,0.0,65536000000.0,50000000.0,0.0,0.0,6.0,lsnm2024_ddos_udp
2023-12-07 13:26:52.000000000,BENIGN,0,1.0,24.0,0.0,60240000000.0,50000000.0,0.0,0.0,6.0,lsnm2024_ddos_udp
2023-12-07 13:26:53.000000000,BENIGN,0,1.0,24.0,0.0,66032000000.0,50000000.0,0.0,0.0,6.0,lsnm2024_ddos_udp
2023-12-07 13:26:53.000000000,BENIGN,0,1.0,26.0,0.0,62392000000.0,50000000.0,0.0,0.0,6.0,lsnm2024_ddos_udp
2023-12-07 13:26:53.000000000,BENIGN,0,1000000.0,26.0,177.0,77620.0,50.0,6.8076923076923075,0.0,6.0,lsnm2024_ddos_udp
2023-12-07 13:26:53.000000000,BENIGN,0,1.0,24.0,0.0,118784000000.0,50000000.0,0.0,0.0,6.0,lsnm2024_ddos_udp
2023-12-07 13:26:54.000000000,BENIGN,0,1.0,24.0,0.0,128176000000.0,50000000.0,0.0,0.0,6.0,lsnm2024_ddos_udp
2023-12-07 13:26:55.000000000,BENIGN,0,1.0,22.0,0.0,70832000000.0,50000000.0,0.0,0.0,6.0,lsnm2024_ddos_udp
2023-12-07 13:26:56.000000000,BENIGN,0,2000000.0,26.0,177.0,36514.0,25.0,6.8076923076923075,0.0,6.0,lsnm2024_ddos_udp
2023-12-07 13:26:56.000000000,BENIGN,0,1.0,25.0,0.0,61440000000.0,50000000.0,0.0,0.0,6.0,lsnm2024_ddos_udp
2023-12-07 13:26:59.000000000,BENIGN,0,1.0,21.0,0.0,69632000000.0,50000000.0,0.0,0.0,6.0,lsnm2024_ddos_udp
2023-12-07 13:26:59.000000000,BENIGN,0,1000000.0,22.0,0.0,60696.0,50.0,0.0,0.0,6.0,lsnm2024_ddos_udp
2023-12-07 13:26:59.000000000,BENIGN,0,1.0,26.0,177.0,94460000000.0,50000000.0,6.8076923076923075,0.0,6.0,lsnm2024_ddos_udp
2023-12-07 13:27:00.000000000,BENIGN,0,1.0,27.0,0.0,73728000000.0,50000000.0,0.0,0.0,6.0,lsnm2024_ddos_udp
2023-12-07 13:27:01.000000000,BENIGN,0,1000000.0,23.0,177.0,138262.0,50.0,7.695652173913044,0.0,6.0,lsnm2024_ddos_udp
2023-12-07 13:27:03.000000000,BENIGN,0,2000000.0,26.0,177.0,36514.0,25.0,6.8076923076923075,0.0,6.0,lsnm2024_ddos_udp
2023-12-07 13:27:05.000000000,BENIGN,0,1.0,24.0,0.0,110424000000.0,50000000.0,0.0,0.0,6.0,lsnm2024_ddos_udp
2023-12-07 13:27:07.000000000,BENIGN,0,1.0,23.0,0.0,121056000000.0,50000000.0,0.0,0.0,6.0,lsnm2024_ddos_udp
2023-12-07 13:27:08.000000000,BENIGN,0,1.0,26.0,0.0,56144000000.0,50000000.0,0.0,0.0,6.0,lsnm2024_ddos_udp
2023-12-07 13:27:08.000000000,BENIGN,0,1.0,25.0,0.0,82222000000.0,50000000.0,0.0,0.0,6.0,lsnm2024_ddos_udp
2023-12-07 13:27:09.000000000,BENIGN,0,2000000.0,23.0,0.0,82138.5,25.0,0.0,0.0,6.0,lsnm2024_ddos_udp
2023-12-07 13:27:11.000000000,BENIGN,0,1000000.0,25.0,177.0,64118.0,50.0,7.08,0.0,6.0,lsnm2024_ddos_udp
2023-12-07 13:27:14.000000000,BENIGN,0,1.0,24.0,0.0,84870000000.0,50000000.0,0.0,0.0,6.0,lsnm2024_ddos_udp
2023-12-07 13:27:14.000000000,BENIGN,0,1.0,23.0,0.0,90112000000.0,50000000.0,0.0,0.0,6.0,lsnm2024_ddos_udp
2023-12-07 13:27:15.000000000,BENIGN,0,1.0,23.0,0.0,94014000000.0,50000000.0,0.0,0.0,6.0,lsnm2024_ddos_udp
2023-12-07 13:27:15.000000000,BENIGN,0,1.0,20.0,0.0,133968000000.0,50000000.0,0.0,0.0,6.0,lsnm2024_ddos_udp
2023-12-07 13:27:15.000000000,BENIGN,0,1.0,22.0,0.0,87216000000.0,50000000.0,0.0,0.0,6.0,lsnm2024_ddos_udp
2023-12-07 13:27:15.000000000,BENIGN,0,2000000.0,25.0,177.0,52546.0,25.0,7.08,0.0,6.0,lsnm2024_ddos_udp
2023-12-07 13:27:17.000000000,BENIGN,0,1000000.0,21.0,177.0,134468.0,50.0,8.428571428571429,0.0,6.0,lsnm2024_ddos_udp
2023-12-07 13:27:19.000000000,BENIGN,0,1.0,24.0,0.0,61440000000.0,50000000.0,0.0,0.0,6.0,lsnm2024_ddos_udp
2023-12-07 13:27:19.000000000,BENIGN,0,1.0,23.0,0.0,62640000000.0,50000000.0,0.0,0.0,6.0,lsnm2024_ddos_udp
2023-12-07 13:27:19.000000000,BENIGN,0,1.0,22.0,0.0,81920000000.0,50000000.0,0.0,0.0,6.0,lsnm2024_ddos_udp
2023-12-07 13:27:19.000000000,BENIGN,0,1.0,25.0,0.0,57344000000.0,50000000.0,0.0,0.0,6.0,lsnm2024_ddos_udp
2023-12-07 13:27:20.000000000,BENIGN,0,1.0,24.0,0.0,64584000000.0,50000000.0,0.0,0.0,6.0,lsnm2024_ddos_udp
2023-12-07 13:27:20.000000000,BENIGN,0,1.0,24.0,0.0,58048000000.0,50000000.0,0.0,0.0,6.0,lsnm2024_ddos_udp
2023-12-07 13:27:20.000000000,BENIGN,0,1.0,24.0,0.0,62392000000.0,50000000.0,0.0,0.0,6.0,lsnm2024_ddos_udp
2023-12-07 13:27:22.000000000,BENIGN,0,1.0,26.0,0.0,77824000000.0,50000000.0,0.0,0.0,6.0,lsnm2024_ddos_udp
2023-12-07 13:27:22.000000000,BENIGN,0,1.0,22.0,0.0,68888000000.0,50000000.0,0.0,0.0,6.0,lsnm2024_ddos_udp
2023-12-07 13:27:25.000000000,BENIGN,0,1.0,24.0,0.0,77824000000.0,50000000.0,0.0,0.0,6.0,lsnm2024_ddos_udp
2023-12-07 13:27:25.000000000,BENIGN,0,1.0,27.0,177.0,98844000000.0,50000000.0,6.555555555555555,0.0,6.0,lsnm2024_ddos_udp
2023-12-07 13:27:25.000000000,BENIGN,0,1.0,24.0,177.0,118063000000.0,50000000.0,7.375,0.0,6.0,lsnm2024_ddos_udp
2023-12-07 13:27:25.000000000,BENIGN,0,1.0,26.0,0.0,57344000000.0,50000000.0,0.0,0.0,6.0,lsnm2024_ddos_udp
2023-12-07 13:27:26.000000000,BENIGN,0,1.0,24.0,0.0,159744000000.0,50000000.0,0.0,0.0,6.0,lsnm2024_ddos_udp
2023-12-07 13:27:27.000000000,BENIGN,0,1.0,24.0,0.0,80720000000.0,50000000.0,0.0,0.0,6.0,lsnm2024_ddos_udp
2023-12-07 13:27:27.000000000,BENIGN,0,1000000.0,24.0,177.0,259748.0,50.0,7.375,0.0,6.0,lsnm2024_ddos_udp
2023-12-07 13:27:28.000000000,BENIGN,0,1.0,26.0,0.0,61440000000.0,50000000.0,0.0,0.0,6.0,lsnm2024_ddos_udp
2023-12-07 13:27:28.000000000,BENIGN,0,1.0,25.0,0.0,57344000000.0,50000000.0,0.0,0.0,6.0,lsnm2024_ddos_udp
2023-12-07 13:27:28.000000000,BENIGN,0,1.0,25.0,0.0,60240000000.0,50000000.0,0.0,0.0,6.0,lsnm2024_ddos_udp
2023-12-07 13:27:30.000000000,BENIGN,0,1000000.0,26.0,177.0,131740.0,50.0,6.8076923076923075,0.0,6.0,lsnm2024_ddos_udp
2023-12-07 13:27:31.000000000,BENIGN,0,1000000.0,24.0,0.0,61440.0,50.0,0.0,0.0,6.0,lsnm2024_ddos_udp
2023-12-07 13:27:31.000000000,BENIGN,0,1.0,26.0,177.0,86495000000.0,50000000.0,6.8076923076923075,0.0,6.0,lsnm2024_ddos_udp
2023-12-07 13:27:33.000000000,BENIGN,0,1.0,28.0,0.0,131688000000.0,50000000.0,0.0,0.0,6.0,lsnm2024_ddos_udp
2023-12-07 13:27:33.000000000,BENIGN,0,1.0,25.0,0.0,60488000000.0,50000000.0,0.0,0.0,6.0,lsnm2024_ddos_udp
2023-12-07 13:27:34.000000000,BENIGN,0,1000000.0,25.0,0.0,247437.0,50.0,0.0,0.0,6.0,lsnm2024_ddos_udp
2023-12-07 13:27:35.000000000,BENIGN,0,1.0,23.0,0.0,73360000000.0,50000000.0,0.0,0.0,6.0,lsnm2024_ddos_udp
2023-12-07 13:27:35.000000000,BENIGN,0,2000000.0,27.0,177.0,22751.0,25.0,6.555555555555555,0.0,6.0,lsnm2024_ddos_udp
2023-12-07 13:27:35.000000000,BENIGN,0,1.0,24.0,0.0,164806000000.0,50000000.0,0.0,0.0,6.0,lsnm2024_ddos_udp
2023-12-07 13:27:37.000000000,BENIGN,0,1.0,22.0,0.0,69384000000.0,50000000.0,0.0,0.0,6.0,lsnm2024_ddos_udp
2023-12-07 13:27:37.000000000,BENIGN,0,1.0,25.0,0.0,61440000000.0,50000000.0,0.0,0.0,6.0,lsnm2024_ddos_udp
2023-12-07 13:27:37.000000000,BENIGN,0,1.0,25.0,0.0,88966000000.0,50000000.0,0.0,0.0,6.0,lsnm2024_ddos_udp
2023-12-07 13:27:37.000000000,BENIGN,0,1.0,24.0,0.0,60488000000.0,50000000.0,0.0,0.0,6.0,lsnm2024_ddos_udp
2023-12-07 13:27:37.000000000,BENIGN,0,1.0,24.0,0.0,62640000000.0,50000000.0,0.0,0.0,6.0,lsnm2024_ddos_udp
2023-12-07 13:27:37.000000000,BENIGN,0,1.0,24.0,0.0,57344000000.0,50000000.0,0.0,0.0,6.0,lsnm2024_ddos_udp
2023-12-07 13:27:38.000000000,BENIGN,0,1.0,26.0,0.0,65536000000.0,50000000.0,0.0,0.0,6.0,lsnm2024_ddos_udp
2023-12-07 13:27:38.000000000,BENIGN,0,1.0,23.0,0.0,74928000000.0,50000000.0,0.0,0.0,6.0,lsnm2024_ddos_udp
2023-12-07 13:27:39.000000000,BENIGN,0,1.0,25.0,0.0,61688000000.0,50000000.0,0.0,0.0,6.0,lsnm2024_ddos_udp
2023-12-07 13:27:39.000000000,BENIGN,0,1.0,24.0,0.0,60240000000.0,50000000.0,0.0,0.0,6.0,lsnm2024_ddos_udp
2023-12-07 13:27:39.000000000,BENIGN,0,1.0,24.0,0.0,57344000000.0,50000000.0,0.0,0.0,6.0,lsnm2024_ddos_udp
2023-12-07 13:27:39.000000000,BENIGN,0,1.0,27.0,0.0,48925000000.0,50000000.0,0.0,0.0,6.0,lsnm2024_ddos_udp
2023-12-07 13:27:39.000000000,BENIGN,0,1.0,25.0,0.0,53000000000.0,50000000.0,0.0,0.0,6.0,lsnm2024_ddos_udp
2023-12-07 13:27:39.000000000,BENIGN,0,1.0,24.0,0.0,58544000000.0,50000000.0,0.0,0.0,6.0,lsnm2024_ddos_udp
2023-12-07 13:27:40.000000000,BENIGN,0,1.0,23.0,0.0,125984000000.0,50000000.0,0.0,0.0,6.0,lsnm2024_ddos_udp
2023-12-07 13:27:42.000000000,BENIGN,0,1.0,24.0,0.0,61688000000.0,50000000.0,0.0,0.0,6.0,lsnm2024_ddos_udp
2023-12-07 13:27:44.000000000,BENIGN,0,1.0,24.0,0.0,176318000000.0,50000000.0,0.0,0.0,6.0,lsnm2024_ddos_udp
2023-12-07 13:27:45.000000000,BENIGN,0,1.0,24.0,0.0,122632000000.0,50000000.0,0.0,0.0,6.0,lsnm2024_ddos_udp
2023-12-07 13:27:46.000000000,BENIGN,0,1.0,22.0,0.0,106992000000.0,50000000.0,0.0,0.0,6.0,lsnm2024_ddos_udp
2023-12-07 13:27:46.000000000,BENIGN,0,1.0,23.0,0.0,70584000000.0,50000000.0,0.0,0.0,6.0,lsnm2024_ddos_udp
2023-12-07 13:27:46.000000000,BENIGN,0,1.0,22.0,0.0,114608000000.0,50000000.0,0.0,0.0,6.0,lsnm2024_ddos_udp
2023-12-07 13:27:46.000000000,BENIGN,0,1000000.0,23.0,177.0,118070.0,50.0,7.695652173913044,0.0,6.0,lsnm2024_ddos_udp
2023-12-07 13:27:47.000000000,BENIGN,0,1.0,26.0,0.0,53248000000.0,50000000.0,0.0,0.0,6.0,lsnm2024_ddos_udp
2023-12-07 13:27:47.000000000,BENIGN,0,1.0,24.0,0.0,180238000000.0,50000000.0,0.0,0.0,6.0,lsnm2024_ddos_udp
2023-12-07 13:27:49.000000000,BENIGN,0,1000000.0,25.0,177.0,77372.0,50.0,7.08,0.0,6.0,lsnm2024_ddos_udp
2023-12-07 13:27:50.000000000,BENIGN,0,1000000.0,24.0,177.0,85262.0,50.0,7.375,0.0,6.0,lsnm2024_ddos_udp
2023-12-07 13:27:51.000000000,BENIGN,0,1.0,23.0,0.0,123080000000.0,50000000.0,0.0,0.0,6.0,lsnm2024_ddos_udp
2023-12-07 13:27:51.000000000,BENIGN,0,1.0,27.0,177.0,73007000000.0,50000000.0,6.555555555555555,0.0,6.0,lsnm2024_ddos_udp
2023-12-07 13:27:51.000000000,BENIGN,0,1000000.0,26.0,177.0,101284.0,50.0,6.8076923076923075,0.0,6.0,lsnm2024_ddos_udp
2023-12-07 13:27:52.000000000,BENIGN,0,1.0,24.0,0.0,78086000000.0,50000000.0,0.0,0.0,6.0,lsnm2024_ddos_udp
2023-12-07 13:27:52.000000000,BENIGN,0,1.0,27.0,177.0,57214000000.0,50000000.0,6.555555555555555,0.0,6.0,lsnm2024_ddos_udp
2023-12-07 13:27:53.000000000,BENIGN,0,1.0,24.0,0.0,122880000000.0,50000000.0,0.0,0.0,6.0,lsnm2024_ddos_udp
2023-12-07 13:27:56.000000000,BENIGN,0,1.0,23.0,0.0,65536000000.0,50000000.0,0.0,0.0,6.0,lsnm2024_ddos_udp
2023-12-07 13:27:57.000000000,BENIGN,0,1.0,24.0,0.0,61440000000.0,50000000.0,0.0,0.0,6.0,lsnm2024_ddos_udp
2023-12-07 13:27:57.000000000,BENIGN,0,1.0,24.0,0.0,60240000000.0,50000000.0,0.0,0.0,6.0,lsnm2024_ddos_udp
2023-12-07 13:27:57.000000000,BENIGN,0,1000000.0,25.0,177.0,120276.0,50.0,7.08,0.0,6.0,lsnm2024_ddos_udp
2023-12-07 13:27:58.000000000,BENIGN,0,1.0,26.0,0.0,56144000000.0,50000000.0,0.0,0.0,6.0,lsnm2024_ddos_udp
2023-12-07 13:27:58.000000000,BENIGN,0,1.0,24.0,0.0,65536000000.0,50000000.0,0.0,0.0,6.0,lsnm2024_ddos_udp
2023-12-07 13:27:58.000000000,BENIGN,0,1.0,24.0,0.0,58544000000.0,50000000.0,0.0,0.0,6.0,lsnm2024_ddos_udp
2023-12-07 13:27:59.000000000,BENIGN,0,1.0,24.0,0.0,90816000000.0,50000000.0,0.0,0.0,6.0,lsnm2024_ddos_udp
2023-12-07 13:27:59.000000000,BENIGN,0,1.0,22.0,0.0,64832000000.0,50000000.0,0.0,0.0,6.0,lsnm2024_ddos_udp
2023-12-07 13:28:00.000000000,BENIGN,0,2000000.0,25.0,177.0,82159.5,25.0,7.08,0.0,6.0,lsnm2024_ddos_udp
2023-12-07 13:28:00.000000000,BENIGN,0,1.0,26.0,0.0,65288000000.0,50000000.0,0.0,0.0,6.0,lsnm2024_ddos_udp
2023-12-07 13:28:02.000000000,BENIGN,0,1.0,24.0,0.0,121680000000.0,50000000.0,0.0,0.0,6.0,lsnm2024_ddos_udp
2023-12-07 13:28:03.000000000,BENIGN,0,1.0,26.0,0.0,130998000000.0,50000000.0,0.0,0.0,6.0,lsnm2024_ddos_udp
2023-12-07 13:28:03.000000000,BENIGN,0,1.0,27.0,177.0,86495000000.0,50000000.0,6.555555555555555,0.0,6.0,lsnm2024_ddos_udp
2023-12-07 13:28:03.000000000,BENIGN,0,1000000.0,23.0,177.0,199006.0,50.0,7.695652173913044,0.0,6.0,lsnm2024_ddos_udp
2023-12-07 13:28:05.000000000,BENIGN,0,1.0,25.0,0.0,57344000000.0,50000000.0,0.0,0.0,6.0,lsnm2024_ddos_udp
2023-12-07 13:28:05.000000000,BENIGN,0,1000000.0,26.0,177.0,65814.0,50.0,6.8076923076923075,0.0,6.0,lsnm2024_ddos_udp
2023-12-07 13:28:06.000000000,BENIGN,0,3000000.0,22.0,177.0,60636.666666666664,16.666666666666668,8.045454545454545,0.0,6.0,lsnm2024_ddos_udp
2023-12-07 13:28:06.000000000,BENIGN,0,1.0,26.0,0.0,102808000000.0,50000000.0,0.0,0.0,6.0,lsnm2024_ddos_udp
2023-12-07 13:28:06.000000000,BENIGN,0,1.0,25.0,0.0,105704000000.0,50000000.0,0.0,0.0,6.0,lsnm2024_ddos_udp
2023-12-07 13:28:06.000000000,BENIGN,0,1.0,24.0,177.0,97748000000.0,50000000.0,7.375,0.0,6.0,lsnm2024_ddos_udp
2023-12-07 13:28:09.000000000,BENIGN,0,1.0,26.0,0.0,54200000000.0,50000000.0,0.0,0.0,6.0,lsnm2024_ddos_udp
2023-12-07 13:28:09.000000000,BENIGN,0,1.0,22.0,0.0,135256000000.0,50000000.0,0.0,0.0,6.0,lsnm2024_ddos_udp
2023-12-07 13:28:09.000000000,BENIGN,0,1.0,24.0,0.0,67494000000.0,50000000.0,0.0,0.0,6.0,lsnm2024_ddos_udp
2023-12-07 13:28:11.000000000,BENIGN,0,1.0,26.0,177.0,55390000000.0,50000000.0,6.8076923076923075,0.0,6.0,lsnm2024_ddos_udp
2023-12-07 13:28:11.000000000,BENIGN,0,1.0,24.0,0.0,81880000000.0,50000000.0,0.0,0.0,6.0,lsnm2024_ddos_udp
2023-12-07 13:28:11.000000000,BENIGN,0,1000000.0,26.0,177.0,77372.0,50.0,6.8076923076923075,0.0,6.0,lsnm2024_ddos_udp
2023-12-07 13:28:11.000000000,BENIGN,0,1.0,24.0,0.0,99598000000.0,50000000.0,0.0,0.0,6.0,lsnm2024_ddos_udp
2023-12-07 13:28:12.000000000,BENIGN,0,1.0,25.0,0.0,111544000000.0,50000000.0,0.0,0.0,6.0,lsnm2024_ddos_udp
2023-12-07 13:28:13.000000000,BENIGN,0,1.0,24.0,0.0,110048000000.0,50000000.0,0.0,0.0,6.0,lsnm2024_ddos_udp
2023-12-07 13:28:15.000000000,BENIGN,0,1.0,25.0,177.0,85295000000.0,50000000.0,7.08,0.0,6.0,lsnm2024_ddos_udp
2023-12-07 13:28:15.000000000,BENIGN,0,1.0,25.0,0.0,160696000000.0,50000000.0,0.0,0.0,6.0,lsnm2024_ddos_udp
2023-12-07 13:28:17.000000000,BENIGN,0,1.0,23.0,0.0,61440000000.0,50000000.0,0.0,0.0,6.0,lsnm2024_ddos_udp
2023-12-07 13:28:17.000000000,BENIGN,0,1.0,25.0,0.0,60240000000.0,50000000.0,0.0,0.0,6.0,lsnm2024_ddos_udp
2023-12-07 13:28:18.000000000,BENIGN,0,1.0,25.0,0.0,111496000000.0,50000000.0,0.0,0.0,6.0,lsnm2024_ddos_udp
2023-12-07 13:28:18.000000000,BENIGN,0,1000000.0,25.0,177.0,115188.0,50.0,7.08,0.0,6.0,lsnm2024_ddos_udp
2023-12-07 13:28:18.000000000,BENIGN,0,1.0,24.0,0.0,110048000000.0,50000000.0,0.0,0.0,6.0,lsnm2024_ddos_udp
2023-12-07 13:28:18.000000000,BENIGN,0,1.0,25.0,0.0,101360000000.0,50000000.0,0.0,0.0,6.0,lsnm2024_ddos_udp
2023-12-07 13:28:20.000000000,BENIGN,0,1.0,25.0,177.0,82399000000.0,50000000.0,7.08,0.0,6.0,lsnm2024_ddos_udp
2023-12-07 13:28:20.000000000,BENIGN,0,1.0,25.0,0.0,60240000000.0,50000000.0,0.0,0.0,6.0,lsnm2024_ddos_udp
2023-12-07 13:28:24.000000000,BENIGN,0,1.0,26.0,0.0,61440000000.0,50000000.0,0.0,0.0,6.0,lsnm2024_ddos_udp
2023-12-07 13:28:25.000000000,BENIGN,0,1.0,26.0,0.0,110048000000.0,50000000.0,0.0,0.0,6.0,lsnm2024_ddos_udp
2023-12-07 13:28:25.000000000,BENIGN,0,1.0,25.0,0.0,86968000000.0,50000000.0,0.0,0.0,6.0,lsnm2024_ddos_udp
2023-12-07 13:28:25.000000000,BENIGN,0,1.0,23.0,0.0,86016000000.0,50000000.0,0.0,0.0,6.0,lsnm2024_ddos_udp
2023-12-07 13:28:26.000000000,BENIGN,0,1.0,24.0,0.0,65536000000.0,50000000.0,0.0,0.0,6.0,lsnm2024_ddos_udp
2023-12-07 13:28:26.000000000,BENIGN,0,2000000.0,26.0,177.0,36514.0,25.0,6.8076923076923075,0.0,6.0,lsnm2024_ddos_udp
2023-12-07 13:28:28.000000000,BENIGN,0,1.0,22.0,0.0,94208000000.0,50000000.0,0.0,0.0,6.0,lsnm2024_ddos_udp
2023-12-07 13:28:30.000000000,BENIGN,0,1.0,25.0,0.0,61192000000.0,50000000.0,0.0,0.0,6.0,lsnm2024_ddos_udp
2023-12-07 13:28:32.000000000,BENIGN,0,1.0,25.0,0.0,57096000000.0,50000000.0,0.0,0.0,6.0,lsnm2024_ddos_udp
2023-12-07 13:28:32.000000000,BENIGN,0,1.0,24.0,0.0,61440000000.0,50000000.0,0.0,0.0,6.0,lsnm2024_ddos_udp
2023-12-07 13:28:32.000000000,BENIGN,0,1.0,25.0,0.0,57344000000.0,50000000.0,0.0,0.0,6.0,lsnm2024_ddos_udp
2023-12-07 13:28:35.000000000,BENIGN,0,1.0,25.0,0.0,56144000000.0,50000000.0,0.0,0.0,6.0,lsnm2024_ddos_udp
2023-12-07 13:28:35.000000000,BENIGN,0,1000000.0,26.0,177.0,73028.0,50.0,6.8076923076923075,0.0,6.0,lsnm2024_ddos_udp
2023-12-07 13:28:35.000000000,BENIGN,0,1.0,23.0,0.0,65557000000.0,50000000.0,0.0,0.0,6.0,lsnm2024_ddos_udp
2023-12-07 13:28:35.000000000,BENIGN,0,1.0,25.0,0.0,56326000000.0,50000000.0,0.0,0.0,6.0,lsnm2024_ddos_udp
2023-12-07 13:28:36.000000000,BENIGN,0,1.0,22.0,0.0,72776000000.0,50000000.0,0.0,0.0,6.0,lsnm2024_ddos_udp
2023-12-07 13:28:36.000000000,BENIGN,0,1.0,24.0,0.0,56165000000.0,50000000.0,0.0,0.0,6.0,lsnm2024_ddos_udp
2023-12-07 13:28:36.000000000,BENIGN,0,1.0,25.0,0.0,54448000000.0,50000000.0,0.0,0.0,6.0,lsnm2024_ddos_udp
2023-12-07 13:28:38.000000000,BENIGN,0,1.0,26.0,0.0,56165000000.0,50000000.0,0.0,0.0,6.0,lsnm2024_ddos_udp
2023-12-07 13:28:41.000000000,BENIGN,0,1000000.0,24.0,863.0,78278.0,50.0,35.958333333333336,0.0,6.0,lsnm2024_ddos_udp
2023-12-07 13:28:41.000000000,BENIGN,0,1.0,25.0,0.0,57344000000.0,50000000.0,0.0,0.0,6.0,lsnm2024_ddos_udp
2023-12-07 13:28:42.000000000,BENIGN,0,1.0,26.0,0.0,61440000000.0,50000000.0,0.0,0.0,6.0,lsnm2024_ddos_udp
2023-12-07 13:28:43.000000000,BENIGN,0,1.0,23.0,0.0,78072000000.0,50000000.0,0.0,0.0,6.0,lsnm2024_ddos_udp
2023-12-07 13:28:44.000000000,BENIGN,0,1000000.0,22.0,0.0,220005.0,50.0,0.0,0.0,6.0,lsnm2024_ddos_udp
2023-12-07 13:28:44.000000000,BENIGN,0,1.0,22.0,0.0,70832000000.0,50000000.0,0.0,0.0,6.0,lsnm2024_ddos_udp
2023-12-07 13:28:46.000000000,BENIGN,0,1.0,23.0,0.0,62640000000.0,50000000.0,0.0,0.0,6.0,lsnm2024_ddos_udp
2023-12-07 13:28:49.000000000,BENIGN,0,1000000.0,25.0,177.0,64574.0,50.0,7.08,0.0,6.0,lsnm2024_ddos_udp
2023-12-07 13:28:50.000000000,BENIGN,0,1.0,25.0,0.0,69894000000.0,50000000.0,0.0,0.0,6.0,lsnm2024_ddos_udp
2023-12-07 13:28:50.000000000,BENIGN,0,1.0,24.0,0.0,60488000000.0,50000000.0,0.0,0.0,6.0,lsnm2024_ddos_udp
2023-12-07 13:28:51.000000000,BENIGN,0,1.0,24.0,0.0,88168000000.0,50000000.0,0.0,0.0,6.0,lsnm2024_ddos_udp
2023-12-07 13:28:51.000000000,BENIGN,0,1000000.0,25.0,177.0,55886.0,50.0,7.08,0.0,6.0,lsnm2024_ddos_udp
2023-12-07 13:28:52.000000000,BENIGN,0,1.0,26.0,0.0,107152000000.0,50000000.0,0.0,0.0,6.0,lsnm2024_ddos_udp
2023-12-07 13:28:55.000000000,BENIGN,0,1.0,26.0,0.0,52048000000.0,50000000.0,0.0,0.0,6.0,lsnm2024_ddos_udp
2023-12-07 13:28:56.000000000,BENIGN,0,1.0,26.0,0.0,64336000000.0,50000000.0,0.0,0.0,6.0,lsnm2024_ddos_udp
2023-12-07 13:28:56.000000000,BENIGN,0,1.0,26.0,0.0,74352000000.0,50000000.0,0.0,0.0,6.0,lsnm2024_ddos_udp
2023-12-07 13:28:56.000000000,BENIGN,0,1.0,25.0,0.0,61454000000.0,50000000.0,0.0,0.0,6.0,lsnm2024_ddos_udp
2023-12-07 13:28:56.000000000,BENIGN,0,1.0,24.0,0.0,66736000000.0,50000000.0,0.0,0.0,6.0,lsnm2024_ddos_udp
2023-12-07 13:28:57.000000000,BENIGN,0,1.0,27.0,177.0,114491000000.0,50000000.0,6.555555555555555,0.0,6.0,lsnm2024_ddos_udp
2023-12-07 13:28:58.000000000,BENIGN,0,1.0,25.0,0.0,61440000000.0,50000000.0,0.0,0.0,6.0,lsnm2024_ddos_udp
2023-12-07 13:28:58.000000000,BENIGN,0,1.0,24.0,0.0,64584000000.0,50000000.0,0.0,0.0,6.0,lsnm2024_ddos_udp
2023-12-07 13:28:59.000000000,BENIGN,0,1.0,25.0,0.0,61440000000.0,50000000.0,0.0,0.0,6.0,lsnm2024_ddos_udp
2023-12-07 13:28:59.000000000,BENIGN,0,2000000.0,26.0,177.0,46754.0,25.0,6.8076923076923075,0.0,6.0,lsnm2024_ddos_udp
2023-12-07 13:29:01.000000000,BENIGN,0,1.0,25.0,0.0,60240000000.0,50000000.0,0.0,0.0,6.0,lsnm2024_ddos_udp
2023-12-07 13:29:01.000000000,BENIGN,0,1.0,24.0,0.0,62640000000.0,50000000.0,0.0,0.0,6.0,lsnm2024_ddos_udp
2023-12-07 13:29:02.000000000,BENIGN,0,1.0,20.0,0.0,76624000000.0,50000000.0,0.0,0.0,6.0,lsnm2024_ddos_udp
2023-12-07 13:29:02.000000000,BENIGN,0,1.0,22.0,0.0,70832000000.0,50000000.0,0.0,0.0,6.0,lsnm2024_ddos_udp
2023-12-07 13:29:02.000000000,BENIGN,0,1.0,24.0,177.0,71828000000.0,50000000.0,7.375,0.0,6.0,lsnm2024_ddos_udp
2023-12-07 13:29:02.000000000,BENIGN,0,1.0,22.0,0.0,82872000000.0,50000000.0,0.0,0.0,6.0,lsnm2024_ddos_udp
2023-12-07 13:29:03.000000000,BENIGN,0,1.0,20.0,0.0,190808000000.0,50000000.0,0.0,0.0,6.0,lsnm2024_ddos_udp
2023-12-07 13:29:04.000000000,BENIGN,0,1.0,25.0,0.0,101360000000.0,50000000.0,0.0,0.0,6.0,lsnm2024_ddos_udp
2023-12-07 13:29:05.000000000,BENIGN,0,1.0,25.0,0.0,61461000000.0,50000000.0,0.0,0.0,6.0,lsnm2024_ddos_udp
2023-12-07 13:29:08.000000000,BENIGN,0,1.0,24.0,0.0,89214000000.0,50000000.0,0.0,0.0,6.0,lsnm2024_ddos_udp
2023-12-07 13:29:08.000000000,BENIGN,0,1.0,24.0,0.0,66736000000.0,50000000.0,0.0,0.0,6.0,lsnm2024_ddos_udp
2023-12-07 13:29:08.000000000,BENIGN,0,1.0,21.0,0.0,101200000000.0,50000000.0,0.0,0.0,6.0,lsnm2024_ddos_udp
2023-12-07 13:29:08.000000000,BENIGN,0,1.0,21.0,0.0,73976000000.0,50000000.0,0.0,0.0,6.0,lsnm2024_ddos_udp
2023-12-07 13:29:09.000000000,BENIGN,0,1.0,26.0,0.0,64584000000.0,50000000.0,0.0,0.0,6.0,lsnm2024_ddos_udp
2023-12-07 13:29:09.000000000,BENIGN,0,1000000.0,25.0,177.0,110542.0,50.0,7.08,0.0,6.0,lsnm2024_ddos_udp
2023-12-07 13:29:10.000000000,BENIGN,0,1000000.0,24.0,177.0,80476.0,50.0,7.375,0.0,6.0,lsnm2024_ddos_udp
2023-12-07 13:29:13.000000000,BENIGN,0,1000000.0,25.0,0.0,0.0,50.0,0.0,0.0,6.0,lsnm2024_ddos_udp
2023-12-07 13:29:17.000000000,BENIGN,0,1000000.0,32.0,175.0,11053.0,50.0,5.46875,0.0,6.0,lsnm2024_ddos_udp
2023-12-07 13:29:19.000000000,BENIGN,0,1000000.0,26.0,538.0,32188.0,50.0,20.692307692307693,0.0,6.0,lsnm2024_ddos_udp
2023-12-07 13:29:24.000000000,BENIGN,0,1.0,26.0,376.0,46940000000.0,50000000.0,14.461538461538462,0.0,6.0,lsnm2024_ddos_udp
2023-12-07 13:29:25.000000000,BENIGN,0,1.0,26.0,360.0,41247000000.0,50000000.0,13.846153846153847,0.0,6.0,lsnm2024_ddos_udp
2023-12-07 13:29:26.000000000,BENIGN,0,1.0,28.0,543.0,27149000000.0,50000000.0,19.392857142857142,0.0,6.0,lsnm2024_ddos_udp
2023-12-07 13:29:26.000000000,BENIGN,0,1.0,27.0,368.0,54044000000.0,50000000.0,13.62962962962963,0.0,6.0,lsnm2024_ddos_udp
2023-12-07 13:29:26.000000000,BENIGN,0,1000000.0,27.0,409.0,33350.0,50.0,15.148148148148149,0.0,6.0,lsnm2024_ddos_udp
2023-12-07 13:29:29.000000000,BENIGN,0,1000000.0,21.0,209.0,66419.0,50.0,9.952380952380953,0.0,6.0,lsnm2024_ddos_udp
2023-12-07 13:29:32.000000000,BENIGN,0,1.0,26.0,374.0,63178000000.0,50000000.0,14.384615384615385,0.0,6.0,lsnm2024_ddos_udp
2023-12-07 13:29:34.000000000,BENIGN,0,1000000.0,29.0,374.0,46959.0,50.0,12.89655172413793,0.0,6.0,lsnm2024_ddos_udp
2023-12-07 13:29:35.000000000,BENIGN,0,1000000.0,26.0,450.0,22854.0,50.0,17.307692307692307,0.0,6.0,lsnm2024_ddos_udp
2023-12-07 13:29:37.000000000,BENIGN,0,1.0,29.0,606.0,15515000000.0,50000000.0,20.896551724137932,0.0,6.0,lsnm2024_ddos_udp
2023-12-07 13:29:37.000000000,BENIGN,0,1000000.0,28.0,546.0,27373.0,50.0,19.5,0.0,6.0,lsnm2024_ddos_udp
2023-12-07 13:29:39.000000000,BENIGN,0,1000000.0,28.0,536.0,15081.0,50.0,19.142857142857142,0.0,6.0,lsnm2024_ddos_udp
2023-12-07 13:29:40.000000000,BENIGN,0,1000000.0,29.0,555.0,19608.0,50.0,19.137931034482758,0.0,6.0,lsnm2024_ddos_udp
2023-12-07 13:29:42.000000000,BENIGN,0,1.0,25.0,544.0,18851000000.0,50000000.0,21.76,0.0,6.0,lsnm2024_ddos_udp
2023-12-07 13:29:43.000000000,BENIGN,0,1000000.0,28.0,543.0,13676.0,50.0,19.392857142857142,0.0,6.0,lsnm2024_ddos_udp
2023-12-07 13:29:44.000000000,BENIGN,0,1.0,25.0,362.0,33727000000.0,50000000.0,14.48,0.0,6.0,lsnm2024_ddos_udp
2023-12-07 13:29:45.000000000,BENIGN,0,1.0,27.0,186.0,46556000000.0,50000000.0,6.888888888888889,0.0,6.0,lsnm2024_ddos_udp
2023-12-07 13:29:47.000000000,BENIGN,0,1.0,26.0,185.0,27923000000.0,50000000.0,7.115384615384615,0.0,6.0,lsnm2024_ddos_udp
2023-12-07 13:29:48.000000000,BENIGN,0,1.0,25.0,0.0,84576000000.0,50000000.0,0.0,0.0,6.0,lsnm2024_ddos_udp
2023-12-07 13:29:53.000000000,BENIGN,0,1.0,25.0,194.0,38524000000.0,50000000.0,7.76,0.0,6.0,lsnm2024_ddos_udp
2023-12-07 13:29:54.000000000,BENIGN,0,1.0,29.0,383.0,26793000000.0,50000000.0,13.206896551724139,0.0,6.0,lsnm2024_ddos_udp
2023-12-07 13:29:55.000000000,BENIGN,0,1.0,27.0,635.0,20097000000.0,50000000.0,23.51851851851852,0.0,6.0,lsnm2024_ddos_udp
2023-12-07 13:30:01.000000000,BENIGN,0,1000000.0,26.0,570.0,14081.0,50.0,21.923076923076923,0.0,6.0,lsnm2024_ddos_udp
2023-12-07 13:30:02.000000000,BENIGN,0,1000000.0,28.0,847.0,13464.0,50.0,30.25,0.0,6.0,lsnm2024_ddos_udp
2023-12-07 13:30:05.000000000,BENIGN,0,1.0,27.0,789.0,13952000000.0,50000000.0,29.22222222222222,0.0,6.0,lsnm2024_ddos_udp
2023-12-07 13:30:07.000000000,BENIGN,0,1000000.0,26.0,178.0,32710.0,50.0,6.846153846153846,0.0,6.0,lsnm2024_ddos_udp
2023-12-07 13:30:08.000000000,BENIGN,0,1.0,25.0,0.0,40449000000.0,50000000.0,0.0,0.0,6.0,lsnm2024_ddos_udp
2023-12-07 13:30:09.000000000,BENIGN,0,1.0,25.0,177.0,29405000000.0,50000000.0,7.08,0.0,6.0,lsnm2024_ddos_udp
2023-12-07 13:30:13.000000000,BENIGN,0,1.0,24.0,0.0,41219000000.0,50000000.0,0.0,0.0,6.0,lsnm2024_ddos_udp
2023-12-07 13:30:14.000000000,BENIGN,0,1000000.0,25.0,178.0,28239.0,50.0,7.12,0.0,6.0,lsnm2024_ddos_udp
2023-12-07 13:30:17.000000000,BENIGN,0,1.0,28.0,607.0,15554000000.0,50000000.0,21.678571428571427,0.0,6.0,lsnm2024_ddos_udp
2023-12-07 13:30:21.000000000,BENIGN,0,1000000.0,27.0,366.0,34273.0,50.0,13.555555555555555,0.0,6.0,lsnm2024_ddos_udp
2023-12-07 13:30:24.000000000,BENIGN,0,1000000.0,27.0,396.0,27878.0,50.0,14.666666666666666,0.0,6.0,lsnm2024_ddos_udp
2023-12-07 13:30:26.000000000,BENIGN,0,1000000.0,27.0,553.0,17858.0,50.0,20.48148148148148,0.0,6.0,lsnm2024_ddos_udp
2023-12-07 13:30:27.000000000,BENIGN,0,1.0,25.0,182.0,39725000000.0,50000000.0,7.28,0.0,6.0,lsnm2024_ddos_udp
2023-12-07 13:30:28.000000000,BENIGN,0,1000000.0,24.0,0.0,59031.0,50.0,0.0,0.0,6.0,lsnm2024_ddos_udp
2023-12-07 13:30:28.000000000,BENIGN,0,1.0,26.0,188.0,45799000000.0,50000000.0,7.230769230769231,0.0,6.0,lsnm2024_ddos_udp
2023-12-07 13:30:28.000000000,BENIGN,0,1.0,29.0,413.0,21567000000.0,50000000.0,14.241379310344827,0.0,6.0,lsnm2024_ddos_udp
2023-12-07 13:30:31.000000000,BENIGN,0,1.0,28.0,374.0,48300000000.0,50000000.0,13.357142857142858,0.0,6.0,lsnm2024_ddos_udp
2023-12-07 13:30:31.000000000,BENIGN,0,1.0,27.0,374.0,44228000000.0,50000000.0,13.851851851851851,0.0,6.0,lsnm2024_ddos_udp
2023-12-07 13:30:32.000000000,BENIGN,0,1000000.0,28.0,425.0,37246.0,50.0,15.178571428571429,0.0,6.0,lsnm2024_ddos_udp
2023-12-07 13:30:32.000000000,BENIGN,0,1.0,27.0,641.0,41252000000.0,50000000.0,23.74074074074074,0.0,6.0,lsnm2024_ddos_udp
2023-12-07 13:30:37.000000000,BENIGN,0,1.0,27.0,404.0,29903000000.0,50000000.0,14.962962962962964,0.0,6.0,lsnm2024_ddos_udp
2023-12-07 13:30:37.000000000,BENIGN,0,1.0,28.0,426.0,31051000000.0,50000000.0,15.214285714285714,0.0,6.0,lsnm2024_ddos_udp
2023-12-07 13:30:38.000000000,BENIGN,0,1.0,21.0,0.0,123656000000.0,50000000.0,0.0,0.0,6.0,lsnm2024_ddos_udp
2023-12-07 13:30:38.000000000,BENIGN,0,1.0,24.0,0.0,121455000000.0,50000000.0,0.0,0.0,6.0,lsnm2024_ddos_udp
2023-12-07 13:30:39.000000000,BENIGN,0,1.0,23.0,0.0,95391000000.0,50000000.0,0.0,0.0,6.0,lsnm2024_ddos_udp
2023-12-07 13:30:40.000000000,BENIGN,0,1.0,25.0,0.0,67879000000.0,50000000.0,0.0,0.0,6.0,lsnm2024_ddos_udp
2023-12-07 13:30:40.000000000,BENIGN,0,1.0,23.0,0.0,113520000000.0,50000000.0,0.0,0.0,6.0,lsnm2024_ddos_udp
2023-12-07 13:30:41.000000000,BENIGN,0,1.0,20.0,0.0,101183000000.0,50000000.0,0.0,0.0,6.0,lsnm2024_ddos_udp
2023-12-07 13:30:42.000000000,BENIGN,0,1.0,21.0,0.0,94696000000.0,50000000.0,0.0,0.0,6.0,lsnm2024_ddos_udp
2023-12-07 13:30:43.000000000,BENIGN,0,1.0,29.0,0.0,128000000000.0,50000000.0,0.0,0.0,6.0,lsnm2024_ddos_udp
2023-12-07 13:30:46.000000000,BENIGN,0,1.0,25.0,0.0,104832000000.0,50000000.0,0.0,0.0,6.0,lsnm2024_ddos_udp
2023-12-07 13:30:46.000000000,BENIGN,0,1000000.0,24.0,187.0,79993.0,50.0,7.791666666666667,0.0,6.0,lsnm2024_ddos_udp
2023-12-07 13:30:47.000000000,BENIGN,0,1.0,23.0,0.0,106975000000.0,50000000.0,0.0,0.0,6.0,lsnm2024_ddos_udp
2023-12-07 13:30:48.000000000,BENIGN,0,1.0,26.0,0.0,70080000000.0,50000000.0,0.0,0.0,6.0,lsnm2024_ddos_udp
2023-12-07 13:30:49.000000000,BENIGN,0,1.0,22.0,0.0,96144000000.0,50000000.0,0.0,0.0,6.0,lsnm2024_ddos_udp
2023-12-07 13:30:51.000000000,BENIGN,0,1.0,24.0,0.0,82536000000.0,50000000.0,0.0,0.0,6.0,lsnm2024_ddos_udp
2023-12-07 13:30:51.000000000,BENIGN,0,1.0,22.0,0.0,110624000000.0,50000000.0,0.0,0.0,6.0,lsnm2024_ddos_udp
2023-12-07 13:30:51.000000000,BENIGN,0,1.0,23.0,0.0,88151000000.0,50000000.0,0.0,0.0,6.0,lsnm2024_ddos_udp
2023-12-07 13:30:53.000000000,BENIGN,0,1000000.0,26.0,187.0,48401.0,50.0,7.1923076923076925,0.0,6.0,lsnm2024_ddos_udp
2023-12-07 13:30:54.000000000,BENIGN,0,1.0,27.0,0.0,67184000000.0,50000000.0,0.0,0.0,6.0,lsnm2024_ddos_udp
2023-12-07 13:30:55.000000000,BENIGN,0,1.0,24.0,0.0,75290000000.0,50000000.0,0.0,0.0,6.0,lsnm2024_ddos_udp
2023-12-07 13:30:56.000000000,BENIGN,0,1.0,23.0,0.0,122208000000.0,50000000.0,0.0,0.0,6.0,lsnm2024_ddos_udp
2023-12-07 13:30:56.000000000,BENIGN,0,1000000.0,25.0,0.0,123656.0,50.0,0.0,0.0,6.0,lsnm2024_ddos_udp
2023-12-07 13:30:57.000000000,BENIGN,0,1000000.0,23.0,0.0,122208.0,50.0,0.0,0.0,6.0,lsnm2024_ddos_udp
2023-12-07 13:30:57.000000000,BENIGN,0,1.0,24.0,0.0,111496000000.0,50000000.0,0.0,0.0,6.0,lsnm2024_ddos_udp
2023-12-07 13:31:01.000000000,BENIGN,0,1.0,23.0,0.0,103384000000.0,50000000.0,0.0,0.0,6.0,lsnm2024_ddos_udp
2023-12-07 13:31:02.000000000,BENIGN,0,1.0,23.0,0.0,200976000000.0,50000000.0,0.0,0.0,6.0,lsnm2024_ddos_udp
2023-12-07 13:31:02.000000000,BENIGN,0,1000000.0,24.0,187.0,76169.0,50.0,7.791666666666667,0.0,6.0,lsnm2024_ddos_udp
2023-12-07 13:31:02.000000000,BENIGN,0,1.0,23.0,187.0,64585000000.0,50000000.0,8.130434782608695,0.0,6.0,lsnm2024_ddos_udp
2023-12-07 13:31:04.000000000,BENIGN,0,1.0,25.0,0.0,65736000000.0,50000000.0,0.0,0.0,6.0,lsnm2024_ddos_udp
2023-12-07 13:31:04.000000000,BENIGN,0,1.0,22.0,0.0,113520000000.0,50000000.0,0.0,0.0,6.0,lsnm2024_ddos_udp
2023-12-07 13:31:05.000000000,BENIGN,0,1000000.0,27.0,187.0,80617.0,50.0,6.925925925925926,0.0,6.0,lsnm2024_ddos_udp
2023-12-07 13:31:05.000000000,BENIGN,0,1.0,25.0,0.0,102631000000.0,50000000.0,0.0,0.0,6.0,lsnm2024_ddos_udp
2023-12-07 13:31:05.000000000,BENIGN,0,1.0,29.0,0.0,181889000000.0,50000000.0,0.0,0.0,6.0,lsnm2024_ddos_udp
2023-12-07 13:31:08.000000000,BENIGN,0,1.0,26.0,0.0,102631000000.0,50000000.0,0.0,0.0,6.0,lsnm2024_ddos_udp
2023-12-07 13:31:09.000000000,BENIGN,0,1.0,25.0,0.0,109328000000.0,50000000.0,0.0,0.0,6.0,lsnm2024_ddos_udp
2023-12-07 13:31:09.000000000,BENIGN,0,1.0,19.0,0.0,125799000000.0,50000000.0,0.0,0.0,6.0,lsnm2024_ddos_udp
2023-12-07 13:31:10.000000000,BENIGN,0,1.0,22.0,0.0,133792000000.0,50000000.0,0.0,0.0,6.0,lsnm2024_ddos_udp
2023-12-07 13:31:11.000000000,BENIGN,0,1.0,16.0,0.0,120760000000.0,50000000.0,0.0,0.0,6.0,lsnm2024_ddos_udp
2023-12-07 13:31:12.000000000,BENIGN,0,1000000.0,22.0,187.0,75897.0,50.0,8.5,0.0,6.0,lsnm2024_ddos_udp
2023-12-07 13:31:13.000000000,BENIGN,0,1000000.0,24.0,187.0,72753.0,50.0,7.791666666666667,0.0,6.0,lsnm2024_ddos_udp
2023-12-07 13:31:15.000000000,BENIGN,0,1.0,24.0,0.0,107880000000.0,50000000.0,0.0,0.0,6.0,lsnm2024_ddos_udp
2023-12-07 13:31:17.000000000,BENIGN,0,1.0,21.0,0.0,103384000000.0,50000000.0,0.0,0.0,6.0,lsnm2024_ddos_udp
2023-12-07 13:31:19.000000000,BENIGN,0,1.0,22.0,0.0,104832000000.0,50000000.0,0.0,0.0,6.0,lsnm2024_ddos_udp
2023-12-07 13:31:19.000000000,BENIGN,0,1.0,26.0,0.0,112944000000.0,50000000.0,0.0,0.0,6.0,lsnm2024_ddos_udp
2023-12-07 13:31:20.000000000,BENIGN,0,1.0,25.0,0.0,93248000000.0,50000000.0,0.0,0.0,6.0,lsnm2024_ddos_udp
2023-12-07 13:31:21.000000000,BENIGN,0,1.0,23.0,0.0,126552000000.0,50000000.0,0.0,0.0,6.0,lsnm2024_ddos_udp
2023-12-07 13:31:22.000000000,BENIGN,0,1000000.0,23.0,0.0,125104.0,50.0,0.0,0.0,6.0,lsnm2024_ddos_udp
2023-12-07 13:31:23.000000000,BENIGN,0,1000000.0,26.0,0.0,74424.0,50.0,0.0,0.0,6.0,lsnm2024_ddos_udp
2023-12-07 13:31:24.000000000,BENIGN,0,1.0,16.0,0.0,149720000000.0,50000000.0,0.0,0.0,6.0,lsnm2024_ddos_udp
2023-12-07 13:31:24.000000000,BENIGN,0,1.0,26.0,0.0,85255000000.0,50000000.0,0.0,0.0,6.0,lsnm2024_ddos_udp
2023-12-07 13:31:25.000000000,BENIGN,0,1.0,22.0,0.0,114968000000.0,50000000.0,0.0,0.0,6.0,lsnm2024_ddos_udp
2023-12-07 13:31:26.000000000,BENIGN,0,1.0,24.0,0.0,91800000000.0,50000000.0,0.0,0.0,6.0,lsnm2024_ddos_udp
2023-12-07 13:31:29.000000000,BENIGN,0,1.0,24.0,0.0,78768000000.0,50000000.0,0.0,0.0,6.0,lsnm2024_ddos_udp
2023-12-07 13:31:29.000000000,BENIGN,0,1.0,26.0,0.0,136249000000.0,50000000.0,0.0,0.0,6.0,lsnm2024_ddos_udp
2023-12-07 13:31:30.000000000,BENIGN,0,1.0,23.0,0.0,125799000000.0,50000000.0,0.0,0.0,6.0,lsnm2024_ddos_udp
2023-12-07 13:31:31.000000000,BENIGN,0,1.0,24.0,0.0,122903000000.0,50000000.0,0.0,0.0,6.0,lsnm2024_ddos_udp
2023-12-07 13:31:32.000000000,BENIGN,0,1.0,24.0,0.0,88175000000.0,50000000.0,0.0,0.0,6.0,lsnm2024_ddos_udp
2023-12-07 13:31:33.000000000,BENIGN,0,1.0,23.0,0.0,106975000000.0,50000000.0,0.0,0.0,6.0,lsnm2024_ddos_udp
2023-12-07 13:31:33.000000000,BENIGN,0,1.0,23.0,0.0,106280000000.0,50000000.0,0.0,0.0,6.0,lsnm2024_ddos_udp
2023-12-07 13:31:36.000000000,BENIGN,0,1.0,22.0,0.0,109088000000.0,50000000.0,0.0,0.0,6.0,lsnm2024_ddos_udp
2023-12-07 13:31:37.000000000,BENIGN,0,1.0,24.0,0.0,75872000000.0,50000000.0,0.0,0.0,6.0,lsnm2024_ddos_udp
2023-12-07 13:31:39.000000000,BENIGN,0,1000000.0,25.0,187.0,104138.0,50.0,7.48,0.0,6.0,lsnm2024_ddos_udp
2023-12-07 13:31:39.000000000,BENIGN,0,1.0,25.0,0.0,68632000000.0,50000000.0,0.0,0.0,6.0,lsnm2024_ddos_udp
2023-12-07 13:31:39.000000000,BENIGN,0,1.0,22.0,0.0,110048000000.0,50000000.0,0.0,0.0,6.0,lsnm2024_ddos_udp
2023-12-07 13:31:40.000000000,BENIGN,0,1.0,26.0,0.0,89599000000.0,50000000.0,0.0,0.0,6.0,lsnm2024_ddos_udp
2023-12-07 13:31:42.000000000,BENIGN,0,1.0,23.0,0.0,112159000000.0,50000000.0,0.0,0.0,6.0,lsnm2024_ddos_udp
2023-12-07 13:31:42.000000000,BENIGN,0,1.0,25.0,0.0,106280000000.0,50000000.0,0.0,0.0,6.0,lsnm2024_ddos_udp
2023-12-07 13:31:43.000000000,BENIGN,0,1.0,23.0,0.0,116416000000.0,50000000.0,0.0,0.0,6.0,lsnm2024_ddos_udp
2023-12-07 13:31:44.000000000,BENIGN,0,1.0,23.0,0.0,126552000000.0,50000000.0,0.0,0.0,6.0,lsnm2024_ddos_udp
2023-12-07 13:31:44.000000000,BENIGN,0,1.0,23.0,0.0,130078000000.0,50000000.0,0.0,0.0,6.0,lsnm2024_ddos_udp
2023-12-07 13:31:45.000000000,BENIGN,0,1.0,25.0,0.0,99735000000.0,50000000.0,0.0,0.0,6.0,lsnm2024_ddos_udp
2023-12-07 13:31:47.000000000,BENIGN,0,1.0,22.0,0.0,124522000000.0,50000000.0,0.0,0.0,6.0,lsnm2024_ddos_udp
2023-12-07 13:31:48.000000000,BENIGN,0,1.0,25.0,0.0,91800000000.0,50000000.0,0.0,0.0,6.0,lsnm2024_ddos_udp
2023-12-07 13:31:51.000000000,BENIGN,0,1.0,27.0,0.0,113912000000.0,50000000.0,0.0,0.0,6.0,lsnm2024_ddos_udp
2023-12-07 13:31:53.000000000,BENIGN,0,1.0,24.0,0.0,111016000000.0,50000000.0,0.0,0.0,6.0,lsnm2024_ddos_udp
2023-12-07 13:31:54.000000000,BENIGN,0,1.0,23.0,0.0,101936000000.0,50000000.0,0.0,0.0,6.0,lsnm2024_ddos_udp
2023-12-07 13:31:55.000000000,BENIGN,0,1000000.0,24.0,187.0,102705.0,50.0,7.791666666666667,0.0,6.0,lsnm2024_ddos_udp
2023-12-07 13:31:56.000000000,BENIGN,0,1.0,23.0,0.0,131591000000.0,50000000.0,0.0,0.0,6.0,lsnm2024_ddos_udp
2023-12-07 13:31:58.000000000,BENIGN,0,1.0,20.0,0.0,121455000000.0,50000000.0,0.0,0.0,6.0,lsnm2024_ddos_udp
2023-12-07 13:31:58.000000000,BENIGN,0,1.0,24.0,0.0,110048000000.0,50000000.0,0.0,0.0,6.0,lsnm2024_ddos_udp
2023-12-07 13:31:59.000000000,BENIGN,0,1.0,23.0,0.0,162313000000.0,50000000.0,0.0,0.0,6.0,lsnm2024_ddos_udp
2023-12-07 13:32:00.000000000,BENIGN,0,1.0,20.0,187.0,98250000000.0,50000000.0,9.35,0.0,6.0,lsnm2024_ddos_udp
2023-12-07 13:32:01.000000000,BENIGN,0,1.0,20.0,0.0,148967000000.0,50000000.0,0.0,0.0,6.0,lsnm2024_ddos_udp
2023-12-07 13:32:03.000000000,BENIGN,0,1.0,25.0,187.0,112057000000.0,50000000.0,7.48,0.0,6.0,lsnm2024_ddos_udp
2023-12-07 13:32:03.000000000,BENIGN,0,1000000.0,25.0,187.0,69377.0,50.0,7.48,0.0,6.0,lsnm2024_ddos_udp
2023-12-07 13:32:04.000000000,BENIGN,0,1.0,26.0,0.0,92672000000.0,50000000.0,0.0,0.0,6.0,lsnm2024_ddos_udp
2023-12-07 13:32:05.000000000,BENIGN,0,1.0,23.0,0.0,112767000000.0,50000000.0,0.0,0.0,6.0,lsnm2024_ddos_udp
2023-12-07 13:32:06.000000000,BENIGN,0,1.0,23.0,0.0,107152000000.0,50000000.0,0.0,0.0,6.0,lsnm2024_ddos_udp
2023-12-07 13:32:08.000000000,BENIGN,0,1.0,23.0,0.0,120760000000.0,50000000.0,0.0,0.0,6.0,lsnm2024_ddos_udp
2023-12-07 13:32:09.000000000,BENIGN,0,1.0,24.0,0.0,116416000000.0,50000000.0,0.0,0.0,6.0,lsnm2024_ddos_udp
2023-12-07 13:32:10.000000000,BENIGN,0,1.0,21.0,0.0,135063000000.0,50000000.0,0.0,0.0,6.0,lsnm2024_ddos_udp
2023-12-07 13:32:11.000000000,BENIGN,0,1.0,24.0,0.0,110048000000.0,50000000.0,0.0,0.0,6.0,lsnm2024_ddos_udp
2023-12-07 13:32:12.000000000,BENIGN,0,1.0,26.0,187.0,327114000000.0,50000000.0,7.1923076923076925,0.0,6.0,lsnm2024_ddos_udp
2023-12-07 13:32:14.000000000,BENIGN,0,1000000.0,30.0,187.0,98833.0,50.0,6.233333333333333,0.0,6.0,lsnm2024_ddos_udp
2023-12-07 13:32:14.000000000,BENIGN,0,1.0,23.0,0.0,114392000000.0,50000000.0,0.0,0.0,6.0,lsnm2024_ddos_udp
2023-12-07 13:32:15.000000000,BENIGN,0,1000000.0,23.0,187.0,61417.0,50.0,8.130434782608695,0.0,6.0,lsnm2024_ddos_udp
2023-12-07 13:32:15.000000000,BENIGN,0,1.0,25.0,0.0,120760000000.0,50000000.0,0.0,0.0,6.0,lsnm2024_ddos_udp
2023-12-07 13:32:15.000000000,BENIGN,0,1.0,25.0,0.0,76567000000.0,50000000.0,0.0,0.0,6.0,lsnm2024_ddos_udp
2023-12-07 13:32:16.000000000,BENIGN,0,1.0,21.0,0.0,151863000000.0,50000000.0,0.0,0.0,6.0,lsnm2024_ddos_udp
2023-12-07 13:32:17.000000000,BENIGN,0,1.0,25.0,0.0,110048000000.0,50000000.0,0.0,0.0,6.0,lsnm2024_ddos_udp
2023-12-07 13:32:17.000000000,BENIGN,0,1.0,24.0,187.0,56609000000.0,50000000.0,7.791666666666667,0.0,6.0,lsnm2024_ddos_udp
2023-12-07 13:32:18.000000000,BENIGN,0,1.0,25.0,187.0,116450000000.0,50000000.0,7.48,0.0,6.0,lsnm2024_ddos_udp
2023-12-07 13:32:18.000000000,BENIGN,0,1.0,23.0,0.0,128695000000.0,50000000.0,0.0,0.0,6.0,lsnm2024_ddos_udp
2023-12-07 13:32:19.000000000,BENIGN,0,1000000.0,25.0,187.0,72313.0,50.0,7.48,0.0,6.0,lsnm2024_ddos_udp
2023-12-07 13:32:19.000000000,BENIGN,0,1.0,26.0,0.0,97592000000.0,50000000.0,0.0,0.0,6.0,lsnm2024_ddos_udp
2023-12-07 13:32:21.000000000,BENIGN,0,1000000.0,27.0,187.0,52009.0,50.0,6.925925925925926,0.0,6.0,lsnm2024_ddos_udp
2023-12-07 13:32:21.000000000,BENIGN,0,1.0,25.0,0.0,101936000000.0,50000000.0,0.0,0.0,6.0,lsnm2024_ddos_udp
2023-12-07 13:32:22.000000000,BENIGN,0,1.0,24.0,0.0,67184000000.0,50000000.0,0.0,0.0,6.0,lsnm2024_ddos_udp
2023-12-07 13:32:23.000000000,BENIGN,0,1.0,25.0,0.0,105527000000.0,50000000.0,0.0,0.0,6.0,lsnm2024_ddos_udp
2023-12-07 13:32:25.000000000,BENIGN,0,1.0,21.0,0.0,109871000000.0,50000000.0,0.0,0.0,6.0,lsnm2024_ddos_udp
2023-12-07 13:32:26.000000000,BENIGN,0,1.0,25.0,0.0,68632000000.0,50000000.0,0.0,0.0,6.0,lsnm2024_ddos_udp
2023-12-07 13:32:26.000000000,BENIGN,0,1000000.0,22.0,187.0,73953.0,50.0,8.5,0.0,6.0,lsnm2024_ddos_udp
2023-12-07 13:32:30.000000000,BENIGN,0,1000000.0,31.0,187.0,76721.0,50.0,6.032258064516129,0.0,6.0,lsnm2024_ddos_udp
2023-12-07 13:32:31.000000000,BENIGN,0,1.0,24.0,0.0,125799000000.0,50000000.0,0.0,0.0,6.0,lsnm2024_ddos_udp
2023-12-07 13:32:31.000000000,BENIGN,0,1.0,24.0,0.0,118559000000.0,50000000.0,0.0,0.0,6.0,lsnm2024_ddos_udp
2023-12-07 13:32:32.000000000,BENIGN,0,1.0,23.0,0.0,74424000000.0,50000000.0,0.0,0.0,6.0,lsnm2024_ddos_udp
2023-12-07 13:32:35.000000000,BENIGN,0,1.0,36.0,0.0,152439000000.0,50000000.0,0.0,0.0,6.0,lsnm2024_ddos_udp
2023-12-07 13:32:36.000000000,BENIGN,0,1000000.0,24.0,187.0,80105.0,50.0,7.791666666666667,0.0,6.0,lsnm2024_ddos_udp
2023-12-07 13:32:36.000000000,BENIGN,0,1.0,24.0,0.0,113520000000.0,50000000.0,0.0,0.0,6.0,lsnm2024_ddos_udp
2023-12-07 13:32:38.000000000,BENIGN,0,1.0,24.0,0.0,88904000000.0,50000000.0,0.0,0.0,6.0,lsnm2024_ddos_udp
2023-12-07 13:32:40.000000000,BENIGN,0,1.0,22.0,0.0,114968000000.0,50000000.0,0.0,0.0,6.0,lsnm2024_ddos_udp
2023-12-07 13:32:40.000000000,BENIGN,0,1.0,21.0,0.0,95391000000.0,50000000.0,0.0,0.0,6.0,lsnm2024_ddos_udp
2023-12-07 13:32:41.000000000,BENIGN,0,1.0,27.0,0.0,117536000000.0,50000000.0,0.0,0.0,6.0,lsnm2024_ddos_udp
2023-12-07 13:32:42.000000000,BENIGN,0,1000000.0,23.0,187.0,97473.0,50.0,8.130434782608695,0.0,6.0,lsnm2024_ddos_udp
2023-12-07 13:32:42.000000000,BENIGN,0,1.0,21.0,0.0,140855000000.0,50000000.0,0.0,0.0,6.0,lsnm2024_ddos_udp
2023-12-07 13:32:44.000000000,BENIGN,0,1000000.0,26.0,187.0,66993.0,50.0,7.1923076923076925,0.0,6.0,lsnm2024_ddos_udp
2023-12-07 13:32:44.000000000,BENIGN,0,1.0,23.0,0.0,122208000000.0,50000000.0,0.0,0.0,6.0,lsnm2024_ddos_udp
2023-12-07 13:32:45.000000000,BENIGN,0,1.0,27.0,0.0,134487000000.0,50000000.0,0.0,0.0,6.0,lsnm2024_ddos_udp
2023-12-07 13:32:46.000000000,BENIGN,0,1.0,31.0,0.0,94696000000.0,50000000.0,0.0,0.0,6.0,lsnm2024_ddos_udp
2023-12-07 13:32:46.000000000,BENIGN,0,1.0,24.0,0.0,92680000000.0,50000000.0,0.0,0.0,6.0,lsnm2024_ddos_udp
2023-12-07 13:32:47.000000000,BENIGN,0,1.0,23.0,0.0,110056000000.0,50000000.0,0.0,0.0,6.0,lsnm2024_ddos_udp
2023-12-07 13:32:48.000000000,BENIGN,0,1000000.0,29.0,187.0,116913.0,50.0,6.448275862068965,0.0,6.0,lsnm2024_ddos_udp
2023-12-07 13:32:50.000000000,BENIGN,0,1.0,20.0,0.0,106975000000.0,50000000.0,0.0,0.0,6.0,lsnm2024_ddos_udp
2023-12-07 13:32:51.000000000,BENIGN,0,1.0,24.0,0.0,74424000000.0,50000000.0,0.0,0.0,6.0,lsnm2024_ddos_udp
2023-12-07 13:32:52.000000000,BENIGN,0,1.0,26.0,0.0,93248000000.0,50000000.0,0.0,0.0,6.0,lsnm2024_ddos_udp
2023-12-07 13:32:55.000000000,BENIGN,0,1.0,24.0,0.0,110624000000.0,50000000.0,0.0,0.0,6.0,lsnm2024_ddos_udp
2023-12-07 13:32:55.000000000,BENIGN,0,1.0,24.0,0.0,70080000000.0,50000000.0,0.0,0.0,6.0,lsnm2024_ddos_udp
2023-12-07 13:32:57.000000000,BENIGN,0,1.0,23.0,0.0,132344000000.0,50000000.0,0.0,0.0,6.0,lsnm2024_ddos_udp
2023-12-07 13:32:58.000000000,BENIGN,0,1000000.0,24.0,0.0,68279.0,50.0,0.0,0.0,6.0,lsnm2024_ddos_udp
2023-12-07 13:33:00.000000000,BENIGN,0,1.0,26.0,0.0,97592000000.0,50000000.0,0.0,0.0,6.0,lsnm2024_ddos_udp
2023-12-07 13:33:00.000000000,BENIGN,0,1.0,27.0,0.0,99040000000.0,50000000.0,0.0,0.0,6.0,lsnm2024_ddos_udp
2023-12-07 13:33:04.000000000,BENIGN,0,1000000.0,25.0,0.0,65631.0,50.0,0.0,0.0,6.0,lsnm2024_ddos_udp
2023-12-07 13:33:09.000000000,BENIGN,0,1.0,39.0,0.0,138136000000.0,50000000.0,0.0,0.0,6.0,lsnm2024_ddos_udp
2023-12-07 13:33:10.000000000,BENIGN,0,1.0,20.0,0.0,131591000000.0,50000000.0,0.0,0.0,6.0,lsnm2024_ddos_udp
2023-12-07 13:33:11.000000000,BENIGN,0,1.0,19.0,0.0,123656000000.0,50000000.0,0.0,0.0,6.0,lsnm2024_ddos_udp
2023-12-07 13:33:12.000000000,BENIGN,0,1000000.0,25.0,187.0,71313.0,50.0,7.48,0.0,6.0,lsnm2024_ddos_udp
2023-12-07 13:33:14.000000000,BENIGN,0,1000000.0,28.0,0.0,106663.0,50.0,0.0,0.0,6.0,lsnm2024_ddos_udp
2023-12-07 13:33:15.000000000,BENIGN,0,1.0,25.0,0.0,106280000000.0,50000000.0,0.0,0.0,6.0,lsnm2024_ddos_udp
2023-12-07 13:33:17.000000000,BENIGN,0,1.0,23.0,0.0,195480000000.0,50000000.0,0.0,0.0,6.0,lsnm2024_ddos_udp
2023-12-07 13:33:17.000000000,BENIGN,0,1.0,18.0,0.0,120007000000.0,50000000.0,0.0,0.0,6.0,lsnm2024_ddos_udp
2023-12-07 13:33:18.000000000,BENIGN,0,1.0,19.0,0.0,123656000000.0,50000000.0,0.0,0.0,6.0,lsnm2024_ddos_udp
2023-12-07 13:33:18.000000000,BENIGN,0,1.0,25.0,0.0,111016000000.0,50000000.0,0.0,0.0,6.0,lsnm2024_ddos_udp
2023-12-07 13:33:18.000000000,BENIGN,0,1.0,22.0,0.0,96839000000.0,50000000.0,0.0,0.0,6.0,lsnm2024_ddos_udp
2023-12-07 13:33:19.000000000,BENIGN,0,1.0,22.0,187.0,65513000000.0,50000000.0,8.5,0.0,6.0,lsnm2024_ddos_udp
2023-12-07 13:33:19.000000000,BENIGN,0,1.0,22.0,0.0,113520000000.0,50000000.0,0.0,0.0,6.0,lsnm2024_ddos_udp
2023-12-07 13:33:21.000000000,BENIGN,0,1.0,23.0,0.0,68632000000.0,50000000.0,0.0,0.0,6.0,lsnm2024_ddos_udp
2023-12-07 13:33:21.000000000,BENIGN,0,1.0,24.0,0.0,127247000000.0,50000000.0,0.0,0.0,6.0,lsnm2024_ddos_udp
2023-12-07 13:33:22.000000000,BENIGN,0,1.0,20.0,0.0,151168000000.0,50000000.0,0.0,0.0,6.0,lsnm2024_ddos_udp
2023-12-07 13:33:23.000000000,BENIGN,0,1000000.0,25.0,187.0,87001.0,50.0,7.48,0.0,6.0,lsnm2024_ddos_udp
2023-12-07 13:33:24.000000000,BENIGN,0,1000000.0,29.0,187.0,143233.0,50.0,6.448275862068965,0.0,6.0,lsnm2024_ddos_udp
2023-12-07 13:33:24.000000000,BENIGN,0,1.0,35.0,0.0,139584000000.0,50000000.0,0.0,0.0,6.0,lsnm2024_ddos_udp
2023-12-07 13:33:30.000000000,BENIGN,0,1.0,24.0,0.0,86008000000.0,50000000.0,0.0,0.0,6.0,lsnm2024_ddos_udp
2023-12-07 13:33:31.000000000,BENIGN,0,1.0,24.0,0.0,109176000000.0,50000000.0,0.0,0.0,6.0,lsnm2024_ddos_udp
2023-12-07 13:33:31.000000000,BENIGN,0,1.0,20.0,0.0,123080000000.0,50000000.0,0.0,0.0,6.0,lsnm2024_ddos_udp
2023-12-07 13:33:32.000000000,BENIGN,0,1.0,26.0,0.0,84560000000.0,50000000.0,0.0,0.0,6.0,lsnm2024_ddos_udp
2023-12-07 13:33:33.000000000,BENIGN,0,1.0,24.0,0.0,130896000000.0,50000000.0,0.0,0.0,6.0,lsnm2024_ddos_udp
2023-12-07 13:33:33.000000000,BENIGN,0,1000000.0,20.0,187.0,85289.0,50.0,9.35,0.0,6.0,lsnm2024_ddos_udp
2023-12-07 13:33:34.000000000,BENIGN,0,1000000.0,25.0,187.0,72769.0,50.0,7.48,0.0,6.0,lsnm2024_ddos_udp
2023-12-07 13:33:34.000000000,BENIGN,0,1.0,26.0,0.0,109328000000.0,50000000.0,0.0,0.0,6.0,lsnm2024_ddos_udp
2023-12-07 13:33:35.000000000,BENIGN,0,1000000.0,23.0,187.0,68897.0,50.0,8.130434782608695,0.0,6.0,lsnm2024_ddos_udp
2023-12-07 13:33:36.000000000,BENIGN,0,1.0,28.0,0.0,117111000000.0,50000000.0,0.0,0.0,6.0,lsnm2024_ddos_udp
2023-12-07 13:33:39.000000000,BENIGN,0,1.0,27.0,0.0,108423000000.0,50000000.0,0.0,0.0,6.0,lsnm2024_ddos_udp
2023-12-07 13:33:39.000000000,BENIGN,0,1000000.0,24.0,187.0,108953.0,50.0,7.791666666666667,0.0,6.0,lsnm2024_ddos_udp
2023-12-07 13:33:40.000000000,BENIGN,0,1.0,23.0,0.0,122903000000.0,50000000.0,0.0,0.0,6.0,lsnm2024_ddos_udp
2023-12-07 13:33:40.000000000,BENIGN,0,1000000.0,24.0,187.0,79985.0,50.0,7.791666666666667,0.0,6.0,lsnm2024_ddos_udp
2023-12-07 13:33:41.000000000,BENIGN,0,1.0,22.0,0.0,133792000000.0,50000000.0,0.0,0.0,6.0,lsnm2024_ddos_udp
2023-12-07 13:33:42.000000000,BENIGN,0,1.0,22.0,0.0,110624000000.0,50000000.0,0.0,0.0,6.0,lsnm2024_ddos_udp
2023-12-07 13:33:43.000000000,BENIGN,0,1.0,21.0,0.0,140279000000.0,50000000.0,0.0,0.0,6.0,lsnm2024_ddos_udp
2023-12-07 13:33:43.000000000,BENIGN,0,1000000.0,21.0,187.0,89913.0,50.0,8.904761904761905,0.0,6.0,lsnm2024_ddos_udp
2023-12-07 13:33:45.000000000,BENIGN,0,1.0,24.0,0.0,125799000000.0,50000000.0,0.0,0.0,6.0,lsnm2024_ddos_udp
2023-12-07 13:33:46.000000000,BENIGN,0,1.0,24.0,0.0,67184000000.0,50000000.0,0.0,0.0,6.0,lsnm2024_ddos_udp
2023-12-07 13:33:46.000000000,BENIGN,0,1.0,24.0,0.0,114968000000.0,50000000.0,0.0,0.0,6.0,lsnm2024_ddos_udp
2023-12-07 13:33:48.000000000,BENIGN,0,1.0,27.0,0.0,74424000000.0,50000000.0,0.0,0.0,6.0,lsnm2024_ddos_udp
2023-12-07 13:33:48.000000000,BENIGN,0,1000000.0,26.0,187.0,59489.0,50.0,7.1923076923076925,0.0,6.0,lsnm2024_ddos_udp
2023-12-07 13:33:49.000000000,BENIGN,0,1000000.0,20.0,187.0,115233.0,50.0,9.35,0.0,6.0,lsnm2024_ddos_udp
2023-12-07 13:33:49.000000000,BENIGN,0,1.0,24.0,0.0,103384000000.0,50000000.0,0.0,0.0,6.0,lsnm2024_ddos_udp
2023-12-07 13:33:49.000000000,BENIGN,0,1.0,24.0,0.0,83112000000.0,50000000.0,0.0,0.0,6.0,lsnm2024_ddos_udp
2023-12-07 13:33:50.000000000,BENIGN,0,1.0,23.0,0.0,112944000000.0,50000000.0,0.0,0.0,6.0,lsnm2024_ddos_udp
2023-12-07 13:33:50.000000000,BENIGN,0,1.0,24.0,0.0,74424000000.0,50000000.0,0.0,0.0,6.0,lsnm2024_ddos_udp
2023-12-07 13:33:52.000000000,BENIGN,0,1.0,25.0,0.0,119312000000.0,50000000.0,0.0,0.0,6.0,lsnm2024_ddos_udp
2023-12-07 13:33:53.000000000,BENIGN,0,1000000.0,26.0,187.0,110897.0,50.0,7.1923076923076925,0.0,6.0,lsnm2024_ddos_udp
2023-12-07 13:33:55.000000000,BENIGN,0,1.0,28.0,0.0,209960000000.0,50000000.0,0.0,0.0,6.0,lsnm2024_ddos_udp
2023-12-07 13:33:56.000000000,BENIGN,0,1.0,21.0,0.0,84560000000.0,50000000.0,0.0,0.0,6.0,lsnm2024_ddos_udp
2023-12-07 13:33:59.000000000,BENIGN,0,1.0,19.0,0.0,135816000000.0,50000000.0,0.0,0.0,6.0,lsnm2024_ddos_udp
2023-12-07 13:34:02.000000000,BENIGN,0,1.0,24.0,0.0,131009000000.0,50000000.0,0.0,0.0,6.0,lsnm2024_ddos_udp
2023-12-07 13:34:02.000000000,BENIGN,0,1.0,24.0,0.0,111016000000.0,50000000.0,0.0,0.0,6.0,lsnm2024_ddos_udp
2023-12-07 13:34:05.000000000,BENIGN,0,1.0,20.0,0.0,159856000000.0,50000000.0,0.0,0.0,6.0,lsnm2024_ddos_udp
2023-12-07 13:34:06.000000000,BENIGN,0,1.0,20.0,0.0,117864000000.0,50000000.0,0.0,0.0,6.0,lsnm2024_ddos_udp
2023-12-07 13:34:07.000000000,BENIGN,0,1.0,25.0,0.0,112944000000.0,50000000.0,0.0,0.0,6.0,lsnm2024_ddos_udp
2023-12-07 13:34:07.000000000,BENIGN,0,1.0,25.0,0.0,124111000000.0,50000000.0,0.0,0.0,6.0,lsnm2024_ddos_udp
2023-12-07 13:34:08.000000000,BENIGN,0,1.0,27.0,0.0,110624000000.0,50000000.0,0.0,0.0,6.0,lsnm2024_ddos_udp
2023-12-07 13:34:09.000000000,BENIGN,0,1.0,28.0,187.0,130929000000.0,50000000.0,6.678571428571429,0.0,6.0,lsnm2024_ddos_udp
2023-12-07 13:34:09.000000000,BENIGN,0,1.0,23.0,0.0,108600000000.0,50000000.0,0.0,0.0,6.0,lsnm2024_ddos_udp
2023-12-07 13:34:09.000000000,BENIGN,0,1.0,24.0,0.0,114968000000.0,50000000.0,0.0,0.0,6.0,lsnm2024_ddos_udp
2023-12-07 13:34:10.000000000,BENIGN,0,1.0,21.0,0.0,102631000000.0,50000000.0,0.0,0.0,6.0,lsnm2024_ddos_udp
2023-12-07 13:34:11.000000000,BENIGN,0,1000000.0,20.0,187.0,150865.0,50.0,9.35,0.0,6.0,lsnm2024_ddos_udp
2023-12-07 13:34:12.000000000,BENIGN,0,1.0,23.0,0.0,108600000000.0,50000000.0,0.0,0.0,6.0,lsnm2024_ddos_udp
2023-12-07 13:34:14.000000000,BENIGN,0,1.0,29.0,0.0,136513000000.0,50000000.0,0.0,0.0,6.0,lsnm2024_ddos_udp
2023-12-07 13:34:15.000000000,BENIGN,0,1.0,30.0,0.0,174912000000.0,50000000.0,0.0,0.0,6.0,lsnm2024_ddos_udp
2023-12-07 13:34:15.000000000,BENIGN,0,1.0,26.0,0.0,128695000000.0,50000000.0,0.0,0.0,6.0,lsnm2024_ddos_udp
2023-12-07 13:34:15.000000000,BENIGN,0,1.0,30.0,0.0,116088000000.0,50000000.0,0.0,0.0,6.0,lsnm2024_ddos_udp
2023-12-07 13:34:17.000000000,BENIGN,0,1000000.0,27.0,187.0,100529.0,50.0,6.925925925925926,0.0,6.0,lsnm2024_ddos_udp
2023-12-07 13:34:17.000000000,BENIGN,0,1.0,25.0,0.0,67184000000.0,50000000.0,0.0,0.0,6.0,lsnm2024_ddos_udp
2023-12-07 13:34:18.000000000,BENIGN,0,1.0,17.0,0.0,141032000000.0,50000000.0,0.0,0.0,6.0,lsnm2024_ddos_udp
2023-12-07 13:34:19.000000000,BENIGN,0,1000000.0,26.0,187.0,84265.0,50.0,7.1923076923076925,0.0,6.0,lsnm2024_ddos_udp
2023-12-07 13:34:20.000000000,BENIGN,0,1000000.0,20.0,187.0,89873.0,50.0,9.35,0.0,6.0,lsnm2024_ddos_udp
2023-12-07 13:34:20.000000000,BENIGN,0,1.0,26.0,0.0,116416000000.0,50000000.0,0.0,0.0,6.0,lsnm2024_ddos_udp
2023-12-07 13:34:21.000000000,BENIGN,0,1000000.0,27.0,187.0,82201.0,50.0,6.925925925925926,0.0,6.0,lsnm2024_ddos_udp
2023-12-07 13:34:24.000000000,BENIGN,0,1.0,23.0,0.0,77320000000.0,50000000.0,0.0,0.0,6.0,lsnm2024_ddos_udp
2023-12-07 13:34:24.000000000,BENIGN,0,1000000.0,25.0,187.0,50081.0,50.0,7.48,0.0,6.0,lsnm2024_ddos_udp
2023-12-07 13:34:25.000000000,BENIGN,0,1.0,29.0,0.0,202543000000.0,50000000.0,0.0,0.0,6.0,lsnm2024_ddos_udp
2023-12-07 13:34:28.000000000,BENIGN,0,1.0,24.0,0.0,106975000000.0,50000000.0,0.0,0.0,6.0,lsnm2024_ddos_udp
2023-12-07 13:34:28.000000000,BENIGN,0,1000000.0,25.0,187.0,64073.0,50.0,7.48,0.0,6.0,lsnm2024_ddos_udp
2023-12-07 13:34:33.000000000,BENIGN,0,1000000.0,23.0,0.0,72623.0,50.0,0.0,0.0,6.0,lsnm2024_ddos_udp
2023-12-07 13:34:34.000000000,BENIGN,0,1.0,23.0,0.0,109176000000.0,50000000.0,0.0,0.0,6.0,lsnm2024_ddos_udp
2023-12-07 13:34:36.000000000,BENIGN,0,1.0,24.0,187.0,64777000000.0,50000000.0,7.791666666666667,0.0,6.0,lsnm2024_ddos_udp
2023-12-07 13:34:38.000000000,BENIGN,0,1000000.0,27.0,187.0,85777.0,50.0,6.925925925925926,0.0,6.0,lsnm2024_ddos_udp
2023-12-07 13:34:38.000000000,BENIGN,0,1.0,23.0,0.0,113520000000.0,50000000.0,0.0,0.0,6.0,lsnm2024_ddos_udp
2023-12-07 13:34:39.000000000,BENIGN,0,1.0,22.0,0.0,104832000000.0,50000000.0,0.0,0.0,6.0,lsnm2024_ddos_udp
2023-12-07 13:34:40.000000000,BENIGN,0,1.0,20.0,0.0,83112000000.0,50000000.0,0.0,0.0,6.0,lsnm2024_ddos_udp
2023-12-07 13:34:41.000000000,BENIGN,0,1.0,18.0,0.0,197504000000.0,50000000.0,0.0,0.0,6.0,lsnm2024_ddos_udp
2023-12-07 13:34:41.000000000,BENIGN,0,1.0,26.0,0.0,110048000000.0,50000000.0,0.0,0.0,6.0,lsnm2024_ddos_udp
2023-12-07 13:34:42.000000000,BENIGN,0,1.0,23.0,0.0,126552000000.0,50000000.0,0.0,0.0,6.0,lsnm2024_ddos_udp
2023-12-07 13:34:43.000000000,BENIGN,0,1.0,25.0,0.0,71528000000.0,50000000.0,0.0,0.0,6.0,lsnm2024_ddos_udp
2023-12-07 13:34:43.000000000,BENIGN,0,1.0,19.0,0.0,137383000000.0,50000000.0,0.0,0.0,6.0,lsnm2024_ddos_udp
2023-12-07 13:34:44.000000000,BENIGN,0,1.0,22.0,0.0,84560000000.0,50000000.0,0.0,0.0,6.0,lsnm2024_ddos_udp
2023-12-07 13:34:44.000000000,BENIGN,0,1.0,19.0,0.0,138831000000.0,50000000.0,0.0,0.0,6.0,lsnm2024_ddos_udp
2023-12-07 13:34:45.000000000,BENIGN,0,1000000.0,28.0,187.0,84345.0,50.0,6.678571428571429,0.0,6.0,lsnm2024_ddos_udp
2023-12-07 13:34:45.000000000,BENIGN,0,1.0,23.0,0.0,140279000000.0,50000000.0,0.0,0.0,6.0,lsnm2024_ddos_udp
2023-12-07 13:34:46.000000000,BENIGN,0,1.0,22.0,0.0,152000000000.0,50000000.0,0.0,0.0,6.0,lsnm2024_ddos_udp
2023-12-07 13:34:48.000000000,BENIGN,0,1.0,23.0,0.0,164023000000.0,50000000.0,0.0,0.0,6.0,lsnm2024_ddos_udp
2023-12-07 13:34:49.000000000,BENIGN,0,1.0,27.0,383.0,30151000000.0,50000000.0,14.185185185185185,0.0,6.0,lsnm2024_ddos_udp
2023-12-07 13:34:49.000000000,BENIGN,0,1.0,25.0,183.0,70006000000.0,50000000.0,7.32,0.0,6.0,lsnm2024_ddos_udp
2023-12-07 13:34:51.000000000,BENIGN,0,1.0,24.0,367.0,77086000000.0,50000000.0,15.291666666666666,0.0,6.0,lsnm2024_ddos_udp
2023-12-07 13:34:52.000000000,BENIGN,0,1.0,27.0,376.0,46684000000.0,50000000.0,13.925925925925926,0.0,6.0,lsnm2024_ddos_udp
2023-12-07 13:34:54.000000000,BENIGN,0,1.0,24.0,0.0,141561000000.0,50000000.0,0.0,0.0,6.0,lsnm2024_ddos_udp
2023-12-07 13:34:55.000000000,BENIGN,0,1.0,25.0,0.0,106367000000.0,50000000.0,0.0,0.0,6.0,lsnm2024_ddos_udp
2023-12-07 13:34:55.000000000,BENIGN,0,1000000.0,29.0,0.0,164919.0,50.0,0.0,0.0,6.0,lsnm2024_ddos_udp
2023-12-07 13:34:55.000000000,BENIGN,0,1.0,23.0,0.0,116416000000.0,50000000.0,0.0,0.0,6.0,lsnm2024_ddos_udp
2023-12-07 13:34:55.000000000,BENIGN,0,1.0,25.0,407.0,65296000000.0,50000000.0,16.28,0.0,6.0,lsnm2024_ddos_udp
2023-12-07 13:34:56.000000000,BENIGN,0,23000000.0,26.0,552.0,449.0869565217391,2.1739130434782608,21.23076923076923,0.0,6.0,lsnm2024_ddos_udp
2023-12-07 13:35:19.000000000,BENIGN,0,1000000.0,24.0,187.0,146473.0,50.0,7.791666666666667,0.0,6.0,lsnm2024_ddos_udp
2023-12-07 13:35:21.000000000,BENIGN,0,1.0,23.0,0.0,94696000000.0,50000000.0,0.0,0.0,6.0,lsnm2024_ddos_udp
2023-12-07 13:35:22.000000000,BENIGN,0,1.0,22.0,0.0,113520000000.0,50000000.0,0.0,0.0,6.0,lsnm2024_ddos_udp
2023-12-07 13:35:23.000000000,BENIGN,0,1000000.0,28.0,1232.0,13109.0,50.0,44.0,0.0,6.0,lsnm2024_ddos_udp
2023-12-07 13:35:24.000000000,BENIGN,0,1000000.0,23.0,187.0,65818.0,50.0,8.130434782608695,0.0,6.0,lsnm2024_ddos_udp
2023-12-07 13:35:24.000000000,BENIGN,0,1.0,26.0,394.0,59746000000.0,50000000.0,15.153846153846153,0.0,6.0,lsnm2024_ddos_udp
2023-12-07 13:35:26.000000000,BENIGN,0,1000000.0,27.0,187.0,91346.0,50.0,6.925925925925926,0.0,6.0,lsnm2024_ddos_udp
2023-12-07 13:35:26.000000000,BENIGN,0,1.0,18.0,0.0,133792000000.0,50000000.0,0.0,0.0,6.0,lsnm2024_ddos_udp
2023-12-07 13:35:26.000000000,BENIGN,0,1.0,23.0,0.0,148535000000.0,50000000.0,0.0,0.0,6.0,lsnm2024_ddos_udp
2023-12-07 13:35:30.000000000,BENIGN,0,1.0,20.0,0.0,115663000000.0,50000000.0,0.0,0.0,6.0,lsnm2024_ddos_udp
2023-12-07 13:35:31.000000000,BENIGN,0,1.0,25.0,558.0,28522000000.0,50000000.0,22.32,0.0,6.0,lsnm2024_ddos_udp
2023-12-07 13:35:31.000000000,BENIGN,0,1.0,26.0,0.0,123656000000.0,50000000.0,0.0,0.0,6.0,lsnm2024_ddos_udp
2023-12-07 13:35:32.000000000,BENIGN,0,1.0,24.0,0.0,86008000000.0,50000000.0,0.0,0.0,6.0,lsnm2024_ddos_udp
2023-12-07 13:35:33.000000000,BENIGN,0,1000000.0,22.0,187.0,138737.0,50.0,8.5,0.0,6.0,lsnm2024_ddos_udp
2023-12-07 13:35:33.000000000,BENIGN,0,1.0,25.0,0.0,127561000000.0,50000000.0,0.0,0.0,6.0,lsnm2024_ddos_udp
2023-12-07 13:35:34.000000000,BENIGN,0,1000000.0,24.0,187.0,98731.0,50.0,7.791666666666667,0.0,6.0,lsnm2024_ddos_udp
2023-12-07 13:35:34.000000000,BENIGN,0,1.0,25.0,0.0,111496000000.0,50000000.0,0.0,0.0,6.0,lsnm2024_ddos_udp
2023-12-07 13:35:35.000000000,BENIGN,0,1.0,21.0,187.0,110881000000.0,50000000.0,8.904761904761905,0.0,6.0,lsnm2024_ddos_udp
2023-12-07 13:35:35.000000000,BENIGN,0,1.0,20.0,0.0,117864000000.0,50000000.0,0.0,0.0,6.0,lsnm2024_ddos_udp
2023-12-07 13:35:36.000000000,BENIGN,0,1.0,28.0,187.0,106802000000.0,50000000.0,6.678571428571429,0.0,6.0,lsnm2024_ddos_udp
2023-12-07 13:35:37.000000000,BENIGN,0,1000000.0,22.0,187.0,98681.0,50.0,8.5,0.0,6.0,lsnm2024_ddos_udp
2023-12-07 13:35:41.000000000,BENIGN,0,1.0,24.0,0.0,128000000000.0,50000000.0,0.0,0.0,6.0,lsnm2024_ddos_udp
2023-12-07 13:35:42.000000000,BENIGN,0,1.0,17.0,0.0,132344000000.0,50000000.0,0.0,0.0,6.0,lsnm2024_ddos_udp
2023-12-07 13:35:44.000000000,BENIGN,0,1.0,27.0,198.0,89909000000.0,50000000.0,7.333333333333333,0.0,6.0,lsnm2024_ddos_udp
2023-12-07 13:35:44.000000000,BENIGN,0,1.0,22.0,0.0,130143000000.0,50000000.0,0.0,0.0,6.0,lsnm2024_ddos_udp
2023-12-07 13:35:45.000000000,BENIGN,0,1.0,26.0,0.0,95841000000.0,50000000.0,0.0,0.0,6.0,lsnm2024_ddos_udp
2023-12-07 13:35:45.000000000,BENIGN,0,1.0,26.0,0.0,66962000000.0,50000000.0,0.0,0.0,6.0,lsnm2024_ddos_udp
2023-12-07 13:35:47.000000000,BENIGN,0,1000000.0,29.0,404.0,73065.0,50.0,13.931034482758621,0.0,6.0,lsnm2024_ddos_udp
2023-12-07 13:35:48.000000000,BENIGN,0,1000000.0,22.0,229.0,102164.0,50.0,10.409090909090908,0.0,6.0,lsnm2024_ddos_udp
2023-12-07 13:35:49.000000000,BENIGN,0,1.0,24.0,0.0,93943000000.0,50000000.0,0.0,0.0,6.0,lsnm2024_ddos_udp
2023-12-07 13:35:49.000000000,BENIGN,0,1.0,22.0,0.0,129448000000.0,50000000.0,0.0,0.0,6.0,lsnm2024_ddos_udp
2023-12-07 13:35:50.000000000,BENIGN,0,1000000.0,30.0,187.0,109835.0,50.0,6.233333333333333,0.0,6.0,lsnm2024_ddos_udp
2023-12-07 13:35:51.000000000,BENIGN,0,1.0,23.0,0.0,117864000000.0,50000000.0,0.0,0.0,6.0,lsnm2024_ddos_udp
2023-12-07 13:35:51.000000000,BENIGN,0,1.0,18.0,200.0,109759000000.0,50000000.0,11.11111111111111,0.0,6.0,lsnm2024_ddos_udp
2023-12-07 13:35:51.000000000,BENIGN,0,1000000.0,27.0,187.0,63879.0,50.0,6.925925925925926,0.0,6.0,lsnm2024_ddos_udp
2023-12-07 13:35:52.000000000,BENIGN,0,1000000.0,27.0,644.0,33394.0,50.0,23.85185185185185,0.0,6.0,lsnm2024_ddos_udp
2023-12-07 13:35:56.000000000,BENIGN,0,1.0,26.0,0.0,69701000000.0,50000000.0,0.0,0.0,6.0,lsnm2024_ddos_udp
2023-12-07 13:35:56.000000000,BENIGN,0,1.0,25.0,0.0,51658000000.0,50000000.0,0.0,0.0,6.0,lsnm2024_ddos_udp
2023-12-07 13:35:58.000000000,BENIGN,0,1.0,22.0,0.0,112072000000.0,50000000.0,0.0,0.0,6.0,lsnm2024_ddos_udp
2023-12-07 13:35:59.000000000,BENIGN,0,1.0,24.0,207.0,98854000000.0,50000000.0,8.625,0.0,6.0,lsnm2024_ddos_udp
2023-12-07 13:36:00.000000000,BENIGN,0,1.0,23.0,0.0,113520000000.0,50000000.0,0.0,0.0,6.0,lsnm2024_ddos_udp
2023-12-07 13:36:00.000000000,BENIGN,0,1.0,22.0,0.0,126552000000.0,50000000.0,0.0,0.0,6.0,lsnm2024_ddos_udp
2023-12-07 13:36:02.000000000,BENIGN,0,1.0,25.0,0.0,101360000000.0,50000000.0,0.0,0.0,6.0,lsnm2024_ddos_udp
2023-12-07 13:36:05.000000000,BENIGN,0,1000000.0,27.0,193.0,49470.0,50.0,7.148148148148148,0.0,6.0,lsnm2024_ddos_udp
2023-12-07 13:36:05.000000000,BENIGN,0,1.0,24.0,0.0,52830000000.0,50000000.0,0.0,0.0,6.0,lsnm2024_ddos_udp
2023-12-07 13:36:06.000000000,BENIGN,0,1.0,27.0,384.0,39605000000.0,50000000.0,14.222222222222221,0.0,6.0,lsnm2024_ddos_udp
2023-12-07 13:36:06.000000000,BENIGN,0,1.0,27.0,366.0,37554000000.0,50000000.0,13.555555555555555,0.0,6.0,lsnm2024_ddos_udp
2023-12-07 13:36:07.000000000,BENIGN,0,1000000.0,28.0,779.0,12617.0,50.0,27.821428571428573,0.0,6.0,lsnm2024_ddos_udp
2023-12-07 13:36:08.000000000,BENIGN,0,1.0,26.0,191.0,46423000000.0,50000000.0,7.346153846153846,0.0,6.0,lsnm2024_ddos_udp
2023-12-07 13:36:10.000000000,BENIGN,0,1.0,26.0,0.0,109568000000.0,50000000.0,0.0,0.0,6.0,lsnm2024_ddos_udp
2023-12-07 13:36:11.000000000,BENIGN,0,1.0,23.0,0.0,112767000000.0,50000000.0,0.0,0.0,6.0,lsnm2024_ddos_udp
2023-12-07 13:36:11.000000000,BENIGN,0,1.0,27.0,229.0,57595000000.0,50000000.0,8.481481481481481,0.0,6.0,lsnm2024_ddos_udp
2023-12-07 13:36:12.000000000,BENIGN,0,1.0,24.0,207.0,118903000000.0,50000000.0,8.625,0.0,6.0,lsnm2024_ddos_udp
2023-12-07 13:36:16.000000000,BENIGN,0,1000000.0,23.0,187.0,115133.0,50.0,8.130434782608695,0.0,6.0,lsnm2024_ddos_udp
2023-12-07 13:36:17.000000000,BENIGN,0,1000000.0,28.0,207.0,138973.0,50.0,7.392857142857143,0.0,6.0,lsnm2024_ddos_udp
2023-12-07 13:36:17.000000000,BENIGN,0,1.0,24.0,0.0,95391000000.0,50000000.0,0.0,0.0,6.0,lsnm2024_ddos_udp
2023-12-07 13:36:17.000000000,BENIGN,0,1.0,24.0,0.0,127042000000.0,50000000.0,0.0,0.0,6.0,lsnm2024_ddos_udp
2023-12-07 13:36:18.000000000,BENIGN,0,1.0,26.0,426.0,36348000000.0,50000000.0,16.384615384615383,0.0,6.0,lsnm2024_ddos_udp
2023-12-07 13:36:18.000000000,BENIGN,0,1.0,25.0,0.0,53352000000.0,50000000.0,0.0,0.0,6.0,lsnm2024_ddos_udp
2023-12-07 13:36:19.000000000,BENIGN,0,1000000.0,27.0,207.0,113911.0,50.0,7.666666666666667,0.0,6.0,lsnm2024_ddos_udp
2023-12-07 13:36:19.000000000,BENIGN,0,1.0,26.0,426.0,37690000000.0,50000000.0,16.384615384615383,0.0,6.0,lsnm2024_ddos_udp
2023-12-07 13:36:20.000000000,BENIGN,0,1.0,31.0,0.0,148937000000.0,50000000.0,0.0,0.0,6.0,lsnm2024_ddos_udp
2023-12-07 13:36:21.000000000,BENIGN,0,1.0,27.0,426.0,68161000000.0,50000000.0,15.777777777777779,0.0,6.0,lsnm2024_ddos_udp
2023-12-07 13:36:21.000000000,BENIGN,0,1.0,25.0,207.0,53300000000.0,50000000.0,8.28,0.0,6.0,lsnm2024_ddos_udp
2023-12-07 13:36:22.000000000,BENIGN,0,1.0,25.0,401.0,28322000000.0,50000000.0,16.04,0.0,6.0,lsnm2024_ddos_udp
2023-12-07 13:36:22.000000000,BENIGN,0,1.0,24.0,386.0,27405000000.0,50000000.0,16.083333333333332,0.0,6.0,lsnm2024_ddos_udp
2023-12-07 13:36:26.000000000,BENIGN,0,1.0,29.0,187.0,101730000000.0,50000000.0,6.448275862068965,0.0,6.0,lsnm2024_ddos_udp
2023-12-07 13:36:31.000000000,BENIGN,0,1.0,26.0,0.0,120007000000.0,50000000.0,0.0,0.0,6.0,lsnm2024_ddos_udp
2023-12-07 13:36:32.000000000,BENIGN,0,1.0,21.0,0.0,58492000000.0,50000000.0,0.0,0.0,6.0,lsnm2024_ddos_udp
2023-12-07 13:36:34.000000000,BENIGN,0,1.0,12.0,0.0,68894000000.0,50000000.0,0.0,0.0,6.0,lsnm2024_ddos_udp
2023-12-07 13:36:35.000000000,BENIGN,0,1.0,23.0,0.0,61339000000.0,50000000.0,0.0,0.0,6.0,lsnm2024_ddos_udp
2023-12-07 13:36:36.000000000,BENIGN,0,1000000.0,29.0,0.0,150542.0,50.0,0.0,0.0,6.0,lsnm2024_ddos_udp
2023-12-07 13:36:37.000000000,BENIGN,0,1.0,22.0,0.0,61396000000.0,50000000.0,0.0,0.0,6.0,lsnm2024_ddos_udp
2023-12-07 13:36:37.000000000,BENIGN,0,1.0,25.0,0.0,51298000000.0,50000000.0,0.0,0.0,6.0,lsnm2024_ddos_udp
2023-12-07 13:36:37.000000000,BENIGN,0,1.0,24.0,0.0,61375000000.0,50000000.0,0.0,0.0,6.0,lsnm2024_ddos_udp
2023-12-07 13:36:37.000000000,BENIGN,0,1.0,23.0,0.0,67579000000.0,50000000.0,0.0,0.0,6.0,lsnm2024_ddos_udp
2023-12-07 13:36:39.000000000,BENIGN,0,1.0,24.0,0.0,52596000000.0,50000000.0,0.0,0.0,6.0,lsnm2024_ddos_udp
2023-12-07 13:36:39.000000000,BENIGN,0,1.0,25.0,0.0,136302000000.0,50000000.0,0.0,0.0,6.0,lsnm2024_ddos_udp
2023-12-07 13:36:40.000000000,BENIGN,0,1.0,22.0,0.0,56674000000.0,50000000.0,0.0,0.0,6.0,lsnm2024_ddos_udp
2023-12-07 13:36:40.000000000,BENIGN,0,1.0,25.0,0.0,98337000000.0,50000000.0,0.0,0.0,6.0,lsnm2024_ddos_udp
2023-12-07 13:36:40.000000000,BENIGN,0,1.0,23.0,0.0,56811000000.0,50000000.0,0.0,0.0,6.0,lsnm2024_ddos_udp
2023-12-07 13:36:41.000000000,BENIGN,0,1000000.0,25.0,0.0,63960.0,50.0,0.0,0.0,6.0,lsnm2024_ddos_udp
2023-12-07 13:36:41.000000000,BENIGN,0,1.0,23.0,188.0,68341000000.0,50000000.0,8.173913043478262,0.0,6.0,lsnm2024_ddos_udp
2023-12-07 13:36:42.000000000,BENIGN,0,1.0,25.0,0.0,131591000000.0,50000000.0,0.0,0.0,6.0,lsnm2024_ddos_udp
2023-12-07 13:36:47.000000000,BENIGN,0,1.0,24.0,0.0,60408000000.0,50000000.0,0.0,0.0,6.0,lsnm2024_ddos_udp
2023-12-07 13:36:48.000000000,BENIGN,0,1.0,24.0,0.0,60346000000.0,50000000.0,0.0,0.0,6.0,lsnm2024_ddos_udp
2023-12-07 13:36:49.000000000,BENIGN,0,1000000.0,26.0,0.0,79640.0,50.0,0.0,0.0,6.0,lsnm2024_ddos_udp
2023-12-07 13:36:50.000000000,BENIGN,0,1.0,24.0,0.0,121417000000.0,50000000.0,0.0,0.0,6.0,lsnm2024_ddos_udp
2023-12-07 13:36:51.000000000,BENIGN,0,1000000.0,26.0,188.0,68333.0,50.0,7.230769230769231,0.0,6.0,lsnm2024_ddos_udp
2023-12-07 13:36:51.000000000,BENIGN,0,1.0,16.0,0.0,68894000000.0,50000000.0,0.0,0.0,6.0,lsnm2024_ddos_udp
2023-12-07 13:36:53.000000000,BENIGN,0,1.0,18.0,0.0,91273000000.0,50000000.0,0.0,0.0,6.0,lsnm2024_ddos_udp
2023-12-07 13:36:55.000000000,BENIGN,0,1.0,25.0,0.0,53121000000.0,50000000.0,0.0,0.0,6.0,lsnm2024_ddos_udp
2023-12-07 13:36:57.000000000,BENIGN,0,1.0,23.0,0.0,68938000000.0,50000000.0,0.0,0.0,6.0,lsnm2024_ddos_udp
2023-12-07 13:36:58.000000000,BENIGN,0,1.0,16.0,0.0,110571000000.0,50000000.0,0.0,0.0,6.0,lsnm2024_ddos_udp
2023-12-07 13:37:02.000000000,BENIGN,0,1.0,25.0,0.0,77537000000.0,50000000.0,0.0,0.0,6.0,lsnm2024_ddos_udp
2023-12-07 13:37:02.000000000,BENIGN,0,1.0,23.0,0.0,56254000000.0,50000000.0,0.0,0.0,6.0,lsnm2024_ddos_udp
2023-12-07 13:37:03.000000000,BENIGN,0,1.0,21.0,0.0,61862000000.0,50000000.0,0.0,0.0,6.0,lsnm2024_ddos_udp
2023-12-07 13:37:03.000000000,BENIGN,0,1.0,20.0,0.0,72875000000.0,50000000.0,0.0,0.0,6.0,lsnm2024_ddos_udp
2023-12-07 13:37:03.000000000,BENIGN,0,2000000.0,25.0,402.0,32055.5,25.0,16.08,0.0,6.0,lsnm2024_ddos_udp
2023-12-07 13:37:09.000000000,BENIGN,0,1.0,28.0,196.0,89809000000.0,50000000.0,7.0,0.0,6.0,lsnm2024_ddos_udp
2023-12-07 13:37:12.000000000,BENIGN,0,1000000.0,22.0,0.0,86703.0,50.0,0.0,0.0,6.0,lsnm2024_ddos_udp
2023-12-07 13:37:14.000000000,BENIGN,0,1.0,25.0,0.0,88841000000.0,50000000.0,0.0,0.0,6.0,lsnm2024_ddos_udp
2023-12-07 13:37:18.000000000,BENIGN,0,1.0,26.0,434.0,32005000000.0,50000000.0,16.692307692307693,0.0,6.0,lsnm2024_ddos_udp
2023-12-07 13:37:19.000000000,BENIGN,0,1000000.0,27.0,424.0,25546.0,50.0,15.703703703703704,0.0,6.0,lsnm2024_ddos_udp
2023-12-07 13:37:23.000000000,BENIGN,0,1.0,27.0,382.0,34017000000.0,50000000.0,14.148148148148149,0.0,6.0,lsnm2024_ddos_udp
2023-12-07 13:37:24.000000000,BENIGN,0,1.0,27.0,400.0,33088000000.0,50000000.0,14.814814814814815,0.0,6.0,lsnm2024_ddos_udp
2023-12-07 13:37:25.000000000,BENIGN,0,1.0,28.0,1026.0,16385000000.0,50000000.0,36.642857142857146,0.0,6.0,lsnm2024_ddos_udp
2023-12-07 13:37:27.000000000,BENIGN,0,1.0,29.0,827.0,17090000000.0,50000000.0,28.517241379310345,0.0,6.0,lsnm2024_ddos_udp
2023-12-07 13:37:28.000000000,BENIGN,0,1000000.0,26.0,193.0,37347.0,50.0,7.423076923076923,0.0,6.0,lsnm2024_ddos_udp
2023-12-07 13:37:28.000000000,BENIGN,0,1.0,30.0,969.0,4194000000.0,50000000.0,32.3,0.0,6.0,lsnm2024_ddos_udp
2023-12-07 13:37:29.000000000,BENIGN,0,1.0,24.0,0.0,66425000000.0,50000000.0,0.0,0.0,6.0,lsnm2024_ddos_udp
2023-12-07 13:37:29.000000000,BENIGN,0,1000000.0,22.0,0.0,48521.0,50.0,0.0,0.0,6.0,lsnm2024_ddos_udp
2023-12-07 13:37:29.000000000,BENIGN,0,1.0,22.0,0.0,60816000000.0,50000000.0,0.0,0.0,6.0,lsnm2024_ddos_udp
2023-12-07 13:37:30.000000000,BENIGN,0,1.0,28.0,422.0,22532000000.0,50000000.0,15.071428571428571,0.0,6.0,lsnm2024_ddos_udp
2023-12-07 13:37:31.000000000,BENIGN,0,1000000.0,26.0,626.0,38776.0,50.0,24.076923076923077,0.0,6.0,lsnm2024_ddos_udp
2023-12-07 13:37:32.000000000,BENIGN,0,1.0,27.0,430.0,34731000000.0,50000000.0,15.925925925925926,0.0,6.0,lsnm2024_ddos_udp
2023-12-07 13:37:32.000000000,BENIGN,0,1000000.0,31.0,624.0,23178.0,50.0,20.129032258064516,0.0,6.0,lsnm2024_ddos_udp
2023-12-07 13:37:35.000000000,BENIGN,0,1000000.0,28.0,180.0,25850.0,50.0,6.428571428571429,0.0,6.0,lsnm2024_ddos_udp
2023-12-07 13:37:36.000000000,BENIGN,0,1.0,20.0,0.0,54939000000.0,50000000.0,0.0,0.0,6.0,lsnm2024_ddos_udp
2023-12-07 13:37:37.000000000,BENIGN,0,1.0,27.0,358.0,39614000000.0,50000000.0,13.25925925925926,0.0,6.0,lsnm2024_ddos_udp
2023-12-07 13:37:38.000000000,BENIGN,0,1.0,26.0,358.0,38265000000.0,50000000.0,13.76923076923077,0.0,6.0,lsnm2024_ddos_udp
2023-12-07 13:37:39.000000000,BENIGN,0,1.0,27.0,388.0,28214000000.0,50000000.0,14.37037037037037,0.0,6.0,lsnm2024_ddos_udp
2023-12-07 13:37:39.000000000,BENIGN,0,1.0,29.0,390.0,31766000000.0,50000000.0,13.448275862068966,0.0,6.0,lsnm2024_ddos_udp
2023-12-07 13:37:40.000000000,BENIGN,0,1000000.0,28.0,380.0,40180.0,50.0,13.571428571428571,0.0,6.0,lsnm2024_ddos_udp
2023-12-07 13:37:41.000000000,BENIGN,0,1000000.0,27.0,560.0,41869.0,50.0,20.74074074074074,0.0,6.0,lsnm2024_ddos_udp
2023-12-07 13:37:44.000000000,BENIGN,0,1.0,25.0,0.0,67879000000.0,50000000.0,0.0,0.0,6.0,lsnm2024_ddos_udp
2023-12-07 13:37:45.000000000,BENIGN,0,1000000.0,29.0,371.0,44098.0,50.0,12.793103448275861,0.0,6.0,lsnm2024_ddos_udp
2023-12-07 13:37:45.000000000,BENIGN,0,1.0,26.0,371.0,49775000000.0,50000000.0,14.26923076923077,0.0,6.0,lsnm2024_ddos_udp
2023-12-07 13:37:47.000000000,BENIGN,0,1.0,28.0,583.0,19980000000.0,50000000.0,20.821428571428573,0.0,6.0,lsnm2024_ddos_udp
2023-12-07 13:37:47.000000000,BENIGN,0,1.0,27.0,605.0,11204000000.0,50000000.0,22.40740740740741,0.0,6.0,lsnm2024_ddos_udp
2023-12-07 13:37:48.000000000,BENIGN,0,1.0,26.0,418.0,30480000000.0,50000000.0,16.076923076923077,0.0,6.0,lsnm2024_ddos_udp
2023-12-07 13:37:48.000000000,BENIGN,0,1.0,27.0,187.0,63839000000.0,50000000.0,6.925925925925926,0.0,6.0,lsnm2024_ddos_udp
2023-12-07 13:37:51.000000000,BENIGN,0,1.0,28.0,358.0,38399000000.0,50000000.0,12.785714285714286,0.0,6.0,lsnm2024_ddos_udp
2023-12-07 13:37:52.000000000,BENIGN,0,1000000.0,27.0,628.0,16397.0,50.0,23.25925925925926,0.0,6.0,lsnm2024_ddos_udp
2023-12-07 13:37:53.000000000,BENIGN,0,1000000.0,28.0,599.0,22337.0,50.0,21.392857142857142,0.0,6.0,lsnm2024_ddos_udp
2023-12-07 13:37:56.000000000,BENIGN,0,1000000.0,27.0,192.0,26713.0,50.0,7.111111111111111,0.0,6.0,lsnm2024_ddos_udp
2023-12-07 13:37:56.000000000,BENIGN,0,1.0,27.0,358.0,39614000000.0,50000000.0,13.25925925925926,0.0,6.0,lsnm2024_ddos_udp
2023-12-07 13:37:57.000000000,BENIGN,0,1.0,21.0,0.0,46467000000.0,50000000.0,0.0,0.0,6.0,lsnm2024_ddos_udp
2023-12-07 13:37:57.000000000,BENIGN,0,1.0,25.0,0.0,48958000000.0,50000000.0,0.0,0.0,6.0,lsnm2024_ddos_udp
2023-12-07 13:38:00.000000000,BENIGN,0,1.0,27.0,412.0,38824000000.0,50000000.0,15.25925925925926,0.0,6.0,lsnm2024_ddos_udp
2023-12-07 13:38:01.000000000,BENIGN,0,1.0,28.0,265.0,21713000000.0,50000000.0,9.464285714285714,0.0,6.0,lsnm2024_ddos_udp
2023-12-07 13:38:01.000000000,BENIGN,0,1.0,25.0,392.0,56889000000.0,50000000.0,15.68,0.0,6.0,lsnm2024_ddos_udp
2023-12-07 13:38:03.000000000,BENIGN,0,1.0,28.0,625.0,41736000000.0,50000000.0,22.321428571428573,0.0,6.0,lsnm2024_ddos_udp
2023-12-07 13:38:04.000000000,BENIGN,0,1.0,27.0,211.0,56257000000.0,50000000.0,7.814814814814815,0.0,6.0,lsnm2024_ddos_udp
2023-12-07 13:38:04.000000000,BENIGN,0,1.0,28.0,434.0,31638000000.0,50000000.0,15.5,0.0,6.0,lsnm2024_ddos_udp
2023-12-07 13:38:06.000000000,BENIGN,0,1.0,27.0,830.0,25336000000.0,50000000.0,30.74074074074074,0.0,6.0,lsnm2024_ddos_udp
2023-12-07 13:38:07.000000000,BENIGN,0,1.0,27.0,606.0,20170000000.0,50000000.0,22.444444444444443,0.0,6.0,lsnm2024_ddos_udp
2023-12-07 13:38:10.000000000,BENIGN,0,1.0,27.0,444.0,50294000000.0,50000000.0,16.444444444444443,0.0,6.0,lsnm2024_ddos_udp
2023-12-07 13:38:10.000000000,BENIGN,0,1.0,28.0,434.0,32606000000.0,50000000.0,15.5,0.0,6.0,lsnm2024_ddos_udp
2023-12-07 13:38:11.000000000,BENIGN,0,1.0,29.0,625.0,38257000000.0,50000000.0,21.551724137931036,0.0,6.0,lsnm2024_ddos_udp
2023-12-07 13:38:12.000000000,BENIGN,0,1.0,25.0,434.0,37106000000.0,50000000.0,17.36,0.0,6.0,lsnm2024_ddos_udp
2023-12-07 13:38:15.000000000,BENIGN,0,1000000.0,26.0,387.0,46255.0,50.0,14.884615384615385,0.0,6.0,lsnm2024_ddos_udp
2023-12-07 13:38:15.000000000,BENIGN,0,1.0,24.0,0.0,104256000000.0,50000000.0,0.0,0.0,6.0,lsnm2024_ddos_udp
2023-12-07 13:38:17.000000000,BENIGN,0,1.0,27.0,460.0,33786000000.0,50000000.0,17.037037037037038,0.0,6.0,lsnm2024_ddos_udp
2023-12-07 13:38:18.000000000,BENIGN,0,1.0,29.0,610.0,19167000000.0,50000000.0,21.03448275862069,0.0,6.0,lsnm2024_ddos_udp
2023-12-07 13:38:18.000000000,BENIGN,0,1.0,26.0,395.0,52371000000.0,50000000.0,15.192307692307692,0.0,6.0,lsnm2024_ddos_udp
2023-12-07 13:38:18.000000000,BENIGN,0,1.0,27.0,211.0,36101000000.0,50000000.0,7.814814814814815,0.0,6.0,lsnm2024_ddos_udp
2023-12-07 13:38:18.000000000,BENIGN,0,1.0,25.0,392.0,43992000000.0,50000000.0,15.68,0.0,6.0,lsnm2024_ddos_udp
2023-12-07 13:38:19.000000000,BENIGN,0,1000000.0,26.0,444.0,46115.0,50.0,17.076923076923077,0.0,6.0,lsnm2024_ddos_udp
2023-12-07 13:38:21.000000000,BENIGN,0,1000000.0,27.0,233.0,37095.0,50.0,8.62962962962963,0.0,6.0,lsnm2024_ddos_udp
2023-12-07 13:38:22.000000000,BENIGN,0,1.0,28.0,434.0,26557000000.0,50000000.0,15.5,0.0,6.0,lsnm2024_ddos_udp
2023-12-07 13:38:24.000000000,BENIGN,0,1.0,27.0,444.0,50771000000.0,50000000.0,16.444444444444443,0.0,6.0,lsnm2024_ddos_udp
2023-12-07 13:38:25.000000000,BENIGN,0,1000000.0,27.0,434.0,33434.0,50.0,16.074074074074073,0.0,6.0,lsnm2024_ddos_udp
2023-12-07 13:38:25.000000000,BENIGN,0,1.0,26.0,0.0,75872000000.0,50000000.0,0.0,0.0,6.0,lsnm2024_ddos_udp
2023-12-07 13:38:28.000000000,BENIGN,0,1000000.0,29.0,407.0,15738.0,50.0,14.03448275862069,0.0,6.0,lsnm2024_ddos_udp
2023-12-07 13:38:29.000000000,BENIGN,0,1.0,27.0,444.0,44349000000.0,50000000.0,16.444444444444443,0.0,6.0,lsnm2024_ddos_udp
2023-12-07 13:38:30.000000000,BENIGN,0,1000000.0,27.0,410.0,35728.0,50.0,15.185185185185185,0.0,6.0,lsnm2024_ddos_udp
2023-12-07 13:38:30.000000000,BENIGN,0,1.0,27.0,444.0,37481000000.0,50000000.0,16.444444444444443,0.0,6.0,lsnm2024_ddos_udp
2023-12-07 13:38:35.000000000,BENIGN,0,1000000.0,28.0,432.0,32951.0,50.0,15.428571428571429,0.0,6.0,lsnm2024_ddos_udp
2023-12-07 13:38:36.000000000,BENIGN,0,1.0,26.0,432.0,46006000000.0,50000000.0,16.615384615384617,0.0,6.0,lsnm2024_ddos_udp
2023-12-07 13:38:38.000000000,BENIGN,0,1.0,25.0,183.0,39346000000.0,50000000.0,7.32,0.0,6.0,lsnm2024_ddos_udp
2023-12-07 13:38:39.000000000,BENIGN,0,1.0,26.0,366.0,35410000000.0,50000000.0,14.076923076923077,0.0,6.0,lsnm2024_ddos_udp
2023-12-07 13:38:39.000000000,BENIGN,0,1000000.0,27.0,396.0,29074.0,50.0,14.666666666666666,0.0,6.0,lsnm2024_ddos_udp
2023-12-07 13:38:40.000000000,BENIGN,0,1000000.0,26.0,438.0,24924.0,50.0,16.846153846153847,0.0,6.0,lsnm2024_ddos_udp
2023-12-07 13:38:41.000000000,BENIGN,0,1.0,27.0,396.0,36048000000.0,50000000.0,14.666666666666666,0.0,6.0,lsnm2024_ddos_udp
2023-12-07 13:38:42.000000000,BENIGN,0,1.0,28.0,376.0,40881000000.0,50000000.0,13.428571428571429,0.0,6.0,lsnm2024_ddos_udp
2023-12-07 13:38:42.000000000,BENIGN,0,1.0,27.0,428.0,28265000000.0,50000000.0,15.851851851851851,0.0,6.0,lsnm2024_ddos_udp
2023-12-07 13:38:43.000000000,BENIGN,0,1.0,27.0,426.0,31908000000.0,50000000.0,15.777777777777779,0.0,6.0,lsnm2024_ddos_udp
2023-12-07 13:38:44.000000000,BENIGN,0,1000000.0,27.0,379.0,32326.0,50.0,14.037037037037036,0.0,6.0,lsnm2024_ddos_udp
2023-12-07 13:38:45.000000000,BENIGN,0,1.0,29.0,857.0,10750000000.0,50000000.0,29.551724137931036,0.0,6.0,lsnm2024_ddos_udp
2023-12-07 13:38:45.000000000,BENIGN,0,1.0,28.0,601.0,22185000000.0,50000000.0,21.464285714285715,0.0,6.0,lsnm2024_ddos_udp
2023-12-07 13:38:47.000000000,BENIGN,0,1.0,27.0,877.0,15134000000.0,50000000.0,32.48148148148148,0.0,6.0,lsnm2024_ddos_udp
2023-12-07 13:38:47.000000000,BENIGN,0,1.0,28.0,639.0,9251000000.0,50000000.0,22.821428571428573,0.0,6.0,lsnm2024_ddos_udp
2023-12-07 13:38:47.000000000,BENIGN,0,1.0,28.0,849.0,17086000000.0,50000000.0,30.321428571428573,0.0,6.0,lsnm2024_ddos_udp
2023-12-07 13:38:48.000000000,BENIGN,0,1.0,28.0,646.0,20832000000.0,50000000.0,23.071428571428573,0.0,6.0,lsnm2024_ddos_udp
2023-12-07 13:38:49.000000000,BENIGN,0,1.0,29.0,854.0,19235000000.0,50000000.0,29.448275862068964,0.0,6.0,lsnm2024_ddos_udp
2023-12-07 13:38:50.000000000,BENIGN,0,1.0,27.0,375.0,34120000000.0,50000000.0,13.88888888888889,0.0,6.0,lsnm2024_ddos_udp
2023-12-07 13:38:51.000000000,BENIGN,0,1.0,27.0,364.0,29003000000.0,50000000.0,13.481481481481481,0.0,6.0,lsnm2024_ddos_udp
2023-12-07 13:38:52.000000000,BENIGN,0,1.0,26.0,592.0,20344000000.0,50000000.0,22.76923076923077,0.0,6.0,lsnm2024_ddos_udp
2023-12-07 13:38:52.000000000,BENIGN,0,1000000.0,28.0,415.0,29068.0,50.0,14.821428571428571,0.0,6.0,lsnm2024_ddos_udp
2023-12-07 13:38:53.000000000,BENIGN,0,1.0,26.0,610.0,27317000000.0,50000000.0,23.46153846153846,0.0,6.0,lsnm2024_ddos_udp
2023-12-07 13:38:53.000000000,BENIGN,0,1.0,29.0,386.0,26400000000.0,50000000.0,13.310344827586206,0.0,6.0,lsnm2024_ddos_udp
2023-12-07 13:38:53.000000000,BENIGN,0,1.0,28.0,394.0,30736000000.0,50000000.0,14.071428571428571,0.0,6.0,lsnm2024_ddos_udp
2023-12-07 13:38:57.000000000,BENIGN,0,1.0,25.0,193.0,30626000000.0,50000000.0,7.72,0.0,6.0,lsnm2024_ddos_udp
2023-12-07 13:38:57.000000000,BENIGN,0,1.0,29.0,615.0,21676000000.0,50000000.0,21.20689655172414,0.0,6.0,lsnm2024_ddos_udp
2023-12-07 13:38:59.000000000,BENIGN,0,1000000.0,29.0,618.0,33700.0,50.0,21.310344827586206,0.0,6.0,lsnm2024_ddos_udp
2023-12-07 13:39:00.000000000,BENIGN,0,1000000.0,26.0,446.0,33818.0,50.0,17.153846153846153,0.0,6.0,lsnm2024_ddos_udp
2023-12-07 13:39:01.000000000,BENIGN,0,1.0,17.0,0.0,126552000000.0,50000000.0,0.0,0.0,6.0,lsnm2024_ddos_udp
2023-12-07 13:39:02.000000000,BENIGN,0,1.0,25.0,626.0,29342000000.0,50000000.0,25.04,0.0,6.0,lsnm2024_ddos_udp
2023-12-07 13:39:02.000000000,BENIGN,0,1.0,26.0,436.0,28298000000.0,50000000.0,16.76923076923077,0.0,6.0,lsnm2024_ddos_udp
2023-12-07 13:39:03.000000000,BENIGN,0,1.0,27.0,645.0,26755000000.0,50000000.0,23.88888888888889,0.0,6.0,lsnm2024_ddos_udp
2023-12-07 13:39:04.000000000,BENIGN,0,1.0,26.0,645.0,22961000000.0,50000000.0,24.807692307692307,0.0,6.0,lsnm2024_ddos_udp
2023-12-07 13:39:05.000000000,BENIGN,0,1000000.0,27.0,182.0,26862.0,50.0,6.7407407407407405,0.0,6.0,lsnm2024_ddos_udp
2023-12-07 13:39:05.000000000,BENIGN,0,1.0,27.0,180.0,27778000000.0,50000000.0,6.666666666666667,0.0,6.0,lsnm2024_ddos_udp
2023-12-07 13:39:07.000000000,BENIGN,0,1.0,26.0,367.0,34847000000.0,50000000.0,14.115384615384615,0.0,6.0,lsnm2024_ddos_udp
2023-12-07 13:39:09.000000000,BENIGN,0,1.0,26.0,368.0,22079000000.0,50000000.0,14.153846153846153,0.0,6.0,lsnm2024_ddos_udp
2023-12-07 13:39:10.000000000,BENIGN,0,1.0,29.0,606.0,22265000000.0,50000000.0,20.896551724137932,0.0,6.0,lsnm2024_ddos_udp
2023-12-07 13:39:10.000000000,BENIGN,0,1.0,28.0,378.0,43046000000.0,50000000.0,13.5,0.0,6.0,lsnm2024_ddos_udp
2023-12-07 13:39:10.000000000,BENIGN,0,1.0,26.0,248.0,31651000000.0,50000000.0,9.538461538461538,0.0,6.0,lsnm2024_ddos_udp
2023-12-07 13:39:11.000000000,BENIGN,0,1.0,26.0,408.0,25390000000.0,50000000.0,15.692307692307692,0.0,6.0,lsnm2024_ddos_udp
2023-12-07 13:39:13.000000000,BENIGN,0,1.0,26.0,418.0,23725000000.0,50000000.0,16.076923076923077,0.0,6.0,lsnm2024_ddos_udp
2023-12-07 13:39:13.000000000,BENIGN,0,1.0,26.0,606.0,23436000000.0,50000000.0,23.307692307692307,0.0,6.0,lsnm2024_ddos_udp
2023-12-07 13:39:14.000000000,BENIGN,0,1000000.0,28.0,685.0,12104.0,50.0,24.464285714285715,0.0,6.0,lsnm2024_ddos_udp
2023-12-07 13:39:15.000000000,BENIGN,0,1.0,26.0,875.0,8529000000.0,50000000.0,33.65384615384615,0.0,6.0,lsnm2024_ddos_udp
2023-12-07 13:39:17.000000000,BENIGN,0,1.0,29.0,416.0,25274000000.0,50000000.0,14.344827586206897,0.0,6.0,lsnm2024_ddos_udp
2023-12-07 13:39:18.000000000,BENIGN,0,1000000.0,27.0,406.0,24004.0,50.0,15.037037037037036,0.0,6.0,lsnm2024_ddos_udp
2023-12-07 13:39:21.000000000,BENIGN,0,1000000.0,27.0,654.0,20666.0,50.0,24.22222222222222,0.0,6.0,lsnm2024_ddos_udp
2023-12-07 13:39:21.000000000,BENIGN,0,1.0,30.0,423.0,28078000000.0,50000000.0,14.1,0.0,6.0,lsnm2024_ddos_udp
2023-12-07 13:39:25.000000000,BENIGN,0,1.0,27.0,571.0,29614000000.0,50000000.0,21.14814814814815,0.0,6.0,lsnm2024_ddos_udp
2023-12-07 13:39:26.000000000,BENIGN,0,1.0,26.0,187.0,35482000000.0,50000000.0,7.1923076923076925,0.0,6.0,lsnm2024_ddos_udp
2023-12-07 13:39:27.000000000,BENIGN,0,1000000.0,27.0,0.0,45014.0,50.0,0.0,0.0,6.0,lsnm2024_ddos_udp
2023-12-07 13:39:29.000000000,BENIGN,0,1.0,28.0,390.0,29264000000.0,50000000.0,13.928571428571429,0.0,6.0,lsnm2024_ddos_udp
2023-12-07 13:39:30.000000000,BENIGN,0,1000000.0,27.0,185.0,33074.0,50.0,6.851851851851852,0.0,6.0,lsnm2024_ddos_udp
2023-12-07 13:39:30.000000000,BENIGN,0,1.0,27.0,634.0,20994000000.0,50000000.0,23.48148148148148,0.0,6.0,lsnm2024_ddos_udp
2023-12-07 13:39:32.000000000,BENIGN,0,1000000.0,28.0,590.0,27793.0,50.0,21.071428571428573,0.0,6.0,lsnm2024_ddos_udp
2023-12-07 13:39:32.000000000,BENIGN,0,1.0,27.0,431.0,22512000000.0,50000000.0,15.962962962962964,0.0,6.0,lsnm2024_ddos_udp
2023-12-07 13:39:36.000000000,BENIGN,0,1.0,26.0,399.0,37540000000.0,50000000.0,15.346153846153847,0.0,6.0,lsnm2024_ddos_udp
2023-12-07 13:39:37.000000000,BENIGN,0,1.0,27.0,184.0,59476000000.0,50000000.0,6.814814814814815,0.0,6.0,lsnm2024_ddos_udp
2023-12-07 13:39:38.000000000,BENIGN,0,1.0,28.0,368.0,61019000000.0,50000000.0,13.142857142857142,0.0,6.0,lsnm2024_ddos_udp
2023-12-07 13:39:38.000000000,BENIGN,0,1.0,29.0,368.0,78576000000.0,50000000.0,12.689655172413794,0.0,6.0,lsnm2024_ddos_udp
2023-12-07 13:39:39.000000000,BENIGN,0,1000000.0,26.0,368.0,76872.0,50.0,14.153846153846153,0.0,6.0,lsnm2024_ddos_udp
2023-12-07 13:39:39.000000000,BENIGN,0,1.0,25.0,184.0,55620000000.0,50000000.0,7.36,0.0,6.0,lsnm2024_ddos_udp
2023-12-07 13:39:39.000000000,BENIGN,0,1.0,28.0,368.0,45409000000.0,50000000.0,13.142857142857142,0.0,6.0,lsnm2024_ddos_udp
2023-12-07 13:39:41.000000000,BENIGN,0,1000000.0,27.0,368.0,88528.0,50.0,13.62962962962963,0.0,6.0,lsnm2024_ddos_udp
2023-12-07 13:39:41.000000000,BENIGN,0,1.0,27.0,368.0,73075000000.0,50000000.0,13.62962962962963,0.0,6.0,lsnm2024_ddos_udp
2023-12-07 13:39:43.000000000,BENIGN,0,1.0,27.0,184.0,41860000000.0,50000000.0,6.814814814814815,0.0,6.0,lsnm2024_ddos_udp
2023-12-07 13:39:44.000000000,BENIGN,0,1.0,26.0,184.0,50099000000.0,50000000.0,7.076923076923077,0.0,6.0,lsnm2024_ddos_udp
2023-12-07 13:39:44.000000000,BENIGN,0,1.0,25.0,184.0,57524000000.0,50000000.0,7.36,0.0,6.0,lsnm2024_ddos_udp
2023-12-07 13:39:44.000000000,BENIGN,0,1000000.0,28.0,184.0,51292.0,50.0,6.571428571428571,0.0,6.0,lsnm2024_ddos_udp
2023-12-07 13:39:45.000000000,BENIGN,0,1.0,25.0,192.0,50946000000.0,50000000.0,7.68,0.0,6.0,lsnm2024_ddos_udp
2023-12-07 13:39:46.000000000,BENIGN,0,1.0,25.0,184.0,53676000000.0,50000000.0,7.36,0.0,6.0,lsnm2024_ddos_udp
2023-12-07 13:39:46.000000000,BENIGN,0,1000000.0,25.0,377.0,55476.0,50.0,15.08,0.0,6.0,lsnm2024_ddos_udp
2023-12-07 13:39:47.000000000,BENIGN,0,1.0,28.0,203.0,63912000000.0,50000000.0,7.25,0.0,6.0,lsnm2024_ddos_udp
2023-12-07 13:39:50.000000000,BENIGN,0,1.0,27.0,446.0,12527000000.0,50000000.0,16.51851851851852,0.0,6.0,lsnm2024_ddos_udp
2023-12-07 13:39:51.000000000,BENIGN,0,1.0,27.0,760.0,14670000000.0,50000000.0,28.14814814814815,0.0,6.0,lsnm2024_ddos_udp
2023-12-07 13:39:52.000000000,BENIGN,0,1.0,23.0,192.0,40553000000.0,50000000.0,8.347826086956522,0.0,6.0,lsnm2024_ddos_udp
2023-12-07 13:39:52.000000000,BENIGN,0,1000000.0,27.0,364.0,31800.0,50.0,13.481481481481481,0.0,6.0,lsnm2024_ddos_udp
2023-12-07 13:39:52.000000000,BENIGN,0,1.0,27.0,629.0,14517000000.0,50000000.0,23.296296296296298,0.0,6.0,lsnm2024_ddos_udp
2023-12-07 13:39:53.000000000,BENIGN,0,1.0,26.0,364.0,35031000000.0,50000000.0,14.0,0.0,6.0,lsnm2024_ddos_udp
2023-12-07 13:39:53.000000000,BENIGN,0,1.0,29.0,364.0,44265000000.0,50000000.0,12.551724137931034,0.0,6.0,lsnm2024_ddos_udp
2023-12-07 13:39:55.000000000,BENIGN,0,1.0,28.0,394.0,33229000000.0,50000000.0,14.071428571428571,0.0,6.0,lsnm2024_ddos_udp
2023-12-07 13:39:59.000000000,BENIGN,0,1.0,29.0,777.0,16527000000.0,50000000.0,26.79310344827586,0.0,6.0,lsnm2024_ddos_udp
2023-12-07 13:39:59.000000000,BENIGN,0,1.0,27.0,615.0,18722000000.0,50000000.0,22.77777777777778,0.0,6.0,lsnm2024_ddos_udp
2023-12-07 13:40:01.000000000,BENIGN,0,1.0,28.0,595.0,14011000000.0,50000000.0,21.25,0.0,6.0,lsnm2024_ddos_udp
2023-12-07 13:40:03.000000000,BENIGN,0,1.0,25.0,430.0,24006000000.0,50000000.0,17.2,0.0,6.0,lsnm2024_ddos_udp
2023-12-07 13:40:04.000000000,BENIGN,0,1000000.0,27.0,382.0,92068.0,50.0,14.148148148148149,0.0,6.0,lsnm2024_ddos_udp
2023-12-07 13:40:05.000000000,BENIGN,0,1.0,27.0,191.0,65646000000.0,50000000.0,7.074074074074074,0.0,6.0,lsnm2024_ddos_udp
2023-12-07 13:40:05.000000000,BENIGN,0,1.0,26.0,191.0,60142000000.0,50000000.0,7.346153846153846,0.0,6.0,lsnm2024_ddos_udp
2023-12-07 13:40:05.000000000,BENIGN,0,1.0,26.0,191.0,65918000000.0,50000000.0,7.346153846153846,0.0,6.0,lsnm2024_ddos_udp
2023-12-07 13:40:08.000000000,BENIGN,0,1.0,27.0,409.0,66153000000.0,50000000.0,15.148148148148149,0.0,6.0,lsnm2024_ddos_udp
2023-12-07 13:40:11.000000000,BENIGN,0,1.0,28.0,596.0,17996000000.0,50000000.0,21.285714285714285,0.0,6.0,lsnm2024_ddos_udp
2023-12-07 13:40:13.000000000,BENIGN,0,1.0,28.0,374.0,17997000000.0,50000000.0,13.357142857142858,0.0,6.0,lsnm2024_ddos_udp
2023-12-07 13:41:06.000000000,BENIGN,0,65000000.0,50.0,1280.0,19.692307692307693,0.7692307692307693,25.6,0.0,17.0,lsnm2024_ddos_udp
2023-12-07 13:42:14.000000000,BENIGN,0,4000000.0,28.0,750.0,4234.25,12.5,26.785714285714285,0.0,6.0,lsnm2024_ddos_udp
2023-12-07 13:42:20.000000000,BENIGN,0,1.0,26.0,205.0,43972000000.0,50000000.0,7.884615384615385,0.0,6.0,lsnm2024_ddos_udp
2023-12-07 13:42:21.000000000,BENIGN,0,1.0,32.0,395.0,12314000000.0,50000000.0,12.34375,0.0,6.0,lsnm2024_ddos_udp
2023-12-07 13:42:22.000000000,BENIGN,0,1000000.0,26.0,579.0,15863.0,50.0,22.26923076923077,0.0,6.0,lsnm2024_ddos_udp
2023-12-07 13:42:24.000000000,BENIGN,0,1.0,27.0,596.0,21796000000.0,50000000.0,22.074074074074073,0.0,6.0,lsnm2024_ddos_udp
2023-12-07 13:42:25.000000000,BENIGN,0,1.0,29.0,561.0,9241000000.0,50000000.0,19.344827586206897,0.0,6.0,lsnm2024_ddos_udp
2023-12-07 13:42:26.000000000,BENIGN,0,1.0,26.0,635.0,22775000000.0,50000000.0,24.423076923076923,0.0,6.0,lsnm2024_ddos_udp
2023-12-07 13:42:26.000000000,BENIGN,0,1.0,29.0,189.0,13204000000.0,50000000.0,6.517241379310345,0.0,6.0,lsnm2024_ddos_udp
2023-12-07 13:42:28.000000000,BENIGN,0,1.0,28.0,406.0,17627000000.0,50000000.0,14.5,0.0,6.0,lsnm2024_ddos_udp
2023-12-07 13:42:28.000000000,BENIGN,0,1.0,27.0,588.0,16008000000.0,50000000.0,21.77777777777778,0.0,6.0,lsnm2024_ddos_udp
2023-12-07 13:42:28.000000000,BENIGN,0,1000000.0,26.0,779.0,18186.0,50.0,29.96153846153846,0.0,6.0,lsnm2024_ddos_udp
2023-12-07 13:42:29.000000000,BENIGN,0,1.0,29.0,603.0,19705000000.0,50000000.0,20.79310344827586,0.0,6.0,lsnm2024_ddos_udp
2023-12-07 13:42:30.000000000,BENIGN,0,1.0,28.0,396.0,17258000000.0,50000000.0,14.142857142857142,0.0,6.0,lsnm2024_ddos_udp
2023-12-07 13:42:31.000000000,BENIGN,0,1.0,27.0,585.0,21056000000.0,50000000.0,21.666666666666668,0.0,6.0,lsnm2024_ddos_udp
2023-12-07 13:42:31.000000000,BENIGN,0,1.0,28.0,446.0,23743000000.0,50000000.0,15.928571428571429,0.0,6.0,lsnm2024_ddos_udp
2023-12-07 13:42:33.000000000,BENIGN,0,1.0,27.0,613.0,14889000000.0,50000000.0,22.703703703703702,0.0,6.0,lsnm2024_ddos_udp
2023-12-07 13:42:34.000000000,BENIGN,0,1.0,26.0,802.0,20539000000.0,50000000.0,30.846153846153847,0.0,6.0,lsnm2024_ddos_udp
2023-12-07 13:42:38.000000000,BENIGN,0,1.0,27.0,687.0,11165000000.0,50000000.0,25.444444444444443,0.0,6.0,lsnm2024_ddos_udp
2023-12-07 13:42:40.000000000,BENIGN,0,1.0,26.0,638.0,16587000000.0,50000000.0,24.53846153846154,0.0,6.0,lsnm2024_ddos_udp
2023-12-07 13:42:42.000000000,BENIGN,0,1.0,27.0,617.0,20802000000.0,50000000.0,22.85185185185185,0.0,6.0,lsnm2024_ddos_udp
2023-12-07 13:42:43.000000000,BENIGN,0,1000000.0,27.0,625.0,21712.0,50.0,23.14814814814815,0.0,6.0,lsnm2024_ddos_udp
2023-12-07 13:42:44.000000000,BENIGN,0,1.0,31.0,226.0,13439000000.0,50000000.0,7.290322580645161,0.0,6.0,lsnm2024_ddos_udp
2023-12-07 13:42:47.000000000,BENIGN,0,1.0,31.0,562.0,10276000000.0,50000000.0,18.129032258064516,0.0,6.0,lsnm2024_ddos_udp
2023-12-07 13:42:49.000000000,BENIGN,0,1.0,28.0,394.0,24639000000.0,50000000.0,14.071428571428571,0.0,6.0,lsnm2024_ddos_udp
2023-12-07 13:42:50.000000000,BENIGN,0,1.0,27.0,1075.0,15441000000.0,50000000.0,39.81481481481482,0.0,6.0,lsnm2024_ddos_udp
2023-12-07 13:42:51.000000000,BENIGN,0,1000000.0,27.0,798.0,23686.0,50.0,29.555555555555557,0.0,6.0,lsnm2024_ddos_udp
2023-12-07 13:42:52.000000000,BENIGN,0,1000000.0,27.0,857.0,18275.0,50.0,31.74074074074074,0.0,6.0,lsnm2024_ddos_udp
2023-12-07 13:42:52.000000000,BENIGN,0,1.0,27.0,594.0,23497000000.0,50000000.0,22.0,0.0,6.0,lsnm2024_ddos_udp
2023-12-07 13:42:53.000000000,BENIGN,0,1.0,27.0,841.0,15456000000.0,50000000.0,31.14814814814815,0.0,6.0,lsnm2024_ddos_udp
2023-12-07 13:42:54.000000000,BENIGN,0,1000000.0,26.0,814.0,25242.0,50.0,31.307692307692307,0.0,6.0,lsnm2024_ddos_udp
2023-12-07 13:42:54.000000000,BENIGN,0,1.0,27.0,845.0,10917000000.0,50000000.0,31.296296296296298,0.0,6.0,lsnm2024_ddos_udp
2023-12-07 13:42:55.000000000,BENIGN,0,1000000.0,26.0,649.0,13249.0,50.0,24.96153846153846,0.0,6.0,lsnm2024_ddos_udp
2023-12-07 13:42:56.000000000,BENIGN,0,1.0,29.0,177.0,13901000000.0,50000000.0,6.103448275862069,0.0,6.0,lsnm2024_ddos_udp
2023-12-07 13:42:56.000000000,BENIGN,0,1.0,28.0,626.0,22028000000.0,50000000.0,22.357142857142858,0.0,6.0,lsnm2024_ddos_udp
2023-12-07 13:42:59.000000000,BENIGN,0,1.0,29.0,616.0,18542000000.0,50000000.0,21.24137931034483,0.0,6.0,lsnm2024_ddos_udp
2023-12-07 13:43:00.000000000,BENIGN,0,1000000.0,27.0,615.0,18192.0,50.0,22.77777777777778,0.0,6.0,lsnm2024_ddos_udp
2023-12-07 13:43:00.000000000,BENIGN,0,1.0,27.0,615.0,19016000000.0,50000000.0,22.77777777777778,0.0,6.0,lsnm2024_ddos_udp
2023-12-07 13:43:01.000000000,BENIGN,0,1.0,27.0,615.0,18334000000.0,50000000.0,22.77777777777778,0.0,6.0,lsnm2024_ddos_udp
2023-12-07 13:43:03.000000000,BENIGN,0,1000000.0,26.0,352.0,19528.0,50.0,13.538461538461538,0.0,6.0,lsnm2024_ddos_udp
2023-12-07 13:43:03.000000000,BENIGN,0,1.0,28.0,362.0,15053000000.0,50000000.0,12.928571428571429,0.0,6.0,lsnm2024_ddos_udp
2023-12-07 13:43:05.000000000,BENIGN,0,1.0,28.0,404.0,30033000000.0,50000000.0,14.428571428571429,0.0,6.0,lsnm2024_ddos_udp
2023-12-07 13:43:07.000000000,BENIGN,0,1000000.0,29.0,626.0,18226.0,50.0,21.586206896551722,0.0,6.0,lsnm2024_ddos_udp
2023-12-07 13:43:10.000000000,BENIGN,0,1000000.0,26.0,429.0,24631.0,50.0,16.5,0.0,6.0,lsnm2024_ddos_udp
2023-12-07 13:43:10.000000000,BENIGN,0,1.0,27.0,850.0,19406000000.0,50000000.0,31.48148148148148,0.0,6.0,lsnm2024_ddos_udp
2023-12-07 13:43:11.000000000,BENIGN,0,1.0,27.0,621.0,22567000000.0,50000000.0,23.0,0.0,6.0,lsnm2024_ddos_udp
2023-12-07 13:43:12.000000000,BENIGN,0,1.0,27.0,417.0,21396000000.0,50000000.0,15.444444444444445,0.0,6.0,lsnm2024_ddos_udp
2023-12-07 13:43:13.000000000,BENIGN,0,1.0,27.0,418.0,24142000000.0,50000000.0,15.481481481481481,0.0,6.0,lsnm2024_ddos_udp
2023-12-07 13:43:16.000000000,BENIGN,0,1.0,26.0,195.0,31362000000.0,50000000.0,7.5,0.0,6.0,lsnm2024_ddos_udp
2023-12-07 13:43:17.000000000,BENIGN,0,1.0,27.0,584.0,17951000000.0,50000000.0,21.62962962962963,0.0,6.0,lsnm2024_ddos_udp
2023-12-07 13:43:17.000000000,BENIGN,0,1.0,26.0,399.0,25149000000.0,50000000.0,15.346153846153847,0.0,6.0,lsnm2024_ddos_udp
2023-12-07 13:43:18.000000000,BENIGN,0,1.0,23.0,0.0,78127000000.0,50000000.0,0.0,0.0,6.0,lsnm2024_ddos_udp
2023-12-07 13:43:19.000000000,BENIGN,0,1.0,23.0,0.0,69358000000.0,50000000.0,0.0,0.0,6.0,lsnm2024_ddos_udp
2023-12-07 13:43:21.000000000,BENIGN,0,1.0,20.0,0.0,46592000000.0,50000000.0,0.0,0.0,6.0,lsnm2024_ddos_udp
2023-12-07 13:43:21.000000000,BENIGN,0,1000000.0,24.0,253.0,30046.0,50.0,10.541666666666666,0.0,6.0,lsnm2024_ddos_udp
2023-12-07 13:43:22.000000000,BENIGN,0,1.0,20.0,0.0,45144000000.0,50000000.0,0.0,0.0,6.0,lsnm2024_ddos_udp
2023-12-07 13:43:23.000000000,BENIGN,0,1000000.0,22.0,188.0,34837.0,50.0,8.545454545454545,0.0,6.0,lsnm2024_ddos_udp
2023-12-07 13:43:23.000000000,BENIGN,0,1.0,25.0,0.0,39592000000.0,50000000.0,0.0,0.0,6.0,lsnm2024_ddos_udp
2023-12-07 13:43:25.000000000,BENIGN,0,1.0,27.0,178.0,36239000000.0,50000000.0,6.592592592592593,0.0,6.0,lsnm2024_ddos_udp
2023-12-07 13:43:27.000000000,BENIGN,0,1.0,26.0,186.0,34632000000.0,50000000.0,7.153846153846154,0.0,6.0,lsnm2024_ddos_udp
2023-12-07 13:43:29.000000000,BENIGN,0,1000000.0,27.0,409.0,35247.0,50.0,15.148148148148149,0.0,6.0,lsnm2024_ddos_udp
2023-12-07 13:43:31.000000000,BENIGN,0,1.0,28.0,810.0,10998000000.0,50000000.0,28.928571428571427,0.0,6.0,lsnm2024_ddos_udp
2023-12-07 13:43:32.000000000,BENIGN,0,1.0,27.0,396.0,14149000000.0,50000000.0,14.666666666666666,0.0,6.0,lsnm2024_ddos_udp
2023-12-07 13:43:37.000000000,BENIGN,0,1.0,27.0,587.0,26755000000.0,50000000.0,21.74074074074074,0.0,6.0,lsnm2024_ddos_udp
2023-12-07 13:43:39.000000000,BENIGN,0,1000000.0,28.0,808.0,16402.0,50.0,28.857142857142858,0.0,6.0,lsnm2024_ddos_udp
2023-12-07 13:43:39.000000000,BENIGN,0,1.0,29.0,375.0,10213000000.0,50000000.0,12.931034482758621,0.0,6.0,lsnm2024_ddos_udp
2023-12-07 13:43:41.000000000,BENIGN,0,1.0,28.0,581.0,17908000000.0,50000000.0,20.75,0.0,6.0,lsnm2024_ddos_udp
2023-12-07 13:43:45.000000000,BENIGN,0,1.0,27.0,623.0,10293000000.0,50000000.0,23.074074074074073,0.0,6.0,lsnm2024_ddos_udp
2023-12-07 13:43:45.000000000,BENIGN,0,1000000.0,28.0,749.0,15840.0,50.0,26.75,0.0,6.0,lsnm2024_ddos_udp
2023-12-07 13:43:47.000000000,BENIGN,0,1000000.0,29.0,586.0,14787.0,50.0,20.20689655172414,0.0,6.0,lsnm2024_ddos_udp
2023-12-07 13:43:48.000000000,BENIGN,0,1.0,28.0,592.0,14134000000.0,50000000.0,21.142857142857142,0.0,6.0,lsnm2024_ddos_udp
2023-12-07 13:43:48.000000000,BENIGN,0,1.0,27.0,567.0,7080000000.0,50000000.0,21.0,0.0,6.0,lsnm2024_ddos_udp
2023-12-07 13:43:49.000000000,BENIGN,0,1.0,29.0,388.0,15098000000.0,50000000.0,13.379310344827585,0.0,6.0,lsnm2024_ddos_udp
2023-12-07 13:43:49.000000000,BENIGN,0,1.0,28.0,396.0,15835000000.0,50000000.0,14.142857142857142,0.0,6.0,lsnm2024_ddos_udp
2023-12-07 13:43:51.000000000,BENIGN,0,1.0,27.0,790.0,13353000000.0,50000000.0,29.25925925925926,0.0,6.0,lsnm2024_ddos_udp
2023-12-07 13:43:54.000000000,BENIGN,0,1.0,30.0,618.0,14700000000.0,50000000.0,20.6,0.0,6.0,lsnm2024_ddos_udp
2023-12-07 13:43:56.000000000,BENIGN,0,1.0,28.0,597.0,15843000000.0,50000000.0,21.321428571428573,0.0,6.0,lsnm2024_ddos_udp
2023-12-07 13:43:58.000000000,BENIGN,0,1.0,25.0,178.0,30742000000.0,50000000.0,7.12,0.0,6.0,lsnm2024_ddos_udp
2023-12-07 13:43:58.000000000,BENIGN,0,1000000.0,27.0,390.0,58157.0,50.0,14.444444444444445,0.0,6.0,lsnm2024_ddos_udp
2023-12-07 13:44:01.000000000,BENIGN,0,1.0,28.0,609.0,13401000000.0,50000000.0,21.75,0.0,6.0,lsnm2024_ddos_udp
2023-12-07 13:44:01.000000000,BENIGN,0,1.0,27.0,609.0,13625000000.0,50000000.0,22.555555555555557,0.0,6.0,lsnm2024_ddos_udp
2023-12-07 13:44:04.000000000,BENIGN,0,1.0,27.0,346.0,34734000000.0,50000000.0,12.814814814814815,0.0,6.0,lsnm2024_ddos_udp
2023-12-07 13:44:07.000000000,BENIGN,0,1000000.0,26.0,366.0,17863.0,50.0,14.076923076923077,0.0,6.0,lsnm2024_ddos_udp
2023-12-07 13:44:08.000000000,BENIGN,0,1000000.0,29.0,651.0,12261.0,50.0,22.448275862068964,0.0,6.0,lsnm2024_ddos_udp
2023-12-07 13:44:08.000000000,BENIGN,0,1.0,28.0,852.0,13849000000.0,50000000.0,30.428571428571427,0.0,6.0,lsnm2024_ddos_udp
2023-12-07 13:44:15.000000000,BENIGN,0,1.0,26.0,392.0,25936000000.0,50000000.0,15.076923076923077,0.0,6.0,lsnm2024_ddos_udp
2023-12-07 13:44:16.000000000,BENIGN,0,1.0,28.0,0.0,19774000000.0,50000000.0,0.0,0.0,6.0,lsnm2024_ddos_udp
2023-12-07 13:44:16.000000000,BENIGN,0,1000000.0,28.0,624.0,16940.0,50.0,22.285714285714285,0.0,6.0,lsnm2024_ddos_udp
2023-12-07 13:44:17.000000000,BENIGN,0,1.0,27.0,624.0,15139000000.0,50000000.0,23.11111111111111,0.0,6.0,lsnm2024_ddos_udp
2023-12-07 13:44:19.000000000,BENIGN,0,1000000.0,26.0,590.0,24740.0,50.0,22.692307692307693,0.0,6.0,lsnm2024_ddos_udp
2023-12-07 13:44:47.000000000,BENIGN,0,1.0,32.0,436.0,25062000000.0,50000000.0,13.625,0.0,6.0,lsnm2024_ddos_udp
2023-12-07 13:44:47.000000000,BENIGN,0,1.0,27.0,352.0,32513000000.0,50000000.0,13.037037037037036,0.0,6.0,lsnm2024_ddos_udp
2023-12-07 13:44:48.000000000,BENIGN,0,1.0,26.0,366.0,49993000000.0,50000000.0,14.076923076923077,0.0,6.0,lsnm2024_ddos_udp
2023-12-07 13:44:48.000000000,BENIGN,0,1000000.0,26.0,366.0,41560.0,50.0,14.076923076923077,0.0,6.0,lsnm2024_ddos_udp
2023-12-07 13:44:55.000000000,BENIGN,0,1000000.0,28.0,600.0,32252.0,50.0,21.428571428571427,0.0,6.0,lsnm2024_ddos_udp
2023-12-07 13:44:56.000000000,BENIGN,0,1.0,27.0,423.0,25210000000.0,50000000.0,15.666666666666666,0.0,6.0,lsnm2024_ddos_udp
2023-12-07 13:44:59.000000000,BENIGN,0,1000000.0,29.0,414.0,26331.0,50.0,14.275862068965518,0.0,6.0,lsnm2024_ddos_udp
2023-12-07 13:45:00.000000000,BENIGN,0,1.0,27.0,404.0,22627000000.0,50000000.0,14.962962962962964,0.0,6.0,lsnm2024_ddos_udp
2023-12-07 13:45:00.000000000,BENIGN,0,1000000.0,27.0,414.0,36194.0,50.0,15.333333333333334,0.0,6.0,lsnm2024_ddos_udp
2023-12-07 13:45:00.000000000,BENIGN,0,1.0,27.0,600.0,31227000000.0,50000000.0,22.22222222222222,0.0,6.0,lsnm2024_ddos_udp
2023-12-07 13:45:01.000000000,BENIGN,0,1.0,27.0,631.0,28888000000.0,50000000.0,23.37037037037037,0.0,6.0,lsnm2024_ddos_udp
2023-12-07 13:45:04.000000000,BENIGN,0,66000000.0,50.0,1170.0,17.727272727272727,0.7575757575757576,23.4,0.0,17.0,lsnm2024_ddos_udp
2023-12-07 13:45:05.000000000,BENIGN,0,1.0,27.0,404.0,27560000000.0,50000000.0,14.962962962962964,0.0,6.0,lsnm2024_ddos_udp
2023-12-07 13:45:06.000000000,BENIGN,0,1.0,28.0,404.0,26022000000.0,50000000.0,14.428571428571429,0.0,6.0,lsnm2024_ddos_udp
2023-12-07 13:45:07.000000000,BENIGN,0,1000000.0,26.0,600.0,30274.0,50.0,23.076923076923077,0.0,6.0,lsnm2024_ddos_udp
2023-12-07 13:45:10.000000000,BENIGN,0,1.0,28.0,834.0,21123000000.0,50000000.0,29.785714285714285,0.0,6.0,lsnm2024_ddos_udp
2023-12-07 13:45:11.000000000,BENIGN,0,1.0,27.0,829.0,15751000000.0,50000000.0,30.703703703703702,0.0,6.0,lsnm2024_ddos_udp
2023-12-07 13:45:15.000000000,BENIGN,0,1.0,27.0,805.0,13541000000.0,50000000.0,29.814814814814813,0.0,6.0,lsnm2024_ddos_udp
2023-12-07 13:45:17.000000000,BENIGN,0,1000000.0,26.0,620.0,20860.0,50.0,23.846153846153847,0.0,6.0,lsnm2024_ddos_udp
2023-12-07 13:45:18.000000000,BENIGN,0,1.0,26.0,414.0,32154000000.0,50000000.0,15.923076923076923,0.0,6.0,lsnm2024_ddos_udp
2023-12-07 13:45:21.000000000,BENIGN,0,1000000.0,28.0,414.0,33233.0,50.0,14.785714285714286,0.0,6.0,lsnm2024_ddos_udp
2023-12-07 13:45:24.000000000,BENIGN,0,1000000.0,26.0,600.0,25037.0,50.0,23.076923076923077,0.0,6.0,lsnm2024_ddos_udp
2023-12-07 13:45:24.000000000,BENIGN,0,1.0,27.0,382.0,25917000000.0,50000000.0,14.148148148148149,0.0,6.0,lsnm2024_ddos_udp
2023-12-07 13:45:26.000000000,BENIGN,0,1.0,28.0,600.0,27505000000.0,50000000.0,21.428571428571427,0.0,6.0,lsnm2024_ddos_udp
2023-12-07 13:45:26.000000000,BENIGN,0,1.0,27.0,382.0,30503000000.0,50000000.0,14.148148148148149,0.0,6.0,lsnm2024_ddos_udp
2023-12-07 13:45:29.000000000,BENIGN,0,1000000.0,25.0,375.0,19614.0,50.0,15.0,0.0,6.0,lsnm2024_ddos_udp
2023-12-07 13:45:31.000000000,BENIGN,0,1.0,30.0,440.0,18944000000.0,50000000.0,14.666666666666666,0.0,6.0,lsnm2024_ddos_udp
2023-12-07 13:45:36.000000000,BENIGN,0,1.0,27.0,583.0,25923000000.0,50000000.0,21.59259259259259,0.0,6.0,lsnm2024_ddos_udp
2023-12-07 13:45:36.000000000,BENIGN,0,1.0,27.0,384.0,25992000000.0,50000000.0,14.222222222222221,0.0,6.0,lsnm2024_ddos_udp
2023-12-07 13:45:37.000000000,BENIGN,0,1.0,28.0,614.0,18306000000.0,50000000.0,21.928571428571427,0.0,6.0,lsnm2024_ddos_udp
2023-12-07 13:45:37.000000000,BENIGN,0,1.0,32.0,413.0,11966000000.0,50000000.0,12.90625,0.0,6.0,lsnm2024_ddos_udp
2023-12-07 13:45:39.000000000,BENIGN,0,1.0,27.0,757.0,29295000000.0,50000000.0,28.037037037037038,0.0,6.0,lsnm2024_ddos_udp
2023-12-07 13:45:39.000000000,BENIGN,0,1.0,28.0,422.0,16606000000.0,50000000.0,15.071428571428571,0.0,6.0,lsnm2024_ddos_udp
2023-12-07 13:45:40.000000000,BENIGN,0,1.0,27.0,617.0,18146000000.0,50000000.0,22.85185185185185,0.0,6.0,lsnm2024_ddos_udp
2023-12-07 13:45:40.000000000,BENIGN,0,1.0,32.0,217.0,10830000000.0,50000000.0,6.78125,0.0,6.0,lsnm2024_ddos_udp
2023-12-07 13:45:40.000000000,BENIGN,0,1000000.0,27.0,601.0,17022.0,50.0,22.25925925925926,0.0,6.0,lsnm2024_ddos_udp
2023-12-07 13:45:41.000000000,BENIGN,0,1.0,26.0,567.0,25481000000.0,50000000.0,21.807692307692307,0.0,6.0,lsnm2024_ddos_udp
2023-12-07 13:45:41.000000000,BENIGN,0,1000000.0,27.0,596.0,24243.0,50.0,22.074074074074073,0.0,6.0,lsnm2024_ddos_udp
2023-12-07 13:45:42.000000000,BENIGN,0,1000000.0,26.0,1067.0,55505.0,50.0,41.03846153846154,0.0,6.0,lsnm2024_ddos_udp
2023-12-07 13:45:42.000000000,BENIGN,0,1.0,27.0,217.0,26204000000.0,50000000.0,8.037037037037036,0.0,6.0,lsnm2024_ddos_udp
2023-12-07 13:45:43.000000000,BENIGN,0,1.0,26.0,1082.0,73807000000.0,50000000.0,41.61538461538461,0.0,6.0,lsnm2024_ddos_udp
2023-12-07 13:46:08.000000000,BENIGN,0,1.0,25.0,407.0,52016000000.0,50000000.0,16.28,0.0,6.0,lsnm2024_ddos_udp
2023-12-07 13:46:09.000000000,BENIGN,0,1.0,25.0,0.0,114440000000.0,50000000.0,0.0,0.0,6.0,lsnm2024_ddos_udp
2023-12-07 13:46:09.000000000,BENIGN,0,1.0,25.0,0.0,60488000000.0,50000000.0,0.0,0.0,6.0,lsnm2024_ddos_udp
2023-12-07 13:46:09.000000000,BENIGN,0,1.0,24.0,0.0,66488000000.0,50000000.0,0.0,0.0,6.0,lsnm2024_ddos_udp
2023-12-07 13:46:09.000000000,BENIGN,0,1.0,23.0,0.0,64584000000.0,50000000.0,0.0,0.0,6.0,lsnm2024_ddos_udp
2023-12-07 13:46:09.000000000,BENIGN,0,1.0,24.0,0.0,56144000000.0,50000000.0,0.0,0.0,6.0,lsnm2024_ddos_udp
2023-12-07 13:46:16.000000000,BENIGN,0,1000000.0,26.0,630.0,51174.0,50.0,24.23076923076923,0.0,6.0,lsnm2024_ddos_udp
2023-12-07 13:46:16.000000000,BENIGN,0,1.0,28.0,460.0,53966000000.0,50000000.0,16.428571428571427,0.0,6.0,lsnm2024_ddos_udp
2023-12-07 13:46:17.000000000,BENIGN,0,1.0,27.0,528.0,55619000000.0,50000000.0,19.555555555555557,0.0,6.0,lsnm2024_ddos_udp
2023-12-07 13:51:12.000000000,BENIGN,0,9000000.0,29.0,5551.0,3885.222222222222,5.555555555555555,191.41379310344828,0.0,6.0,lsnm2024_ddos_udp
2023-12-07 13:51:21.000000000,BENIGN,0,53000000.0,27.0,7407.0,615.9056603773585,0.9433962264150944,274.3333333333333,0.0,6.0,lsnm2024_ddos_udp
2023-12-07 13:54:27.000000000,BENIGN,0,71000000.0,50.0,2050.0,28.87323943661972,0.704225352112676,41.0,26.0,17.0,lsnm2024_ddos_udp
2023-12-07 13:54:27.000000000,BENIGN,0,1.0,19.0,586440.0,586440000000.0,50000000.0,30865.263157894737,1448.0,6.0,lsnm2024_ddos_udp
2023-12-07 13:54:27.000000000,BENIGN,0,1.0,9.0,260640.0,260640000000.0,50000000.0,28960.0,4344.0,6.0,lsnm2024_ddos_udp
2023-12-07 13:54:27.000000000,BENIGN,0,1.0,22.0,140128.0,140128000000.0,50000000.0,6369.454545454545,2896.0,6.0,lsnm2024_ddos_udp
2023-12-07 13:54:28.000000000,BENIGN,0,1.0,19.0,456120.0,456120000000.0,50000000.0,24006.315789473683,3624.0,6.0,lsnm2024_ddos_udp
2023-12-07 13:54:28.000000000,BENIGN,0,1.0,27.0,195264.0,195264000000.0,50000000.0,7232.0,504.0,6.0,lsnm2024_ddos_udp
2023-12-07 13:54:28.000000000,BENIGN,0,1.0,28.0,662704.0,662704000000.0,50000000.0,23668.0,976.0,6.0,lsnm2024_ddos_udp
2023-12-07 13:54:28.000000000,BENIGN,0,1.0,22.0,631048.0,631048000000.0,50000000.0,28684.0,5384.0,6.0,lsnm2024_ddos_udp
2023-12-07 13:54:28.000000000,BENIGN,0,1.0,24.0,702280.0,702280000000.0,50000000.0,29261.666666666668,2352.0,6.0,lsnm2024_ddos_udp
2023-12-07 13:54:28.000000000,BENIGN,0,1.0,18.0,590816.0,590816000000.0,50000000.0,32823.11111111111,4376.0,6.0,lsnm2024_ddos_udp
2023-12-07 13:54:28.000000000,BENIGN,0,1.0,26.0,193616.0,193616000000.0,50000000.0,7446.7692307692305,2280.0,6.0,lsnm2024_ddos_udp
2023-12-07 13:54:28.000000000,BENIGN,0,1.0,26.0,185696.0,185696000000.0,50000000.0,7142.153846153846,456.0,6.0,lsnm2024_ddos_udp
2023-12-07 13:54:28.000000000,BENIGN,0,1.0,24.0,382248.0,382248000000.0,50000000.0,15927.0,3272.0,6.0,lsnm2024_ddos_udp
2023-12-07 13:54:28.000000000,BENIGN,0,1.0,28.0,340088.0,340088000000.0,50000000.0,12146.0,352.0,6.0,lsnm2024_ddos_udp
2023-12-07 13:54:28.000000000,BENIGN,0,1000000.0,26.0,220112.0,220112.0,50.0,8465.846153846154,1040.0,6.0,lsnm2024_ddos_udp
2023-12-07 13:54:28.000000000,BENIGN,0,1.0,26.0,191208.0,191208000000.0,50000000.0,7354.153846153846,2568.0,6.0,lsnm2024_ddos_udp
2023-12-07 13:54:28.000000000,BENIGN,0,1.0,17.0,742824.0,742824000000.0,50000000.0,43695.529411764706,7704.0,6.0,lsnm2024_ddos_udp
2023-12-07 13:54:28.000000000,BENIGN,0,1.0,21.0,781920.0,781920000000.0,50000000.0,37234.28571428572,2896.0,6.0,lsnm2024_ddos_udp
2023-12-07 13:54:28.000000000,BENIGN,0,1.0,26.0,194600.0,194600000000.0,50000000.0,7484.615384615385,48.0,6.0,lsnm2024_ddos_udp
2023-12-07 13:54:29.000000000,BENIGN,0,1.0,20.0,532880.0,532880000000.0,50000000.0,26644.0,7312.0,6.0,lsnm2024_ddos_udp
2023-12-07 13:54:29.000000000,BENIGN,0,1.0,26.0,185720.0,185720000000.0,50000000.0,7143.076923076923,1264.0,6.0,lsnm2024_ddos_udp
2023-12-07 13:54:29.000000000,BENIGN,0,1.0,26.0,182784.0,182784000000.0,50000000.0,7030.153846153846,2256.0,6.0,lsnm2024_ddos_udp
2023-12-07 13:54:29.000000000,BENIGN,0,1.0,28.0,362792.0,362792000000.0,50000000.0,12956.857142857143,2984.0,6.0,lsnm2024_ddos_udp
2023-12-07 13:54:29.000000000,BENIGN,0,1.0,26.0,203360.0,203360000000.0,50000000.0,7821.538461538462,2944.0,6.0,lsnm2024_ddos_udp
2023-12-07 13:54:29.000000000,BENIGN,0,1.0,18.0,347104.0,347104000000.0,50000000.0,19283.555555555555,2744.0,6.0,lsnm2024_ddos_udp
2023-12-07 13:54:29.000000000,BENIGN,0,1.0,23.0,456120.0,456120000000.0,50000000.0,19831.304347826088,3504.0,6.0,lsnm2024_ddos_udp
2023-12-07 13:54:29.000000000,BENIGN,0,1.0,25.0,276584.0,276584000000.0,50000000.0,11063.36,72.0,6.0,lsnm2024_ddos_udp
2023-12-07 13:54:29.000000000,BENIGN,0,1.0,22.0,447376.0,447376000000.0,50000000.0,20335.272727272728,5744.0,6.0,lsnm2024_ddos_udp
2023-12-07 13:54:29.000000000,BENIGN,0,1.0,26.0,190960.0,190960000000.0,50000000.0,7344.615384615385,1944.0,6.0,lsnm2024_ddos_udp
2023-12-07 13:54:29.000000000,BENIGN,0,1.0,27.0,350512.0,350512000000.0,50000000.0,12981.925925925925,1584.0,6.0,lsnm2024_ddos_udp
2023-12-07 13:54:29.000000000,BENIGN,0,1.0,25.0,258672.0,258672000000.0,50000000.0,10346.88,2752.0,6.0,lsnm2024_ddos_udp
2023-12-07 13:54:29.000000000,BENIGN,0,1.0,29.0,313648.0,313648000000.0,50000000.0,10815.448275862069,1448.0,6.0,lsnm2024_ddos_udp
2023-12-07 13:54:29.000000000,BENIGN,0,1.0,22.0,289368.0,289368000000.0,50000000.0,13153.09090909091,2368.0,6.0,lsnm2024_ddos_udp
2023-12-07 13:54:29.000000000,BENIGN,0,1.0,26.0,184800.0,184800000000.0,50000000.0,7107.692307692308,2688.0,6.0,lsnm2024_ddos_udp
2023-12-07 13:54:29.000000000,BENIGN,0,1.0,27.0,468400.0,468400000000.0,50000000.0,17348.14814814815,4240.0,6.0,lsnm2024_ddos_udp
2023-12-07 13:54:29.000000000,BENIGN,0,1.0,25.0,348384.0,348384000000.0,50000000.0,13935.36,1592.0,6.0,lsnm2024_ddos_udp
2023-12-07 13:54:29.000000000,BENIGN,0,1.0,21.0,494992.0,494992000000.0,50000000.0,23571.04761904762,1376.0,6.0,lsnm2024_ddos_udp
2023-12-07 13:54:29.000000000,BENIGN,0,1.0,23.0,389432.0,389432000000.0,50000000.0,16931.82608695652,1432.0,6.0,lsnm2024_ddos_udp
2023-12-07 13:54:29.000000000,BENIGN,0,1.0,22.0,637040.0,637040000000.0,50000000.0,28956.363636363636,496.0,6.0,lsnm2024_ddos_udp
2023-12-07 13:54:29.000000000,BENIGN,0,1.0,24.0,318000.0,318000000000.0,50000000.0,13250.0,1672.0,6.0,lsnm2024_ddos_udp
2023-12-07 13:54:29.000000000,BENIGN,0,1.0,25.0,273056.0,273056000000.0,50000000.0,10922.24,1576.0,6.0,lsnm2024_ddos_udp
2023-12-07 13:54:30.000000000,BENIGN,0,1.0,19.0,388136.0,388136000000.0,50000000.0,20428.21052631579,6208.0,6.0,lsnm2024_ddos_udp
2023-12-07 13:54:30.000000000,BENIGN,0,1.0,20.0,325800.0,325800000000.0,50000000.0,16290.0,4984.0,6.0,lsnm2024_ddos_udp
2023-12-07 13:54:30.000000000,BENIGN,0,1.0,22.0,274152.0,274152000000.0,50000000.0,12461.454545454546,1400.0,6.0,lsnm2024_ddos_udp
2023-12-07 13:54:30.000000000,BENIGN,0,1.0,25.0,303016.0,303016000000.0,50000000.0,12120.64,1448.0,6.0,lsnm2024_ddos_udp
2023-12-07 13:54:30.000000000,BENIGN,0,1.0,24.0,269352.0,269352000000.0,50000000.0,11223.0,1448.0,6.0,lsnm2024_ddos_udp
2023-12-07 13:54:30.000000000,BENIGN,0,1.0,23.0,268328.0,268328000000.0,50000000.0,11666.434782608696,1712.0,6.0,lsnm2024_ddos_udp
2023-12-07 13:54:30.000000000,BENIGN,0,1.0,21.0,255848.0,255848000000.0,50000000.0,12183.238095238095,1912.0,6.0,lsnm2024_ddos_udp
2023-12-07 13:54:30.000000000,BENIGN,0,1.0,21.0,244808.0,244808000000.0,50000000.0,11657.52380952381,600.0,6.0,lsnm2024_ddos_udp
2023-12-07 13:54:30.000000000,BENIGN,0,1000000.0,17.0,276784.0,276784.0,50.0,16281.411764705883,1664.0,6.0,lsnm2024_ddos_udp
2023-12-07 13:54:30.000000000,BENIGN,0,1.0,23.0,430376.0,430376000000.0,50000000.0,18712.0,80.0,6.0,lsnm2024_ddos_udp
2023-12-07 13:54:30.000000000,BENIGN,0,1.0,23.0,406232.0,406232000000.0,50000000.0,17662.260869565216,904.0,6.0,lsnm2024_ddos_udp
2023-12-07 13:54:30.000000000,BENIGN,0,1.0,21.0,383320.0,383320000000.0,50000000.0,18253.333333333332,8.0,6.0,lsnm2024_ddos_udp
2023-12-07 13:54:30.000000000,BENIGN,0,1.0,25.0,426240.0,426240000000.0,50000000.0,17049.6,2008.0,6.0,lsnm2024_ddos_udp
2023-12-07 13:54:30.000000000,BENIGN,0,1.0,20.0,271888.0,271888000000.0,50000000.0,13594.4,472.0,6.0,lsnm2024_ddos_udp
2023-12-07 13:54:30.000000000,BENIGN,0,1.0,21.0,253144.0,253144000000.0,50000000.0,12054.47619047619,2400.0,6.0,lsnm2024_ddos_udp
2023-12-07 13:54:30.000000000,BENIGN,0,1.0,23.0,224728.0,224728000000.0,50000000.0,9770.782608695652,768.0,6.0,lsnm2024_ddos_udp
2023-12-07 13:54:30.000000000,BENIGN,0,1.0,22.0,266200.0,266200000000.0,50000000.0,12100.0,1448.0,6.0,lsnm2024_ddos_udp
2023-12-07 13:54:30.000000000,BENIGN,0,1.0,20.0,235272.0,235272000000.0,50000000.0,11763.6,1248.0,6.0,lsnm2024_ddos_udp
2023-12-07 13:54:30.000000000,BENIGN,0,1.0,26.0,418192.0,418192000000.0,50000000.0,16084.307692307691,3120.0,6.0,lsnm2024_ddos_udp
2023-12-07 13:54:30.000000000,BENIGN,0,1.0,22.0,310872.0,310872000000.0,50000000.0,14130.545454545454,1400.0,6.0,lsnm2024_ddos_udp
2023-12-07 13:54:30.000000000,BENIGN,0,1.0,27.0,424208.0,424208000000.0,50000000.0,15711.407407407407,816.0,6.0,lsnm2024_ddos_udp
2023-12-07 13:54:30.000000000,BENIGN,0,1.0,19.0,473472.0,473472000000.0,50000000.0,24919.57894736842,6896.0,6.0,lsnm2024_ddos_udp
2023-12-07 13:54:30.000000000,BENIGN,0,1.0,24.0,597088.0,597088000000.0,50000000.0,24878.666666666668,2048.0,6.0,lsnm2024_ddos_udp
2023-12-07 13:54:30.000000000,BENIGN,0,1.0,21.0,290712.0,290712000000.0,50000000.0,13843.42857142857,1024.0,6.0,lsnm2024_ddos_udp
2023-12-07 13:54:30.000000000,BENIGN,0,1.0,25.0,384752.0,384752000000.0,50000000.0,15390.08,576.0,6.0,lsnm2024_ddos_udp
2023-12-07 13:54:31.000000000,BENIGN,0,1.0,25.0,186632.0,186632000000.0,50000000.0,7465.28,4392.0,6.0,lsnm2024_ddos_udp
2023-12-07 13:54:31.000000000,BENIGN,0,1.0,25.0,174224.0,174224000000.0,50000000.0,6968.96,1240.0,6.0,lsnm2024_ddos_udp
2023-12-07 13:54:31.000000000,BENIGN,0,1.0,7.0,93816.0,93816000000.0,50000000.0,13402.285714285714,512.0,6.0,lsnm2024_ddos_udp
2023-12-07 13:54:31.000000000,BENIGN,0,1.0,28.0,198488.0,198488000000.0,50000000.0,7088.857142857143,1144.0,6.0,lsnm2024_ddos_udp
2023-12-07 13:54:31.000000000,BENIGN,0,1.0,27.0,182464.0,182464000000.0,50000000.0,6757.925925925926,112.0,6.0,lsnm2024_ddos_udp
2023-12-07 13:54:31.000000000,BENIGN,0,1.0,25.0,275336.0,275336000000.0,50000000.0,11013.44,824.0,6.0,lsnm2024_ddos_udp
2023-12-07 13:54:31.000000000,BENIGN,0,1.0,26.0,194768.0,194768000000.0,50000000.0,7491.076923076923,2000.0,6.0,lsnm2024_ddos_udp
2023-12-07 13:54:31.000000000,BENIGN,0,1.0,23.0,262424.0,262424000000.0,50000000.0,11409.739130434782,1824.0,6.0,lsnm2024_ddos_udp
2023-12-07 13:54:31.000000000,BENIGN,0,1.0,22.0,351840.0,351840000000.0,50000000.0,15992.727272727272,1608.0,6.0,lsnm2024_ddos_udp
2023-12-07 13:54:31.000000000,BENIGN,0,1.0,21.0,252376.0,252376000000.0,50000000.0,12017.904761904761,1448.0,6.0,lsnm2024_ddos_udp
2023-12-07 13:54:31.000000000,BENIGN,0,1.0,26.0,219920.0,219920000000.0,50000000.0,8458.461538461539,120.0,6.0,lsnm2024_ddos_udp
2023-12-07 13:54:31.000000000,BENIGN,0,1.0,27.0,181632.0,181632000000.0,50000000.0,6727.111111111111,800.0,6.0,lsnm2024_ddos_udp
2023-12-07 13:54:31.000000000,BENIGN,0,1.0,26.0,297512.0,297512000000.0,50000000.0,11442.76923076923,2080.0,6.0,lsnm2024_ddos_udp
2023-12-07 13:54:31.000000000,BENIGN,0,1.0,27.0,185424.0,185424000000.0,50000000.0,6867.555555555556,1032.0,6.0,lsnm2024_ddos_udp
2023-12-07 13:54:31.000000000,BENIGN,0,1.0,24.0,426480.0,426480000000.0,50000000.0,17770.0,2136.0,6.0,lsnm2024_ddos_udp
2023-12-07 13:54:31.000000000,BENIGN,0,1.0,19.0,335520.0,335520000000.0,50000000.0,17658.947368421053,304.0,6.0,lsnm2024_ddos_udp
2023-12-07 13:54:31.000000000,BENIGN,0,1.0,19.0,342248.0,342248000000.0,50000000.0,18013.052631578947,3272.0,6.0,lsnm2024_ddos_udp
2023-12-07 13:54:31.000000000,BENIGN,0,1.0,19.0,317152.0,317152000000.0,50000000.0,16692.21052631579,2896.0,6.0,lsnm2024_ddos_udp
2023-12-07 13:54:31.000000000,BENIGN,0,1.0,30.0,315072.0,315072000000.0,50000000.0,10502.4,544.0,6.0,lsnm2024_ddos_udp
2023-12-07 13:54:31.000000000,BENIGN,0,1.0,6.0,95152.0,95152000000.0,50000000.0,15858.666666666666,1448.0,6.0,lsnm2024_ddos_udp
2023-12-07 13:54:31.000000000,BENIGN,0,1.0,27.0,346072.0,346072000000.0,50000000.0,12817.481481481482,1336.0,6.0,lsnm2024_ddos_udp
2023-12-07 13:54:31.000000000,BENIGN,0,1.0,21.0,231424.0,231424000000.0,50000000.0,11020.190476190477,1072.0,6.0,lsnm2024_ddos_udp
2023-12-07 13:54:31.000000000,BENIGN,0,1.0,27.0,179248.0,179248000000.0,50000000.0,6638.814814814815,56.0,6.0,lsnm2024_ddos_udp
2023-12-07 13:54:31.000000000,BENIGN,0,1.0,21.0,286752.0,286752000000.0,50000000.0,13654.857142857143,2016.0,6.0,lsnm2024_ddos_udp
2023-12-07 13:54:32.000000000,BENIGN,0,1.0,25.0,224416.0,224416000000.0,50000000.0,8976.64,696.0,6.0,lsnm2024_ddos_udp
2023-12-07 13:54:32.000000000,BENIGN,0,1.0,23.0,505056.0,505056000000.0,50000000.0,21958.956521739132,5632.0,6.0,lsnm2024_ddos_udp
2023-12-07 13:54:32.000000000,BENIGN,0,1.0,23.0,432968.0,432968000000.0,50000000.0,18824.695652173912,1464.0,6.0,lsnm2024_ddos_udp
2023-12-07 13:54:32.000000000,BENIGN,0,1.0,23.0,322208.0,322208000000.0,50000000.0,14009.04347826087,3032.0,6.0,lsnm2024_ddos_udp
2023-12-07 13:54:32.000000000,BENIGN,0,1.0,22.0,350448.0,350448000000.0,50000000.0,15929.454545454546,200.0,6.0,lsnm2024_ddos_udp
2023-12-07 13:54:32.000000000,BENIGN,0,1.0,25.0,685704.0,685704000000.0,50000000.0,27428.16,1464.0,6.0,lsnm2024_ddos_udp
2023-12-07 13:54:32.000000000,BENIGN,0,1.0,24.0,477080.0,477080000000.0,50000000.0,19878.333333333332,2336.0,6.0,lsnm2024_ddos_udp
2023-12-07 13:54:32.000000000,BENIGN,0,1.0,24.0,436040.0,436040000000.0,50000000.0,18168.333333333332,1312.0,6.0,lsnm2024_ddos_udp
2023-12-07 13:54:32.000000000,BENIGN,0,1.0,19.0,390960.0,390960000000.0,50000000.0,20576.842105263157,752.0,6.0,lsnm2024_ddos_udp
2023-12-07 13:54:32.000000000,BENIGN,0,1.0,21.0,488024.0,488024000000.0,50000000.0,23239.238095238095,2136.0,6.0,lsnm2024_ddos_udp
2023-12-07 13:54:32.000000000,BENIGN,0,1.0,16.0,325800.0,325800000000.0,50000000.0,20362.5,2552.0,6.0,lsnm2024_ddos_udp
2023-12-07 13:54:32.000000000,BENIGN,0,1.0,20.0,272112.0,272112000000.0,50000000.0,13605.6,3976.0,6.0,lsnm2024_ddos_udp
2023-12-07 13:54:32.000000000,BENIGN,0,1.0,21.0,270088.0,270088000000.0,50000000.0,12861.333333333334,1640.0,6.0,lsnm2024_ddos_udp
2023-12-07 13:54:32.000000000,BENIGN,0,1.0,19.0,296936.0,296936000000.0,50000000.0,15628.21052631579,1064.0,6.0,lsnm2024_ddos_udp
2023-12-07 13:54:32.000000000,BENIGN,0,1.0,28.0,586440.0,586440000000.0,50000000.0,20944.285714285714,2904.0,6.0,lsnm2024_ddos_udp
2023-12-07 13:54:32.000000000,BENIGN,0,1.0,19.0,260640.0,260640000000.0,50000000.0,13717.894736842105,2232.0,6.0,lsnm2024_ddos_udp
2023-12-07 13:54:32.000000000,BENIGN,0,1.0,20.0,282760.0,282760000000.0,50000000.0,14138.0,1032.0,6.0,lsnm2024_ddos_udp
2023-12-07 13:54:32.000000000,BENIGN,0,1.0,24.0,536200.0,536200000000.0,50000000.0,22341.666666666668,2312.0,6.0,lsnm2024_ddos_udp
2023-12-07 13:54:32.000000000,BENIGN,0,1.0,20.0,318256.0,318256000000.0,50000000.0,15912.8,2128.0,6.0,lsnm2024_ddos_udp
2023-12-07 13:54:32.000000000,BENIGN,0,1.0,22.0,318768.0,318768000000.0,50000000.0,14489.454545454546,528.0,6.0,lsnm2024_ddos_udp
2023-12-07 13:54:32.000000000,BENIGN,0,1.0,23.0,532280.0,532280000000.0,50000000.0,23142.608695652172,1824.0,6.0,lsnm2024_ddos_udp
2023-12-07 13:54:32.000000000,BENIGN,0,1.0,21.0,298104.0,298104000000.0,50000000.0,14195.42857142857,72.0,6.0,lsnm2024_ddos_udp
2023-12-07 13:54:32.000000000,BENIGN,0,1.0,19.0,306560.0,306560000000.0,50000000.0,16134.736842105263,3256.0,6.0,lsnm2024_ddos_udp
2023-12-07 13:54:32.000000000,BENIGN,0,1.0,18.0,357552.0,357552000000.0,50000000.0,19864.0,2760.0,6.0,lsnm2024_ddos_udp
2023-12-07 13:54:32.000000000,BENIGN,0,1.0,17.0,325800.0,325800000000.0,50000000.0,19164.70588235294,5576.0,6.0,lsnm2024_ddos_udp
2023-12-07 13:54:33.000000000,BENIGN,0,1.0,21.0,340416.0,340416000000.0,50000000.0,16210.285714285714,1704.0,6.0,lsnm2024_ddos_udp
2023-12-07 13:54:33.000000000,BENIGN,0,1.0,20.0,456120.0,456120000000.0,50000000.0,22806.0,6800.0,6.0,lsnm2024_ddos_udp
2023-12-07 13:54:33.000000000,BENIGN,0,19000000.0,23.0,125857.0,6754.473684210527,2.6315789473684212,5472.04347826087,0.0,6.0,lsnm2024_ddos_udp
2023-12-07 13:54:33.000000000,BENIGN,0,1.0,20.0,376936.0,376936000000.0,50000000.0,18846.8,1936.0,6.0,lsnm2024_ddos_udp
2023-12-07 13:54:33.000000000,BENIGN,0,1.0,29.0,826768.0,826768000000.0,50000000.0,28509.241379310344,1448.0,6.0,lsnm2024_ddos_udp
2023-12-07 13:54:33.000000000,BENIGN,0,1.0,21.0,381488.0,381488000000.0,50000000.0,18166.095238095237,840.0,6.0,lsnm2024_ddos_udp
2023-12-07 13:55:13.000000000,BENIGN,0,70000000.0,50.0,1072.0,15.314285714285715,0.7142857142857143,21.44,0.0,17.0,lsnm2024_ddos_udp
2023-12-07 13:55:39.000000000,BENIGN,0,56000000.0,50.0,2586.0,46.17857142857143,0.8928571428571429,51.72,31.0,17.0,lsnm2024_ddos_udp
2023-12-07 13:56:33.000000000,BENIGN,0,1.0,8.0,262144.0,262144000000.0,50000000.0,32768.0,32768.0,6.0,lsnm2024_ddos_udp
2023-12-07 13:56:33.000000000,BENIGN,0,1.0,15.0,491520.0,491520000000.0,50000000.0,32768.0,32768.0,6.0,lsnm2024_ddos_udp
2023-12-07 13:56:33.000000000,BENIGN,0,1.0,14.0,458752.0,458752000000.0,50000000.0,32768.0,32768.0,6.0,lsnm2024_ddos_udp
2023-12-07 13:56:33.000000000,BENIGN,0,1.0,16.0,491520.0,491520000000.0,50000000.0,30720.0,12496.0,6.0,lsnm2024_ddos_udp
2023-12-07 13:56:33.000000000,BENIGN,0,1.0,16.0,524288.0,524288000000.0,50000000.0,32768.0,32768.0,6.0,lsnm2024_ddos_udp
2023-12-07 13:56:33.000000000,BENIGN,0,1.0,15.0,491520.0,491520000000.0,50000000.0,32768.0,32768.0,6.0,lsnm2024_ddos_udp
2023-12-07 13:56:34.000000000,BENIGN,0,1.0,14.0,458752.0,458752000000.0,50000000.0,32768.0,32768.0,6.0,lsnm2024_ddos_udp
2023-12-07 13:56:34.000000000,BENIGN,0,1.0,14.0,458752.0,458752000000.0,50000000.0,32768.0,32768.0,6.0,lsnm2024_ddos_udp
2023-12-07 13:56:34.000000000,BENIGN,0,1.0,12.0,393216.0,393216000000.0,50000000.0,32768.0,32768.0,6.0,lsnm2024_ddos_udp
2023-12-07 13:56:34.000000000,BENIGN,0,1.0,14.0,458752.0,458752000000.0,50000000.0,32768.0,32768.0,6.0,lsnm2024_ddos_udp
2023-12-07 13:56:34.000000000,BENIGN,0,1.0,14.0,458752.0,458752000000.0,50000000.0,32768.0,32768.0,6.0,lsnm2024_ddos_udp
2023-12-07 13:56:34.000000000,BENIGN,0,1000000.0,13.0,425984.0,425984.0,50.0,32768.0,32768.0,6.0,lsnm2024_ddos_udp
2023-12-07 13:56:35.000000000,BENIGN,0,1.0,13.0,425984.0,425984000000.0,50000000.0,32768.0,32768.0,6.0,lsnm2024_ddos_udp
2023-12-07 13:56:35.000000000,BENIGN,0,1.0,12.0,393216.0,393216000000.0,50000000.0,32768.0,32768.0,6.0,lsnm2024_ddos_udp
2023-12-07 13:56:35.000000000,BENIGN,0,1.0,12.0,393216.0,393216000000.0,50000000.0,32768.0,32768.0,6.0,lsnm2024_ddos_udp
2023-12-07 13:56:35.000000000,BENIGN,0,1.0,14.0,458752.0,458752000000.0,50000000.0,32768.0,32768.0,6.0,lsnm2024_ddos_udp
2023-12-07 13:56:35.000000000,BENIGN,0,1.0,14.0,458752.0,458752000000.0,50000000.0,32768.0,32768.0,6.0,lsnm2024_ddos_udp
2023-12-07 13:56:45.000000000,BENIGN,0,1.0,13.0,425984.0,425984000000.0,50000000.0,32768.0,32768.0,6.0,lsnm2024_ddos_udp
2023-12-07 13:56:45.000000000,BENIGN,0,1.0,14.0,458752.0,458752000000.0,50000000.0,32768.0,32768.0,6.0,lsnm2024_ddos_udp
2023-12-07 13:56:45.000000000,BENIGN,0,1.0,14.0,458752.0,458752000000.0,50000000.0,32768.0,32768.0,6.0,lsnm2024_ddos_udp
2023-12-07 13:56:46.000000000,BENIGN,0,1.0,13.0,425984.0,425984000000.0,50000000.0,32768.0,32768.0,6.0,lsnm2024_ddos_udp
2023-12-07 13:56:58.000000000,BENIGN,0,1.0,16.0,524288.0,524288000000.0,50000000.0,32768.0,32768.0,6.0,lsnm2024_ddos_udp
2023-12-07 13:56:58.000000000,BENIGN,0,1.0,16.0,524288.0,524288000000.0,50000000.0,32768.0,32768.0,6.0,lsnm2024_ddos_udp
2023-12-07 13:56:58.000000000,BENIGN,0,1.0,18.0,425984.0,425984000000.0,50000000.0,23665.777777777777,5792.0,6.0,lsnm2024_ddos_udp
2023-12-07 13:56:58.000000000,BENIGN,0,1.0,17.0,557056.0,557056000000.0,50000000.0,32768.0,32768.0,6.0,lsnm2024_ddos_udp
2023-12-07 13:56:58.000000000,BENIGN,0,1.0,16.0,524288.0,524288000000.0,50000000.0,32768.0,32768.0,6.0,lsnm2024_ddos_udp
2023-12-07 13:56:59.000000000,BENIGN,0,1.0,10.0,327680.0,327680000000.0,50000000.0,32768.0,32768.0,6.0,lsnm2024_ddos_udp
2023-12-07 13:56:59.000000000,BENIGN,0,1.0,16.0,524288.0,524288000000.0,50000000.0,32768.0,32768.0,6.0,lsnm2024_ddos_udp
2023-12-07 13:57:00.000000000,BENIGN,0,1.0,16.0,524288.0,524288000000.0,50000000.0,32768.0,32768.0,6.0,lsnm2024_ddos_udp
2023-12-07 13:57:00.000000000,BENIGN,0,1.0,14.0,458752.0,458752000000.0,50000000.0,32768.0,32768.0,6.0,lsnm2024_ddos_udp
2023-12-07 13:57:01.000000000,BENIGN,0,1.0,14.0,458752.0,458752000000.0,50000000.0,32768.0,32768.0,6.0,lsnm2024_ddos_udp
2023-12-07 13:57:01.000000000,BENIGN,0,1.0,13.0,425984.0,425984000000.0,50000000.0,32768.0,32768.0,6.0,lsnm2024_ddos_udp
2023-12-07 13:57:01.000000000,BENIGN,0,1.0,16.0,524288.0,524288000000.0,50000000.0,32768.0,32768.0,6.0,lsnm2024_ddos_udp
2023-12-07 13:57:01.000000000,BENIGN,0,1.0,14.0,458752.0,458752000000.0,50000000.0,32768.0,32768.0,6.0,lsnm2024_ddos_udp
2023-12-07 13:57:01.000000000,BENIGN,0,1.0,15.0,491520.0,491520000000.0,50000000.0,32768.0,32768.0,6.0,lsnm2024_ddos_udp
2023-12-07 13:57:35.000000000,BENIGN,0,1.0,8.0,262144.0,262144000000.0,50000000.0,32768.0,32768.0,6.0,lsnm2024_ddos_udp
2023-12-07 13:57:35.000000000,BENIGN,0,1.0,19.0,125280.0,125280000000.0,50000000.0,6593.684210526316,912.0,6.0,lsnm2024_ddos_udp
2023-12-07 13:57:35.000000000,BENIGN,0,1.0,15.0,491520.0,491520000000.0,50000000.0,32768.0,32768.0,6.0,lsnm2024_ddos_udp
2023-12-07 13:59:15.000000000,BENIGN,0,1.0,25.0,7430.0,113251000000.0,50000000.0,297.2,0.0,6.0,lsnm2024_ddos_udp
2023-12-07 13:59:16.000000000,BENIGN,0,80000000.0,23.0,808.0,607.45,0.625,35.130434782608695,0.0,6.0,lsnm2024_ddos_udp
2023-12-07 14:00:26.000000000,BENIGN,0,69000000.0,50.0,1139.0,16.507246376811594,0.7246376811594203,22.78,0.0,17.0,lsnm2024_ddos_udp
2023-12-07 14:00:36.000000000,BENIGN,0,4000000.0,26.0,3804.0,16396.25,12.5,146.30769230769232,0.0,6.0,lsnm2024_ddos_udp
2024-02-26 12:11:12.000000000,BENIGN,0,1.0,21.0,190.0,8020000000.0,50000000.0,9.047619047619047,0.0,6.0,lsnm2024_ddos_udp
2024-02-26 12:11:12.000000000,BENIGN,0,1.0,28.0,665.0,5885000000.0,50000000.0,23.75,0.0,6.0,lsnm2024_ddos_udp
2024-02-26 12:11:12.000000000,BENIGN,0,1.0,25.0,760.0,2065000000.0,50000000.0,30.4,0.0,6.0,lsnm2024_ddos_udp
2024-02-26 12:11:12.000000000,BENIGN,0,1.0,26.0,475.0,5695000000.0,50000000.0,18.26923076923077,0.0,6.0,lsnm2024_ddos_udp
2024-02-26 12:11:12.000000000,BENIGN,0,1.0,23.0,665.0,7190000000.0,50000000.0,28.91304347826087,0.0,6.0,lsnm2024_ddos_udp
2024-02-26 12:11:12.000000000,BENIGN,0,1.0,22.0,285.0,8115000000.0,50000000.0,12.954545454545455,0.0,6.0,lsnm2024_ddos_udp
2024-02-26 12:11:12.000000000,BENIGN,0,1.0,21.0,285.0,10725000000.0,50000000.0,13.571428571428571,0.0,6.0,lsnm2024_ddos_udp
2024-02-26 12:11:12.000000000,BENIGN,0,1.0,26.0,760.0,5980000000.0,50000000.0,29.23076923076923,0.0,6.0,lsnm2024_ddos_udp
2024-02-26 12:11:12.000000000,BENIGN,0,1000000.0,23.0,665.0,9800.0,50.0,28.91304347826087,0.0,6.0,lsnm2024_ddos_udp
2024-02-26 12:11:12.000000000,BENIGN,0,1.0,25.0,760.0,4675000000.0,50000000.0,30.4,0.0,6.0,lsnm2024_ddos_udp
2024-02-26 12:11:12.000000000,BENIGN,0,1.0,26.0,190.0,9325000000.0,50000000.0,7.3076923076923075,0.0,6.0,lsnm2024_ddos_udp
2024-02-26 12:11:12.000000000,BENIGN,0,1.0,25.0,475.0,7000000000.0,50000000.0,19.0,0.0,6.0,lsnm2024_ddos_udp
2024-02-26 12:11:12.000000000,BENIGN,0,1.0,32.0,760.0,2065000000.0,50000000.0,23.75,0.0,6.0,lsnm2024_ddos_udp
2024-02-26 12:11:12.000000000,BENIGN,0,1.0,22.0,190.0,6715000000.0,50000000.0,8.636363636363637,0.0,6.0,lsnm2024_ddos_udp
2024-02-26 12:11:12.000000000,BENIGN,0,1.0,37.0,0.0,0.0,50000000.0,0.0,0.0,6.0,lsnm2024_ddos_udp
2024-02-26 12:11:12.000000000,BENIGN,0,1.0,25.0,285.0,8115000000.0,50000000.0,11.4,0.0,6.0,lsnm2024_ddos_udp
2024-02-26 12:11:12.000000000,BENIGN,0,1.0,26.0,380.0,8210000000.0,50000000.0,14.615384615384615,0.0,6.0,lsnm2024_ddos_udp
2024-02-26 12:11:12.000000000,BENIGN,0,1.0,28.0,380.0,2990000000.0,50000000.0,13.571428571428571,0.0,6.0,lsnm2024_ddos_udp
2024-02-26 12:11:12.000000000,BENIGN,0,1.0,28.0,475.0,4390000000.0,50000000.0,16.964285714285715,0.0,6.0,lsnm2024_ddos_udp
2024-02-26 12:11:12.000000000,BENIGN,0,1.0,24.0,380.0,5600000000.0,50000000.0,15.833333333333334,0.0,6.0,lsnm2024_ddos_udp
2024-02-26 12:11:12.000000000,BENIGN,0,1.0,29.0,760.0,4675000000.0,50000000.0,26.20689655172414,0.0,6.0,lsnm2024_ddos_udp
2024-02-26 12:11:12.000000000,BENIGN,0,1.0,29.0,475.0,4390000000.0,50000000.0,16.379310344827587,0.0,6.0,lsnm2024_ddos_udp
2024-02-26 12:11:12.000000000,BENIGN,0,1.0,23.0,665.0,7190000000.0,50000000.0,28.91304347826087,0.0,6.0,lsnm2024_ddos_udp
2024-02-26 12:11:12.000000000,BENIGN,0,1.0,26.0,760.0,5980000000.0,50000000.0,29.23076923076923,0.0,6.0,lsnm2024_ddos_udp
2024-02-26 12:11:12.000000000,BENIGN,0,1.0,28.0,570.0,7095000000.0,50000000.0,20.357142857142858,0.0,6.0,lsnm2024_ddos_udp
2024-02-26 12:11:12.000000000,BENIGN,0,1.0,26.0,665.0,7190000000.0,50000000.0,25.576923076923077,0.0,6.0,lsnm2024_ddos_udp
2024-02-26 12:11:12.000000000,BENIGN,0,1.0,23.0,285.0,8115000000.0,50000000.0,12.391304347826088,0.0,6.0,lsnm2024_ddos_udp
2024-02-26 12:11:13.000000000,BENIGN,0,1.0,23.0,665.0,4580000000.0,50000000.0,28.91304347826087,0.0,6.0,lsnm2024_ddos_udp
2024-02-26 12:11:13.000000000,BENIGN,0,1.0,25.0,760.0,760000000.0,50000000.0,30.4,0.0,6.0,lsnm2024_ddos_udp
2024-02-26 12:11:13.000000000,BENIGN,0,1.0,29.0,950.0,4865000000.0,50000000.0,32.758620689655174,0.0,6.0,lsnm2024_ddos_udp
2024-02-26 12:11:13.000000000,BENIGN,0,1.0,21.0,475.0,12220000000.0,50000000.0,22.61904761904762,0.0,6.0,lsnm2024_ddos_udp
2024-02-26 12:11:13.000000000,BENIGN,0,1.0,29.0,855.0,8685000000.0,50000000.0,29.482758620689655,0.0,6.0,lsnm2024_ddos_udp
2024-02-26 12:11:13.000000000,BENIGN,0,1.0,24.0,475.0,4390000000.0,50000000.0,19.791666666666668,0.0,6.0,lsnm2024_ddos_udp
2024-02-26 12:11:13.000000000,BENIGN,0,1.0,24.0,475.0,4390000000.0,50000000.0,19.791666666666668,0.0,6.0,lsnm2024_ddos_udp
2024-02-26 12:11:13.000000000,BENIGN,0,1.0,29.0,475.0,4390000000.0,50000000.0,16.379310344827587,0.0,6.0,lsnm2024_ddos_udp
2024-02-26 12:11:13.000000000,BENIGN,0,1.0,22.0,475.0,7000000000.0,50000000.0,21.59090909090909,0.0,6.0,lsnm2024_ddos_udp
2024-02-26 12:11:13.000000000,BENIGN,0,1.0,21.0,285.0,13335000000.0,50000000.0,13.571428571428571,0.0,6.0,lsnm2024_ddos_udp
2024-02-26 12:11:13.000000000,BENIGN,0,1.0,24.0,665.0,5885000000.0,50000000.0,27.708333333333332,0.0,6.0,lsnm2024_ddos_udp
2024-02-26 12:11:13.000000000,BENIGN,0,1.0,25.0,95.0,10535000000.0,50000000.0,3.8,0.0,6.0,lsnm2024_ddos_udp
2024-02-26 12:11:13.000000000,BENIGN,0,1.0,22.0,380.0,9515000000.0,50000000.0,17.272727272727273,0.0,6.0,lsnm2024_ddos_udp
2024-02-26 12:11:13.000000000,BENIGN,0,1.0,26.0,570.0,570000000.0,50000000.0,21.923076923076923,0.0,6.0,lsnm2024_ddos_udp
2024-02-26 12:11:13.000000000,BENIGN,0,1.0,26.0,380.0,6905000000.0,50000000.0,14.615384615384615,0.0,6.0,lsnm2024_ddos_udp
2024-02-26 12:11:13.000000000,BENIGN,0,1.0,25.0,95.0,5315000000.0,50000000.0,3.8,0.0,6.0,lsnm2024_ddos_udp
2024-02-26 12:11:13.000000000,BENIGN,0,1.0,31.0,380.0,6905000000.0,50000000.0,12.258064516129032,0.0,6.0,lsnm2024_ddos_udp
2024-02-26 12:11:13.000000000,BENIGN,0,1.0,22.0,380.0,8210000000.0,50000000.0,17.272727272727273,0.0,6.0,lsnm2024_ddos_udp
2024-02-26 12:11:13.000000000,BENIGN,0,1.0,22.0,475.0,12220000000.0,50000000.0,21.59090909090909,0.0,6.0,lsnm2024_ddos_udp
2024-02-26 12:11:13.000000000,BENIGN,0,1.0,24.0,570.0,1875000000.0,50000000.0,23.75,0.0,6.0,lsnm2024_ddos_udp
2024-02-26 12:11:13.000000000,BENIGN,0,1.0,26.0,380.0,6905000000.0,50000000.0,14.615384615384615,0.0,6.0,lsnm2024_ddos_udp
2024-02-26 12:11:13.000000000,BENIGN,0,1.0,25.0,475.0,8305000000.0,50000000.0,19.0,0.0,6.0,lsnm2024_ddos_udp
2024-02-26 12:11:13.000000000,BENIGN,0,1.0,26.0,665.0,4580000000.0,50000000.0,25.576923076923077,0.0,6.0,lsnm2024_ddos_udp
2024-02-26 12:11:13.000000000,BENIGN,0,1.0,23.0,475.0,475000000.0,50000000.0,20.652173913043477,0.0,6.0,lsnm2024_ddos_udp
2024-02-26 12:11:13.000000000,BENIGN,0,1.0,22.0,665.0,5885000000.0,50000000.0,30.227272727272727,0.0,6.0,lsnm2024_ddos_udp
2024-02-26 12:11:14.000000000,BENIGN,0,1.0,26.0,475.0,5695000000.0,50000000.0,18.26923076923077,0.0,6.0,lsnm2024_ddos_udp
2024-02-26 12:11:14.000000000,BENIGN,0,1.0,23.0,570.0,9705000000.0,50000000.0,24.782608695652176,0.0,6.0,lsnm2024_ddos_udp
2024-02-26 12:11:14.000000000,BENIGN,0,1.0,26.0,475.0,3085000000.0,50000000.0,18.26923076923077,0.0,6.0,lsnm2024_ddos_udp
2024-02-26 12:11:14.000000000,BENIGN,0,1.0,30.0,570.0,3180000000.0,50000000.0,19.0,0.0,6.0,lsnm2024_ddos_udp
2024-02-26 12:11:14.000000000,BENIGN,0,1.0,20.0,475.0,4390000000.0,50000000.0,23.75,0.0,6.0,lsnm2024_ddos_udp
2024-02-26 12:11:14.000000000,BENIGN,0,1.0,33.0,380.0,1685000000.0,50000000.0,11.515151515151516,0.0,6.0,lsnm2024_ddos_udp
2024-02-26 12:11:14.000000000,BENIGN,0,1.0,25.0,570.0,3180000000.0,50000000.0,22.8,0.0,6.0,lsnm2024_ddos_udp
2024-02-26 12:11:14.000000000,BENIGN,0,1.0,27.0,475.0,5695000000.0,50000000.0,17.59259259259259,0.0,6.0,lsnm2024_ddos_udp
2024-02-26 12:11:14.000000000,BENIGN,0,1.0,24.0,95.0,13145000000.0,50000000.0,3.9583333333333335,0.0,6.0,lsnm2024_ddos_udp
2024-02-26 12:11:14.000000000,BENIGN,0,1.0,25.0,285.0,18555000000.0,50000000.0,11.4,0.0,6.0,lsnm2024_ddos_udp
2024-02-26 12:11:14.000000000,BENIGN,0,1.0,25.0,190.0,4105000000.0,50000000.0,7.6,0.0,6.0,lsnm2024_ddos_udp
2024-02-26 12:11:14.000000000,BENIGN,0,1.0,24.0,285.0,12030000000.0,50000000.0,11.875,0.0,6.0,lsnm2024_ddos_udp
2024-02-26 12:11:14.000000000,BENIGN,0,1.0,24.0,475.0,9610000000.0,50000000.0,19.791666666666668,0.0,6.0,lsnm2024_ddos_udp
2024-02-26 12:11:14.000000000,BENIGN,0,1.0,27.0,380.0,4295000000.0,50000000.0,14.074074074074074,0.0,6.0,lsnm2024_ddos_udp
2024-02-26 12:11:14.000000000,BENIGN,0,1.0,27.0,570.0,7095000000.0,50000000.0,21.11111111111111,0.0,6.0,lsnm2024_ddos_udp
2024-02-26 12:11:14.000000000,BENIGN,0,1.0,29.0,475.0,3085000000.0,50000000.0,16.379310344827587,0.0,6.0,lsnm2024_ddos_udp
2024-02-26 12:11:14.000000000,BENIGN,0,1.0,30.0,950.0,7475000000.0,50000000.0,31.666666666666668,0.0,6.0,lsnm2024_ddos_udp
2024-02-26 12:11:14.000000000,BENIGN,0,1.0,27.0,380.0,5600000000.0,50000000.0,14.074074074074074,0.0,6.0,lsnm2024_ddos_udp
2024-02-26 12:11:14.000000000,BENIGN,0,1.0,20.0,475.0,5695000000.0,50000000.0,23.75,0.0,6.0,lsnm2024_ddos_udp
2024-02-26 12:11:14.000000000,BENIGN,0,1.0,20.0,665.0,5885000000.0,50000000.0,33.25,0.0,6.0,lsnm2024_ddos_udp
2024-02-26 12:11:14.000000000,BENIGN,0,1.0,24.0,190.0,4105000000.0,50000000.0,7.916666666666667,0.0,6.0,lsnm2024_ddos_udp
2024-02-26 12:11:15.000000000,BENIGN,0,1.0,24.0,380.0,13430000000.0,50000000.0,15.833333333333334,0.0,6.0,lsnm2024_ddos_udp
2024-02-26 12:11:15.000000000,BENIGN,0,1.0,23.0,855.0,4770000000.0,50000000.0,37.17391304347826,0.0,6.0,lsnm2024_ddos_udp
2024-02-26 12:11:15.000000000,BENIGN,0,1.0,23.0,665.0,4580000000.0,50000000.0,28.91304347826087,0.0,6.0,lsnm2024_ddos_udp
2024-02-26 12:11:15.000000000,BENIGN,0,1.0,31.0,475.0,3085000000.0,50000000.0,15.32258064516129,0.0,6.0,lsnm2024_ddos_udp
2024-02-26 12:11:15.000000000,BENIGN,0,1.0,27.0,570.0,7095000000.0,50000000.0,21.11111111111111,0.0,6.0,lsnm2024_ddos_udp
2024-02-26 12:11:15.000000000,BENIGN,0,1.0,33.0,380.0,1685000000.0,50000000.0,11.515151515151516,0.0,6.0,lsnm2024_ddos_udp
2024-02-26 12:11:15.000000000,BENIGN,0,1.0,16.0,665.0,3275000000.0,50000000.0,41.5625,0.0,6.0,lsnm2024_ddos_udp
2024-02-26 12:11:15.000000000,BENIGN,0,1.0,33.0,475.0,5695000000.0,50000000.0,14.393939393939394,0.0,6.0,lsnm2024_ddos_udp
2024-02-26 12:11:15.000000000,BENIGN,0,1.0,25.0,95.0,18365000000.0,50000000.0,3.8,0.0,6.0,lsnm2024_ddos_udp
2024-02-26 12:11:15.000000000,BENIGN,0,1.0,23.0,95.0,7925000000.0,50000000.0,4.130434782608695,0.0,6.0,lsnm2024_ddos_udp
2024-02-26 12:11:15.000000000,BENIGN,0,1.0,26.0,285.0,4200000000.0,50000000.0,10.961538461538462,0.0,6.0,lsnm2024_ddos_udp
2024-02-26 12:11:15.000000000,BENIGN,0,1.0,26.0,475.0,8305000000.0,50000000.0,18.26923076923077,0.0,6.0,lsnm2024_ddos_udp
2024-02-26 12:11:15.000000000,BENIGN,0,1.0,31.0,380.0,5600000000.0,50000000.0,12.258064516129032,0.0,6.0,lsnm2024_ddos_udp
2024-02-26 12:11:15.000000000,BENIGN,0,1.0,25.0,380.0,5600000000.0,50000000.0,15.2,0.0,6.0,lsnm2024_ddos_udp
2024-02-26 12:11:15.000000000,BENIGN,0,1.0,26.0,570.0,7095000000.0,50000000.0,21.923076923076923,0.0,6.0,lsnm2024_ddos_udp
2024-02-26 12:11:15.000000000,BENIGN,0,1.0,29.0,760.0,2065000000.0,50000000.0,26.20689655172414,0.0,6.0,lsnm2024_ddos_udp
2024-02-26 12:11:15.000000000,BENIGN,0,1.0,27.0,760.0,8590000000.0,50000000.0,28.14814814814815,0.0,6.0,lsnm2024_ddos_udp
2024-02-26 12:11:15.000000000,BENIGN,0,1.0,23.0,950.0,2255000000.0,50000000.0,41.30434782608695,0.0,6.0,lsnm2024_ddos_udp
2024-02-26 12:11:15.000000000,BENIGN,0,1.0,24.0,380.0,6905000000.0,50000000.0,15.833333333333334,0.0,6.0,lsnm2024_ddos_udp
2024-02-26 12:11:15.000000000,BENIGN,0,1.0,30.0,475.0,8305000000.0,50000000.0,15.833333333333334,0.0,6.0,lsnm2024_ddos_udp
2024-02-26 12:11:16.000000000,BENIGN,0,1.0,26.0,475.0,5695000000.0,50000000.0,18.26923076923077,0.0,6.0,lsnm2024_ddos_udp
2024-02-26 12:11:16.000000000,BENIGN,0,1.0,27.0,380.0,10820000000.0,50000000.0,14.074074074074074,0.0,6.0,lsnm2024_ddos_udp
2024-02-26 12:11:16.000000000,BENIGN,0,1.0,25.0,475.0,7000000000.0,50000000.0,19.0,0.0,6.0,lsnm2024_ddos_udp
2024-02-26 12:11:16.000000000,BENIGN,0,1.0,28.0,380.0,14735000000.0,50000000.0,13.571428571428571,0.0,6.0,lsnm2024_ddos_udp
2024-02-26 12:11:16.000000000,BENIGN,0,1.0,22.0,855.0,3465000000.0,50000000.0,38.86363636363637,0.0,6.0,lsnm2024_ddos_udp
2024-02-26 12:11:16.000000000,BENIGN,0,1.0,29.0,285.0,5505000000.0,50000000.0,9.827586206896552,0.0,6.0,lsnm2024_ddos_udp
2024-02-26 12:11:16.000000000,BENIGN,0,1.0,28.0,380.0,5600000000.0,50000000.0,13.571428571428571,0.0,6.0,lsnm2024_ddos_udp
2024-02-26 12:11:16.000000000,BENIGN,0,1.0,26.0,855.0,7380000000.0,50000000.0,32.88461538461539,0.0,6.0,lsnm2024_ddos_udp
2024-02-26 12:11:16.000000000,BENIGN,0,1.0,24.0,95.0,4010000000.0,50000000.0,3.9583333333333335,0.0,6.0,lsnm2024_ddos_udp
2024-02-26 12:11:16.000000000,BENIGN,0,1.0,29.0,0.0,7830000000.0,50000000.0,0.0,0.0,6.0,lsnm2024_ddos_udp
2024-02-26 12:11:16.000000000,BENIGN,0,1.0,27.0,285.0,5505000000.0,50000000.0,10.555555555555555,0.0,6.0,lsnm2024_ddos_udp
2024-02-26 12:11:16.000000000,BENIGN,0,1.0,25.0,380.0,6905000000.0,50000000.0,15.2,0.0,6.0,lsnm2024_ddos_udp
2024-02-26 12:11:16.000000000,BENIGN,0,1.0,34.0,570.0,7095000000.0,50000000.0,16.764705882352942,0.0,6.0,lsnm2024_ddos_udp
2024-02-26 12:11:17.000000000,BENIGN,0,1.0,28.0,1235.0,2540000000.0,50000000.0,44.107142857142854,0.0,6.0,lsnm2024_ddos_udp
2024-02-26 12:11:17.000000000,BENIGN,0,1.0,19.0,95.0,7925000000.0,50000000.0,5.0,0.0,6.0,lsnm2024_ddos_udp
2024-02-26 12:11:17.000000000,BENIGN,0,1.0,17.0,0.0,13050000000.0,50000000.0,0.0,0.0,6.0,lsnm2024_ddos_udp
2024-02-26 12:11:17.000000000,BENIGN,0,1.0,27.0,380.0,6905000000.0,50000000.0,14.074074074074074,0.0,6.0,lsnm2024_ddos_udp
2024-02-26 12:11:17.000000000,BENIGN,0,1.0,29.0,570.0,1875000000.0,50000000.0,19.655172413793103,0.0,6.0,lsnm2024_ddos_udp
2024-02-26 12:11:17.000000000,BENIGN,0,1.0,29.0,285.0,15945000000.0,50000000.0,9.827586206896552,0.0,6.0,lsnm2024_ddos_udp
2024-02-26 12:11:17.000000000,BENIGN,0,1.0,23.0,0.0,6525000000.0,50000000.0,0.0,0.0,6.0,lsnm2024_ddos_udp
2024-02-26 12:11:17.000000000,BENIGN,0,1.0,24.0,570.0,9705000000.0,50000000.0,23.75,0.0,6.0,lsnm2024_ddos_udp
2024-02-26 12:11:17.000000000,BENIGN,0,1.0,33.0,1235.0,16895000000.0,50000000.0,37.42424242424242,0.0,6.0,lsnm2024_ddos_udp
2024-02-26 12:11:17.000000000,BENIGN,0,1.0,24.0,760.0,9895000000.0,50000000.0,31.666666666666668,0.0,6.0,lsnm2024_ddos_udp
2024-02-26 12:11:17.000000000,BENIGN,0,1.0,28.0,0.0,11745000000.0,50000000.0,0.0,0.0,6.0,lsnm2024_ddos_udp
2024-02-26 12:11:17.000000000,BENIGN,0,1.0,25.0,570.0,7095000000.0,50000000.0,22.8,0.0,6.0,lsnm2024_ddos_udp
2024-02-26 12:11:17.000000000,BENIGN,0,1.0,23.0,665.0,3275000000.0,50000000.0,28.91304347826087,0.0,6.0,lsnm2024_ddos_udp
2024-02-26 12:11:17.000000000,BENIGN,0,1.0,23.0,190.0,6715000000.0,50000000.0,8.26086956521739,0.0,6.0,lsnm2024_ddos_udp
2024-02-26 12:11:17.000000000,BENIGN,0,1.0,27.0,1330.0,1330000000.0,50000000.0,49.25925925925926,0.0,6.0,lsnm2024_ddos_udp
2024-02-26 12:11:17.000000000,BENIGN,0,1.0,23.0,95.0,15755000000.0,50000000.0,4.130434782608695,0.0,6.0,lsnm2024_ddos_udp
2024-02-26 12:11:17.000000000,BENIGN,0,1.0,30.0,95.0,11840000000.0,50000000.0,3.1666666666666665,0.0,6.0,lsnm2024_ddos_udp
2024-02-26 12:11:17.000000000,BENIGN,0,1.0,26.0,475.0,5695000000.0,50000000.0,18.26923076923077,0.0,6.0,lsnm2024_ddos_udp
2024-02-26 12:11:17.000000000,BENIGN,0,1.0,22.0,570.0,9705000000.0,50000000.0,25.90909090909091,0.0,6.0,lsnm2024_ddos_udp
2024-02-26 12:11:17.000000000,BENIGN,0,1.0,23.0,665.0,5885000000.0,50000000.0,28.91304347826087,0.0,6.0,lsnm2024_ddos_udp
2024-02-26 12:11:17.000000000,BENIGN,0,1.0,21.0,855.0,6075000000.0,50000000.0,40.714285714285715,0.0,6.0,lsnm2024_ddos_udp
2024-02-26 12:11:17.000000000,BENIGN,0,1.0,34.0,285.0,6810000000.0,50000000.0,8.382352941176471,0.0,6.0,lsnm2024_ddos_udp
2024-02-26 12:11:17.000000000,BENIGN,0,1.0,26.0,570.0,5790000000.0,50000000.0,21.923076923076923,0.0,6.0,lsnm2024_ddos_udp
2024-02-26 12:11:17.000000000,BENIGN,0,1.0,27.0,570.0,570000000.0,50000000.0,21.11111111111111,0.0,6.0,lsnm2024_ddos_udp
2024-02-26 12:11:17.000000000,BENIGN,0,1.0,25.0,950.0,3560000000.0,50000000.0,38.0,0.0,6.0,lsnm2024_ddos_udp
2024-02-26 12:11:17.000000000,BENIGN,0,1.0,25.0,665.0,5885000000.0,50000000.0,26.6,0.0,6.0,lsnm2024_ddos_udp
2024-02-26 12:11:17.000000000,BENIGN,0,1.0,24.0,0.0,16965000000.0,50000000.0,0.0,0.0,6.0,lsnm2024_ddos_udp
2024-02-26 12:11:17.000000000,BENIGN,0,1.0,26.0,475.0,9610000000.0,50000000.0,18.26923076923077,0.0,6.0,lsnm2024_ddos_udp
2024-02-26 12:11:17.000000000,BENIGN,0,1.0,24.0,380.0,2990000000.0,50000000.0,15.833333333333334,0.0,6.0,lsnm2024_ddos_udp
2024-02-26 12:11:17.000000000,BENIGN,0,1.0,32.0,570.0,4485000000.0,50000000.0,17.8125,0.0,6.0,lsnm2024_ddos_udp
2024-02-26 12:11:17.000000000,BENIGN,0,1.0,31.0,760.0,5980000000.0,50000000.0,24.516129032258064,0.0,6.0,lsnm2024_ddos_udp
2024-02-26 12:11:18.000000000,BENIGN,0,1.0,27.0,665.0,3275000000.0,50000000.0,24.62962962962963,0.0,6.0,lsnm2024_ddos_udp
2024-02-26 12:11:18.000000000,BENIGN,0,1.0,25.0,665.0,9800000000.0,50000000.0,26.6,0.0,6.0,lsnm2024_ddos_udp
2024-02-26 12:11:18.000000000,BENIGN,0,1.0,26.0,190.0,10630000000.0,50000000.0,7.3076923076923075,0.0,6.0,lsnm2024_ddos_udp
2024-02-26 12:11:18.000000000,BENIGN,0,1.0,27.0,380.0,4295000000.0,50000000.0,14.074074074074074,0.0,6.0,lsnm2024_ddos_udp
2024-02-26 12:11:18.000000000,BENIGN,0,1.0,24.0,665.0,4580000000.0,50000000.0,27.708333333333332,0.0,6.0,lsnm2024_ddos_udp
2024-02-26 12:11:18.000000000,BENIGN,0,1.0,23.0,950.0,3560000000.0,50000000.0,41.30434782608695,0.0,6.0,lsnm2024_ddos_udp
2024-02-26 12:11:18.000000000,BENIGN,0,1.0,21.0,570.0,3180000000.0,50000000.0,27.142857142857142,0.0,6.0,lsnm2024_ddos_udp
2024-02-26 12:11:18.000000000,BENIGN,0,1000000.0,18.0,855.0,4770.0,50.0,47.5,0.0,6.0,lsnm2024_ddos_udp
2024-02-26 12:11:18.000000000,BENIGN,0,1.0,24.0,475.0,12220000000.0,50000000.0,19.791666666666668,0.0,6.0,lsnm2024_ddos_udp
2024-02-26 12:11:18.000000000,BENIGN,0,1.0,26.0,570.0,11010000000.0,50000000.0,21.923076923076923,0.0,6.0,lsnm2024_ddos_udp
2024-02-26 12:11:18.000000000,BENIGN,0,1.0,27.0,475.0,5695000000.0,50000000.0,17.59259259259259,0.0,6.0,lsnm2024_ddos_udp
2024-02-26 12:11:18.000000000,BENIGN,0,1.0,29.0,475.0,14830000000.0,50000000.0,16.379310344827587,0.0,6.0,lsnm2024_ddos_udp
2024-02-26 12:11:18.000000000,BENIGN,0,1.0,23.0,0.0,16965000000.0,50000000.0,0.0,0.0,6.0,lsnm2024_ddos_udp
2024-02-26 12:11:18.000000000,BENIGN,0,1.0,27.0,570.0,3180000000.0,50000000.0,21.11111111111111,0.0,6.0,lsnm2024_ddos_udp
2024-02-26 12:11:18.000000000,BENIGN,0,1.0,19.0,190.0,6715000000.0,50000000.0,10.0,0.0,6.0,lsnm2024_ddos_udp
2024-02-26 12:11:18.000000000,BENIGN,0,1.0,26.0,760.0,760000000.0,50000000.0,29.23076923076923,0.0,6.0,lsnm2024_ddos_udp
2024-02-26 12:11:18.000000000,BENIGN,0,1.0,24.0,665.0,3275000000.0,50000000.0,27.708333333333332,0.0,6.0,lsnm2024_ddos_udp
2024-02-26 12:11:18.000000000,BENIGN,0,1.0,29.0,570.0,7095000000.0,50000000.0,19.655172413793103,0.0,6.0,lsnm2024_ddos_udp
2024-02-26 12:11:18.000000000,BENIGN,0,1.0,27.0,855.0,3465000000.0,50000000.0,31.666666666666668,0.0,6.0,lsnm2024_ddos_udp
2024-02-26 12:11:19.000000000,BENIGN,0,1.0,27.0,0.0,11745000000.0,50000000.0,0.0,0.0,6.0,lsnm2024_ddos_udp
2024-02-26 12:11:19.000000000,BENIGN,0,1.0,28.0,0.0,15660000000.0,50000000.0,0.0,0.0,6.0,lsnm2024_ddos_udp
2024-02-26 12:11:19.000000000,BENIGN,0,1.0,30.0,380.0,2990000000.0,50000000.0,12.666666666666666,0.0,6.0,lsnm2024_ddos_udp
2024-02-26 12:11:19.000000000,BENIGN,0,1.0,23.0,665.0,8495000000.0,50000000.0,28.91304347826087,0.0,6.0,lsnm2024_ddos_udp
2024-02-26 12:11:19.000000000,BENIGN,0,1.0,25.0,380.0,380000000.0,50000000.0,15.2,0.0,6.0,lsnm2024_ddos_udp
2024-02-26 12:11:19.000000000,BENIGN,0,1.0,27.0,855.0,855000000.0,50000000.0,31.666666666666668,0.0,6.0,lsnm2024_ddos_udp
2024-02-26 12:11:19.000000000,BENIGN,0,1.0,24.0,570.0,7095000000.0,50000000.0,23.75,0.0,6.0,lsnm2024_ddos_udp
2024-02-26 12:11:19.000000000,BENIGN,0,1.0,29.0,475.0,4390000000.0,50000000.0,16.379310344827587,0.0,6.0,lsnm2024_ddos_udp
2024-02-26 12:11:19.000000000,BENIGN,0,1.0,30.0,190.0,8020000000.0,50000000.0,6.333333333333333,0.0,6.0,lsnm2024_ddos_udp
2024-02-26 12:11:19.000000000,BENIGN,0,1.0,18.0,95.0,26195000000.0,50000000.0,5.277777777777778,0.0,6.0,lsnm2024_ddos_udp
2024-02-26 12:11:19.000000000,BENIGN,0,1.0,27.0,285.0,8115000000.0,50000000.0,10.555555555555555,0.0,6.0,lsnm2024_ddos_udp
2024-02-26 12:11:19.000000000,BENIGN,0,1.0,27.0,760.0,15115000000.0,50000000.0,28.14814814814815,0.0,6.0,lsnm2024_ddos_udp
2024-02-26 12:11:19.000000000,BENIGN,0,1.0,24.0,570.0,1875000000.0,50000000.0,23.75,0.0,6.0,lsnm2024_ddos_udp
2024-02-26 12:11:19.000000000,BENIGN,0,1.0,32.0,760.0,3370000000.0,50000000.0,23.75,0.0,6.0,lsnm2024_ddos_udp
2024-02-26 12:11:19.000000000,BENIGN,0,1.0,28.0,380.0,380000000.0,50000000.0,13.571428571428571,0.0,6.0,lsnm2024_ddos_udp
2024-02-26 12:11:19.000000000,BENIGN,0,1.0,23.0,95.0,14450000000.0,50000000.0,4.130434782608695,0.0,6.0,lsnm2024_ddos_udp
2024-02-26 12:11:19.000000000,BENIGN,0,1.0,21.0,570.0,7095000000.0,50000000.0,27.142857142857142,0.0,6.0,lsnm2024_ddos_udp
2024-02-26 12:11:20.000000000,BENIGN,0,1.0,24.0,1045.0,3655000000.0,50000000.0,43.541666666666664,0.0,6.0,lsnm2024_ddos_udp
2024-02-26 12:11:20.000000000,BENIGN,0,1.0,24.0,855.0,2160000000.0,50000000.0,35.625,0.0,6.0,lsnm2024_ddos_udp
2024-02-26 12:11:20.000000000,BENIGN,0,1.0,21.0,475.0,12220000000.0,50000000.0,22.61904761904762,0.0,6.0,lsnm2024_ddos_udp
2024-02-26 12:11:20.000000000,BENIGN,0,1.0,26.0,665.0,8495000000.0,50000000.0,25.576923076923077,0.0,6.0,lsnm2024_ddos_udp
2024-02-26 12:11:20.000000000,BENIGN,0,1.0,24.0,475.0,10915000000.0,50000000.0,19.791666666666668,0.0,6.0,lsnm2024_ddos_udp
2024-02-26 12:11:20.000000000,BENIGN,0,1.0,23.0,570.0,11010000000.0,50000000.0,24.782608695652176,0.0,6.0,lsnm2024_ddos_udp
2024-02-26 12:11:20.000000000,BENIGN,0,1.0,28.0,1235.0,7760000000.0,50000000.0,44.107142857142854,0.0,6.0,lsnm2024_ddos_udp
2024-02-26 12:11:20.000000000,BENIGN,0,1.0,27.0,0.0,10440000000.0,50000000.0,0.0,0.0,6.0,lsnm2024_ddos_udp
2024-02-26 12:11:20.000000000,BENIGN,0,1.0,29.0,380.0,9515000000.0,50000000.0,13.10344827586207,0.0,6.0,lsnm2024_ddos_udp
2024-02-26 12:11:20.000000000,BENIGN,0,1.0,30.0,380.0,12125000000.0,50000000.0,12.666666666666666,0.0,6.0,lsnm2024_ddos_udp
2024-02-26 12:11:20.000000000,BENIGN,0,1.0,24.0,475.0,8305000000.0,50000000.0,19.791666666666668,0.0,6.0,lsnm2024_ddos_udp
2024-02-26 12:11:20.000000000,BENIGN,0,1.0,35.0,285.0,8115000000.0,50000000.0,8.142857142857142,0.0,6.0,lsnm2024_ddos_udp
2024-02-26 12:11:20.000000000,BENIGN,0,1.0,30.0,95.0,10535000000.0,50000000.0,3.1666666666666665,0.0,6.0,lsnm2024_ddos_udp
2024-02-26 12:11:20.000000000,BENIGN,0,1.0,30.0,380.0,4295000000.0,50000000.0,12.666666666666666,0.0,6.0,lsnm2024_ddos_udp
2024-02-26 12:11:20.000000000,BENIGN,0,1.0,31.0,570.0,570000000.0,50000000.0,18.387096774193548,0.0,6.0,lsnm2024_ddos_udp
2024-02-26 12:11:20.000000000,BENIGN,0,1.0,23.0,0.0,19575000000.0,50000000.0,0.0,0.0,6.0,lsnm2024_ddos_udp
2024-02-26 12:11:20.000000000,BENIGN,0,1.0,22.0,665.0,665000000.0,50000000.0,30.227272727272727,0.0,6.0,lsnm2024_ddos_udp
2024-02-26 12:11:20.000000000,BENIGN,0,1.0,27.0,95.0,10535000000.0,50000000.0,3.5185185185185186,0.0,6.0,lsnm2024_ddos_udp
2024-02-26 12:11:20.000000000,BENIGN,0,1.0,31.0,0.0,11745000000.0,50000000.0,0.0,0.0,6.0,lsnm2024_ddos_udp
2024-02-26 12:11:20.000000000,BENIGN,0,1.0,26.0,475.0,13525000000.0,50000000.0,18.26923076923077,0.0,6.0,lsnm2024_ddos_udp
2024-02-26 12:11:20.000000000,BENIGN,0,1.0,31.0,0.0,19575000000.0,50000000.0,0.0,0.0,6.0,lsnm2024_ddos_udp
2024-02-26 12:11:20.000000000,BENIGN,0,1.0,28.0,475.0,8305000000.0,50000000.0,16.964285714285715,0.0,6.0,lsnm2024_ddos_udp
2024-02-26 12:11:20.000000000,BENIGN,0,1.0,34.0,380.0,4295000000.0,50000000.0,11.176470588235293,0.0,6.0,lsnm2024_ddos_udp
2024-02-26 12:11:20.000000000,BENIGN,0,1.0,25.0,1045.0,3655000000.0,50000000.0,41.8,0.0,6.0,lsnm2024_ddos_udp
2024-02-26 12:11:20.000000000,BENIGN,0,1.0,25.0,475.0,9610000000.0,50000000.0,19.0,0.0,6.0,lsnm2024_ddos_udp
2024-02-26 12:11:20.000000000,BENIGN,0,1.0,18.0,665.0,7190000000.0,50000000.0,36.94444444444444,0.0,6.0,lsnm2024_ddos_udp
2024-02-26 12:11:21.000000000,BENIGN,0,1.0,28.0,380.0,4295000000.0,50000000.0,13.571428571428571,0.0,6.0,lsnm2024_ddos_udp
2024-02-26 12:11:21.000000000,BENIGN,0,1.0,15.0,0.0,5220000000.0,50000000.0,0.0,0.0,6.0,lsnm2024_ddos_udp
2024-02-26 12:11:21.000000000,BENIGN,0,1.0,28.0,950.0,3560000000.0,50000000.0,33.92857142857143,0.0,6.0,lsnm2024_ddos_udp
2024-02-26 12:11:21.000000000,BENIGN,0,1.0,25.0,285.0,6810000000.0,50000000.0,11.4,0.0,6.0,lsnm2024_ddos_udp
2024-02-26 12:11:21.000000000,BENIGN,0,1.0,25.0,475.0,10915000000.0,50000000.0,19.0,0.0,6.0,lsnm2024_ddos_udp
2024-02-26 12:11:21.000000000,BENIGN,0,1.0,26.0,760.0,7285000000.0,50000000.0,29.23076923076923,0.0,6.0,lsnm2024_ddos_udp
2024-02-26 12:11:21.000000000,BENIGN,0,1.0,26.0,665.0,5885000000.0,50000000.0,25.576923076923077,0.0,6.0,lsnm2024_ddos_udp
2024-02-26 12:11:21.000000000,BENIGN,0,1.0,23.0,1140.0,1140000000.0,50000000.0,49.56521739130435,0.0,6.0,lsnm2024_ddos_udp
2024-02-26 12:11:21.000000000,BENIGN,0,1.0,21.0,190.0,4105000000.0,50000000.0,9.047619047619047,0.0,6.0,lsnm2024_ddos_udp
2024-02-26 12:11:21.000000000,BENIGN,0,1.0,17.0,95.0,15755000000.0,50000000.0,5.588235294117647,0.0,6.0,lsnm2024_ddos_udp
2024-02-26 12:11:21.000000000,BENIGN,0,1.0,24.0,665.0,665000000.0,50000000.0,27.708333333333332,0.0,6.0,lsnm2024_ddos_udp
2024-02-26 12:11:21.000000000,BENIGN,0,1.0,30.0,475.0,7000000000.0,50000000.0,15.833333333333334,0.0,6.0,lsnm2024_ddos_udp
2024-02-26 12:11:21.000000000,BENIGN,0,1.0,23.0,285.0,8115000000.0,50000000.0,12.391304347826088,0.0,6.0,lsnm2024_ddos_udp
2024-02-26 12:11:21.000000000,BENIGN,0,1.0,23.0,190.0,8020000000.0,50000000.0,8.26086956521739,0.0,6.0,lsnm2024_ddos_udp
2024-02-26 12:11:21.000000000,BENIGN,0,1.0,31.0,1520.0,1520000000.0,50000000.0,49.03225806451613,0.0,6.0,lsnm2024_ddos_udp
2024-02-26 12:11:21.000000000,BENIGN,0,1.0,25.0,475.0,8305000000.0,50000000.0,19.0,0.0,6.0,lsnm2024_ddos_udp
2024-02-26 12:11:21.000000000,BENIGN,0,1.0,17.0,0.0,15660000000.0,50000000.0,0.0,0.0,6.0,lsnm2024_ddos_udp
2024-02-26 12:11:21.000000000,BENIGN,0,1.0,28.0,760.0,760000000.0,50000000.0,27.142857142857142,0.0,6.0,lsnm2024_ddos_udp
2024-02-26 12:11:21.000000000,BENIGN,0,1.0,19.0,475.0,5695000000.0,50000000.0,25.0,0.0,6.0,lsnm2024_ddos_udp
2024-02-26 12:11:21.000000000,BENIGN,0,1.0,21.0,380.0,6905000000.0,50000000.0,18.095238095238095,0.0,6.0,lsnm2024_ddos_udp
2024-02-26 12:11:21.000000000,BENIGN,0,1.0,27.0,0.0,15660000000.0,50000000.0,0.0,0.0,6.0,lsnm2024_ddos_udp
2024-02-26 12:11:21.000000000,BENIGN,0,1.0,28.0,95.0,15755000000.0,50000000.0,3.392857142857143,0.0,6.0,lsnm2024_ddos_udp
2024-02-26 12:11:21.000000000,BENIGN,0,1.0,25.0,380.0,6905000000.0,50000000.0,15.2,0.0,6.0,lsnm2024_ddos_udp
2024-02-26 12:11:21.000000000,BENIGN,0,1.0,24.0,190.0,2800000000.0,50000000.0,7.916666666666667,0.0,6.0,lsnm2024_ddos_udp
2024-02-26 12:11:22.000000000,BENIGN,0,1.0,22.0,95.0,13145000000.0,50000000.0,4.318181818181818,0.0,6.0,lsnm2024_ddos_udp
2024-02-26 12:11:22.000000000,BENIGN,0,1.0,23.0,665.0,1970000000.0,50000000.0,28.91304347826087,0.0,6.0,lsnm2024_ddos_udp
2024-02-26 12:11:22.000000000,BENIGN,0,1.0,27.0,285.0,9420000000.0,50000000.0,10.555555555555555,0.0,6.0,lsnm2024_ddos_udp
2024-02-26 12:11:22.000000000,BENIGN,0,1.0,25.0,665.0,7190000000.0,50000000.0,26.6,0.0,6.0,lsnm2024_ddos_udp
2024-02-26 12:11:22.000000000,BENIGN,0,1.0,26.0,285.0,14640000000.0,50000000.0,10.961538461538462,0.0,6.0,lsnm2024_ddos_udp
2024-02-26 12:11:22.000000000,BENIGN,0,1.0,25.0,1045.0,4960000000.0,50000000.0,41.8,0.0,6.0,lsnm2024_ddos_udp
2024-02-26 12:11:22.000000000,BENIGN,0,1.0,24.0,1045.0,1045000000.0,50000000.0,43.541666666666664,0.0,6.0,lsnm2024_ddos_udp
2024-02-26 12:11:22.000000000,BENIGN,0,1.0,19.0,95.0,11840000000.0,50000000.0,5.0,0.0,6.0,lsnm2024_ddos_udp
2024-02-26 12:11:22.000000000,BENIGN,0,1.0,29.0,855.0,855000000.0,50000000.0,29.482758620689655,0.0,6.0,lsnm2024_ddos_udp
2024-02-26 12:11:22.000000000,BENIGN,0,1.0,16.0,380.0,380000000.0,50000000.0,23.75,0.0,6.0,lsnm2024_ddos_udp
2024-02-26 12:11:22.000000000,BENIGN,0,1.0,24.0,855.0,855000000.0,50000000.0,35.625,0.0,6.0,lsnm2024_ddos_udp
2024-02-26 12:11:22.000000000,BENIGN,0,1.0,22.0,380.0,12125000000.0,50000000.0,17.272727272727273,0.0,6.0,lsnm2024_ddos_udp
2024-02-26 12:11:22.000000000,BENIGN,0,1.0,26.0,190.0,13240000000.0,50000000.0,7.3076923076923075,0.0,6.0,lsnm2024_ddos_udp
2024-02-26 12:11:22.000000000,BENIGN,0,1.0,27.0,760.0,11200000000.0,50000000.0,28.14814814814815,0.0,6.0,lsnm2024_ddos_udp
2024-02-26 12:11:22.000000000,BENIGN,0,1.0,29.0,285.0,6810000000.0,50000000.0,9.827586206896552,0.0,6.0,lsnm2024_ddos_udp
2024-02-26 12:11:22.000000000,BENIGN,0,1.0,25.0,855.0,855000000.0,50000000.0,34.2,0.0,6.0,lsnm2024_ddos_udp
2024-02-26 12:11:22.000000000,BENIGN,0,1.0,26.0,475.0,5695000000.0,50000000.0,18.26923076923077,0.0,6.0,lsnm2024_ddos_udp
2024-02-26 12:11:22.000000000,BENIGN,0,1.0,19.0,1140.0,3750000000.0,50000000.0,60.0,0.0,6.0,lsnm2024_ddos_udp
2024-02-26 12:11:22.000000000,BENIGN,0,1.0,18.0,0.0,32625000000.0,50000000.0,0.0,0.0,6.0,lsnm2024_ddos_udp
2024-02-26 12:11:22.000000000,BENIGN,0,1.0,20.0,665.0,11105000000.0,50000000.0,33.25,0.0,6.0,lsnm2024_ddos_udp
2024-02-26 12:11:22.000000000,BENIGN,0,1.0,23.0,190.0,14545000000.0,50000000.0,8.26086956521739,0.0,6.0,lsnm2024_ddos_udp
2024-02-26 12:11:22.000000000,BENIGN,0,1.0,27.0,285.0,12030000000.0,50000000.0,10.555555555555555,0.0,6.0,lsnm2024_ddos_udp
2024-02-26 12:11:22.000000000,BENIGN,0,1.0,23.0,665.0,15020000000.0,50000000.0,28.91304347826087,0.0,6.0,lsnm2024_ddos_udp
2024-02-26 12:11:22.000000000,BENIGN,0,1.0,32.0,475.0,9610000000.0,50000000.0,14.84375,0.0,6.0,lsnm2024_ddos_udp
2024-02-26 12:11:22.000000000,BENIGN,0,1.0,29.0,285.0,6810000000.0,50000000.0,9.827586206896552,0.0,6.0,lsnm2024_ddos_udp
2024-02-26 12:11:22.000000000,BENIGN,0,1.0,21.0,380.0,13430000000.0,50000000.0,18.095238095238095,0.0,6.0,lsnm2024_ddos_udp
2024-02-26 12:11:22.000000000,BENIGN,0,1.0,13.0,570.0,570000000.0,50000000.0,43.84615384615385,0.0,6.0,lsnm2024_ddos_udp
2024-02-26 12:11:22.000000000,BENIGN,0,1.0,26.0,1235.0,1235000000.0,50000000.0,47.5,0.0,6.0,lsnm2024_ddos_udp
2024-02-26 12:11:22.000000000,BENIGN,0,1.0,25.0,570.0,8400000000.0,50000000.0,22.8,0.0,6.0,lsnm2024_ddos_udp
2024-02-26 12:11:22.000000000,BENIGN,0,1.0,26.0,380.0,8210000000.0,50000000.0,14.615384615384615,0.0,6.0,lsnm2024_ddos_udp
2024-02-26 12:11:22.000000000,BENIGN,0,1.0,29.0,285.0,6810000000.0,50000000.0,9.827586206896552,0.0,6.0,lsnm2024_ddos_udp
2024-02-26 12:11:22.000000000,BENIGN,0,1.0,28.0,950.0,6170000000.0,50000000.0,33.92857142857143,0.0,6.0,lsnm2024_ddos_udp
2024-02-26 12:11:22.000000000,BENIGN,0,1.0,28.0,760.0,5980000000.0,50000000.0,27.142857142857142,0.0,6.0,lsnm2024_ddos_udp
2024-02-26 12:11:22.000000000,BENIGN,0,1.0,25.0,855.0,2160000000.0,50000000.0,34.2,0.0,6.0,lsnm2024_ddos_udp
2024-02-26 12:11:22.000000000,BENIGN,0,1.0,28.0,665.0,665000000.0,50000000.0,23.75,0.0,6.0,lsnm2024_ddos_udp
2024-02-26 12:11:22.000000000,BENIGN,0,1.0,27.0,380.0,13430000000.0,50000000.0,14.074074074074074,0.0,6.0,lsnm2024_ddos_udp
2024-02-26 12:11:22.000000000,BENIGN,0,1.0,27.0,570.0,570000000.0,50000000.0,21.11111111111111,0.0,6.0,lsnm2024_ddos_udp
2024-02-26 12:11:23.000000000,BENIGN,0,1.0,23.0,285.0,9420000000.0,50000000.0,12.391304347826088,0.0,6.0,lsnm2024_ddos_udp
2024-02-26 12:11:23.000000000,BENIGN,0,1.0,35.0,1045.0,1045000000.0,50000000.0,29.857142857142858,0.0,6.0,lsnm2024_ddos_udp
2024-02-26 12:11:23.000000000,BENIGN,0,1.0,20.0,570.0,9705000000.0,50000000.0,28.5,0.0,6.0,lsnm2024_ddos_udp
2024-02-26 12:11:23.000000000,BENIGN,0,1.0,25.0,190.0,9325000000.0,50000000.0,7.6,0.0,6.0,lsnm2024_ddos_udp
2024-02-26 12:11:23.000000000,BENIGN,0,1.0,23.0,285.0,6810000000.0,50000000.0,12.391304347826088,0.0,6.0,lsnm2024_ddos_udp
2024-02-26 12:11:23.000000000,BENIGN,0,1.0,27.0,380.0,5600000000.0,50000000.0,14.074074074074074,0.0,6.0,lsnm2024_ddos_udp
2024-02-26 12:11:23.000000000,BENIGN,0,1.0,27.0,570.0,570000000.0,50000000.0,21.11111111111111,0.0,6.0,lsnm2024_ddos_udp
2024-02-26 12:11:23.000000000,BENIGN,0,1.0,27.0,570.0,4485000000.0,50000000.0,21.11111111111111,0.0,6.0,lsnm2024_ddos_udp
2024-02-26 12:11:23.000000000,BENIGN,0,1.0,30.0,0.0,11745000000.0,50000000.0,0.0,0.0,6.0,lsnm2024_ddos_udp
2024-02-26 12:11:23.000000000,BENIGN,0,1.0,36.0,0.0,5220000000.0,50000000.0,0.0,0.0,6.0,lsnm2024_ddos_udp
2024-02-26 12:11:23.000000000,BENIGN,0,1.0,20.0,285.0,12030000000.0,50000000.0,14.25,0.0,6.0,lsnm2024_ddos_udp
2024-02-26 12:11:23.000000000,BENIGN,0,1.0,30.0,190.0,11935000000.0,50000000.0,6.333333333333333,0.0,6.0,lsnm2024_ddos_udp
2024-02-26 12:11:23.000000000,BENIGN,0,1.0,26.0,665.0,5885000000.0,50000000.0,25.576923076923077,0.0,6.0,lsnm2024_ddos_udp
2024-02-26 12:11:23.000000000,BENIGN,0,1.0,24.0,570.0,5790000000.0,50000000.0,23.75,0.0,6.0,lsnm2024_ddos_udp
2024-02-26 12:11:23.000000000,BENIGN,0,1.0,21.0,475.0,475000000.0,50000000.0,22.61904761904762,0.0,6.0,lsnm2024_ddos_udp
2024-02-26 12:11:23.000000000,BENIGN,0,1.0,28.0,380.0,16040000000.0,50000000.0,13.571428571428571,0.0,6.0,lsnm2024_ddos_udp
2024-02-26 12:11:23.000000000,BENIGN,0,1.0,20.0,0.0,1305000000.0,50000000.0,0.0,0.0,6.0,lsnm2024_ddos_udp
2024-02-26 12:11:23.000000000,BENIGN,0,1.0,26.0,665.0,7190000000.0,50000000.0,25.576923076923077,0.0,6.0,lsnm2024_ddos_udp
2024-02-26 12:11:23.000000000,BENIGN,0,1.0,20.0,475.0,475000000.0,50000000.0,23.75,0.0,6.0,lsnm2024_ddos_udp
2024-02-26 12:11:23.000000000,BENIGN,0,1.0,19.0,380.0,5600000000.0,50000000.0,20.0,0.0,6.0,lsnm2024_ddos_udp
2024-02-26 12:11:23.000000000,BENIGN,0,1.0,29.0,665.0,665000000.0,50000000.0,22.93103448275862,0.0,6.0,lsnm2024_ddos_udp
2024-02-26 12:11:23.000000000,BENIGN,0,1.0,30.0,570.0,4485000000.0,50000000.0,19.0,0.0,6.0,lsnm2024_ddos_udp
2024-02-26 12:11:23.000000000,BENIGN,0,1.0,28.0,570.0,3180000000.0,50000000.0,20.357142857142858,0.0,6.0,lsnm2024_ddos_udp
2024-02-26 12:11:23.000000000,BENIGN,0,1.0,25.0,570.0,13620000000.0,50000000.0,22.8,0.0,6.0,lsnm2024_ddos_udp
2024-02-26 12:11:23.000000000,BENIGN,0,1.0,18.0,475.0,5695000000.0,50000000.0,26.38888888888889,0.0,6.0,lsnm2024_ddos_udp
2024-02-26 12:11:23.000000000,BENIGN,0,1.0,25.0,190.0,10630000000.0,50000000.0,7.6,0.0,6.0,lsnm2024_ddos_udp
2024-02-26 12:11:23.000000000,BENIGN,0,1.0,18.0,0.0,3915000000.0,50000000.0,0.0,0.0,6.0,lsnm2024_ddos_udp
2024-02-26 12:11:24.000000000,BENIGN,0,1.0,22.0,665.0,3275000000.0,50000000.0,30.227272727272727,0.0,6.0,lsnm2024_ddos_udp
2024-02-26 12:11:24.000000000,BENIGN,0,1.0,31.0,760.0,4675000000.0,50000000.0,24.516129032258064,0.0,6.0,lsnm2024_ddos_udp
2024-02-26 12:11:24.000000000,BENIGN,0,1.0,23.0,190.0,10630000000.0,50000000.0,8.26086956521739,0.0,6.0,lsnm2024_ddos_udp
2024-02-26 12:11:24.000000000,BENIGN,0,1.0,18.0,855.0,855000000.0,50000000.0,47.5,0.0,6.0,lsnm2024_ddos_udp
2024-02-26 12:11:24.000000000,BENIGN,0,1.0,15.0,285.0,6810000000.0,50000000.0,19.0,0.0,6.0,lsnm2024_ddos_udp
2024-02-26 12:11:24.000000000,BENIGN,0,1.0,21.0,665.0,1970000000.0,50000000.0,31.666666666666668,0.0,6.0,lsnm2024_ddos_udp
2024-02-26 12:11:24.000000000,BENIGN,0,1.0,24.0,950.0,2255000000.0,50000000.0,39.583333333333336,0.0,6.0,lsnm2024_ddos_udp
2024-02-26 12:11:24.000000000,BENIGN,0,1.0,25.0,95.0,14450000000.0,50000000.0,3.8,0.0,6.0,lsnm2024_ddos_udp
2024-02-26 12:11:24.000000000,BENIGN,0,1.0,31.0,665.0,3275000000.0,50000000.0,21.451612903225808,0.0,6.0,lsnm2024_ddos_udp
2024-02-26 12:11:24.000000000,BENIGN,0,1.0,28.0,475.0,3085000000.0,50000000.0,16.964285714285715,0.0,6.0,lsnm2024_ddos_udp
2024-02-26 12:11:24.000000000,BENIGN,0,1.0,35.0,190.0,8020000000.0,50000000.0,5.428571428571429,0.0,6.0,lsnm2024_ddos_udp
2024-02-26 12:11:24.000000000,BENIGN,0,1.0,20.0,570.0,9705000000.0,50000000.0,28.5,0.0,6.0,lsnm2024_ddos_udp
2024-02-26 12:11:24.000000000,BENIGN,0,1.0,16.0,0.0,37845000000.0,50000000.0,0.0,0.0,6.0,lsnm2024_ddos_udp
2024-02-26 12:11:24.000000000,BENIGN,0,1.0,23.0,665.0,11105000000.0,50000000.0,28.91304347826087,0.0,6.0,lsnm2024_ddos_udp
2024-02-26 12:11:24.000000000,BENIGN,0,1.0,21.0,380.0,6905000000.0,50000000.0,18.095238095238095,0.0,6.0,lsnm2024_ddos_udp
2024-02-26 12:11:24.000000000,BENIGN,0,1.0,27.0,285.0,18555000000.0,50000000.0,10.555555555555555,0.0,6.0,lsnm2024_ddos_udp
2024-02-26 12:11:24.000000000,BENIGN,0,1.0,27.0,475.0,475000000.0,50000000.0,17.59259259259259,0.0,6.0,lsnm2024_ddos_udp
2024-02-26 12:11:24.000000000,BENIGN,0,1.0,26.0,285.0,8115000000.0,50000000.0,10.961538461538462,0.0,6.0,lsnm2024_ddos_udp
2024-02-26 12:11:24.000000000,BENIGN,0,1.0,33.0,285.0,1590000000.0,50000000.0,8.636363636363637,0.0,6.0,lsnm2024_ddos_udp
2024-02-26 12:11:24.000000000,BENIGN,0,1.0,30.0,285.0,6810000000.0,50000000.0,9.5,0.0,6.0,lsnm2024_ddos_udp
2024-02-26 12:11:24.000000000,BENIGN,0,1.0,31.0,95.0,9230000000.0,50000000.0,3.064516129032258,0.0,6.0,lsnm2024_ddos_udp
2024-02-26 12:11:24.000000000,BENIGN,0,1.0,28.0,570.0,4485000000.0,50000000.0,20.357142857142858,0.0,6.0,lsnm2024_ddos_udp
2024-02-26 12:11:24.000000000,BENIGN,0,1.0,25.0,95.0,15755000000.0,50000000.0,3.8,0.0,6.0,lsnm2024_ddos_udp
2024-02-26 12:11:24.000000000,BENIGN,0,1.0,18.0,950.0,3560000000.0,50000000.0,52.77777777777778,0.0,6.0,lsnm2024_ddos_udp
2024-02-26 12:11:24.000000000,BENIGN,0,1.0,25.0,570.0,1875000000.0,50000000.0,22.8,0.0,6.0,lsnm2024_ddos_udp
2024-02-26 12:11:24.000000000,BENIGN,0,1.0,28.0,95.0,10535000000.0,50000000.0,3.392857142857143,0.0,6.0,lsnm2024_ddos_udp
2024-02-26 12:11:24.000000000,BENIGN,0,1.0,19.0,855.0,855000000.0,50000000.0,45.0,0.0,6.0,lsnm2024_ddos_udp
2024-02-26 12:11:24.000000000,BENIGN,0,1.0,28.0,570.0,5790000000.0,50000000.0,20.357142857142858,0.0,6.0,lsnm2024_ddos_udp
2024-02-26 12:11:24.000000000,BENIGN,0,1.0,26.0,570.0,7095000000.0,50000000.0,21.923076923076923,0.0,6.0,lsnm2024_ddos_udp
2024-02-26 12:11:24.000000000,BENIGN,0,1.0,23.0,190.0,4105000000.0,50000000.0,8.26086956521739,0.0,6.0,lsnm2024_ddos_udp
2024-02-26 12:11:25.000000000,BENIGN,0,1.0,30.0,760.0,4675000000.0,50000000.0,25.333333333333332,0.0,6.0,lsnm2024_ddos_udp
2024-02-26 12:11:25.000000000,BENIGN,0,1.0,19.0,0.0,9135000000.0,50000000.0,0.0,0.0,6.0,lsnm2024_ddos_udp
2024-02-26 12:11:25.000000000,BENIGN,0,1.0,28.0,380.0,5600000000.0,50000000.0,13.571428571428571,0.0,6.0,lsnm2024_ddos_udp
2024-02-26 12:11:25.000000000,BENIGN,0,1.0,27.0,380.0,9515000000.0,50000000.0,14.074074074074074,0.0,6.0,lsnm2024_ddos_udp
2024-02-26 12:11:25.000000000,BENIGN,0,1.0,25.0,380.0,10820000000.0,50000000.0,15.2,0.0,6.0,lsnm2024_ddos_udp
2024-02-26 12:11:25.000000000,BENIGN,0,1.0,28.0,190.0,13240000000.0,50000000.0,6.785714285714286,0.0,6.0,lsnm2024_ddos_udp
2024-02-26 12:11:25.000000000,BENIGN,0,1.0,21.0,475.0,8305000000.0,50000000.0,22.61904761904762,0.0,6.0,lsnm2024_ddos_udp
2024-02-26 12:11:25.000000000,BENIGN,0,1.0,27.0,570.0,4485000000.0,50000000.0,21.11111111111111,0.0,6.0,lsnm2024_ddos_udp
2024-02-26 12:11:25.000000000,BENIGN,0,1.0,30.0,95.0,7925000000.0,50000000.0,3.1666666666666665,0.0,6.0,lsnm2024_ddos_udp
2024-02-26 12:11:25.000000000,BENIGN,0,1.0,23.0,950.0,950000000.0,50000000.0,41.30434782608695,0.0,6.0,lsnm2024_ddos_udp
2024-02-26 12:11:25.000000000,BENIGN,0,1.0,27.0,570.0,4485000000.0,50000000.0,21.11111111111111,0.0,6.0,lsnm2024_ddos_udp
2024-02-26 12:11:25.000000000,BENIGN,0,1.0,27.0,0.0,9135000000.0,50000000.0,0.0,0.0,6.0,lsnm2024_ddos_udp
2024-02-26 12:11:25.000000000,BENIGN,0,1.0,24.0,380.0,9515000000.0,50000000.0,15.833333333333334,0.0,6.0,lsnm2024_ddos_udp
2024-02-26 12:11:25.000000000,BENIGN,0,1.0,23.0,570.0,8400000000.0,50000000.0,24.782608695652176,0.0,6.0,lsnm2024_ddos_udp
2024-02-26 12:11:25.000000000,BENIGN,0,1.0,28.0,95.0,14450000000.0,50000000.0,3.392857142857143,0.0,6.0,lsnm2024_ddos_udp
2024-02-26 12:11:25.000000000,BENIGN,0,1.0,26.0,570.0,7095000000.0,50000000.0,21.923076923076923,0.0,6.0,lsnm2024_ddos_udp
2024-02-26 12:11:25.000000000,BENIGN,0,1.0,22.0,475.0,4390000000.0,50000000.0,21.59090909090909,0.0,6.0,lsnm2024_ddos_udp
2024-02-26 12:11:25.000000000,BENIGN,0,1.0,25.0,1045.0,2350000000.0,50000000.0,41.8,0.0,6.0,lsnm2024_ddos_udp
2024-02-26 12:11:25.000000000,BENIGN,0,1.0,27.0,285.0,8115000000.0,50000000.0,10.555555555555555,0.0,6.0,lsnm2024_ddos_udp
2024-02-26 12:11:25.000000000,BENIGN,0,1.0,22.0,475.0,8305000000.0,50000000.0,21.59090909090909,0.0,6.0,lsnm2024_ddos_udp
2024-02-26 12:11:25.000000000,BENIGN,0,1.0,35.0,285.0,285000000.0,50000000.0,8.142857142857142,0.0,6.0,lsnm2024_ddos_udp
2024-02-26 12:11:25.000000000,BENIGN,0,1.0,23.0,570.0,8400000000.0,50000000.0,24.782608695652176,0.0,6.0,lsnm2024_ddos_udp
2024-02-26 12:11:26.000000000,BENIGN,0,1.0,29.0,285.0,8115000000.0,50000000.0,9.827586206896552,0.0,6.0,lsnm2024_ddos_udp
2024-02-26 12:11:26.000000000,BENIGN,0,1.0,26.0,1140.0,2445000000.0,50000000.0,43.84615384615385,0.0,6.0,lsnm2024_ddos_udp
2024-02-26 12:11:26.000000000,BENIGN,0,1.0,23.0,380.0,6905000000.0,50000000.0,16.52173913043478,0.0,6.0,lsnm2024_ddos_udp
2024-02-26 12:11:26.000000000,BENIGN,0,1.0,28.0,570.0,7095000000.0,50000000.0,20.357142857142858,0.0,6.0,lsnm2024_ddos_udp
2024-02-26 12:11:26.000000000,BENIGN,0,1.0,29.0,570.0,1875000000.0,50000000.0,19.655172413793103,0.0,6.0,lsnm2024_ddos_udp
2024-02-26 12:11:26.000000000,BENIGN,0,1.0,23.0,760.0,7285000000.0,50000000.0,33.04347826086956,0.0,6.0,lsnm2024_ddos_udp
2024-02-26 12:11:26.000000000,BENIGN,0,1.0,23.0,95.0,11840000000.0,50000000.0,4.130434782608695,0.0,6.0,lsnm2024_ddos_udp
2024-02-26 12:11:26.000000000,BENIGN,0,1.0,24.0,475.0,8305000000.0,50000000.0,19.791666666666668,0.0,6.0,lsnm2024_ddos_udp
2024-02-26 12:11:26.000000000,BENIGN,0,1.0,27.0,475.0,4390000000.0,50000000.0,17.59259259259259,0.0,6.0,lsnm2024_ddos_udp
2024-02-26 12:11:26.000000000,BENIGN,0,1.0,19.0,285.0,14640000000.0,50000000.0,15.0,0.0,6.0,lsnm2024_ddos_udp
2024-02-26 12:11:26.000000000,BENIGN,0,1.0,30.0,665.0,4580000000.0,50000000.0,22.166666666666668,0.0,6.0,lsnm2024_ddos_udp
2024-02-26 12:11:26.000000000,BENIGN,0,1.0,14.0,570.0,570000000.0,50000000.0,40.714285714285715,0.0,6.0,lsnm2024_ddos_udp
2024-02-26 12:11:26.000000000,BENIGN,0,1.0,27.0,570.0,1875000000.0,50000000.0,21.11111111111111,0.0,6.0,lsnm2024_ddos_udp
2024-02-26 12:11:26.000000000,BENIGN,0,1.0,26.0,285.0,12030000000.0,50000000.0,10.961538461538462,0.0,6.0,lsnm2024_ddos_udp
2024-02-26 12:11:26.000000000,BENIGN,0,1.0,28.0,190.0,5410000000.0,50000000.0,6.785714285714286,0.0,6.0,lsnm2024_ddos_udp
2024-02-26 12:11:26.000000000,BENIGN,0,1.0,28.0,570.0,1875000000.0,50000000.0,20.357142857142858,0.0,6.0,lsnm2024_ddos_udp
2024-02-26 12:11:26.000000000,BENIGN,0,1.0,22.0,1045.0,1045000000.0,50000000.0,47.5,0.0,6.0,lsnm2024_ddos_udp
2024-02-26 12:11:26.000000000,BENIGN,0,1.0,32.0,95.0,1400000000.0,50000000.0,2.96875,0.0,6.0,lsnm2024_ddos_udp
2024-02-26 12:11:26.000000000,BENIGN,0,1.0,21.0,475.0,4390000000.0,50000000.0,22.61904761904762,0.0,6.0,lsnm2024_ddos_udp
2024-02-26 12:11:26.000000000,BENIGN,0,1.0,27.0,760.0,8590000000.0,50000000.0,28.14814814814815,0.0,6.0,lsnm2024_ddos_udp
2024-02-26 12:11:26.000000000,BENIGN,0,1.0,29.0,190.0,9325000000.0,50000000.0,6.551724137931035,0.0,6.0,lsnm2024_ddos_udp
2024-02-26 12:11:26.000000000,BENIGN,0,1.0,25.0,285.0,10725000000.0,50000000.0,11.4,0.0,6.0,lsnm2024_ddos_udp
2024-02-26 12:11:26.000000000,BENIGN,0,1.0,23.0,285.0,6810000000.0,50000000.0,12.391304347826088,0.0,6.0,lsnm2024_ddos_udp
2024-02-26 12:11:26.000000000,BENIGN,0,1.0,29.0,380.0,5600000000.0,50000000.0,13.10344827586207,0.0,6.0,lsnm2024_ddos_udp
2024-02-26 12:11:26.000000000,BENIGN,0,1.0,24.0,1045.0,2350000000.0,50000000.0,43.541666666666664,0.0,6.0,lsnm2024_ddos_udp
2024-02-26 12:11:26.000000000,BENIGN,0,1.0,24.0,570.0,5790000000.0,50000000.0,23.75,0.0,6.0,lsnm2024_ddos_udp
2024-02-26 12:11:26.000000000,BENIGN,0,1.0,29.0,760.0,2065000000.0,50000000.0,26.20689655172414,0.0,6.0,lsnm2024_ddos_udp
2024-02-26 12:11:26.000000000,BENIGN,0,1.0,22.0,285.0,2895000000.0,50000000.0,12.954545454545455,0.0,6.0,lsnm2024_ddos_udp
2024-02-26 12:11:26.000000000,BENIGN,0,1.0,24.0,380.0,6905000000.0,50000000.0,15.833333333333334,0.0,6.0,lsnm2024_ddos_udp
2024-02-26 12:11:26.000000000,BENIGN,0,1.0,24.0,475.0,4390000000.0,50000000.0,19.791666666666668,0.0,6.0,lsnm2024_ddos_udp
2024-02-26 12:11:26.000000000,BENIGN,0,1.0,29.0,190.0,11935000000.0,50000000.0,6.551724137931035,0.0,6.0,lsnm2024_ddos_udp
2024-02-26 12:11:26.000000000,BENIGN,0,1.0,30.0,665.0,3275000000.0,50000000.0,22.166666666666668,0.0,6.0,lsnm2024_ddos_udp
2024-02-26 12:11:26.000000000,BENIGN,0,1.0,21.0,665.0,665000000.0,50000000.0,31.666666666666668,0.0,6.0,lsnm2024_ddos_udp
2024-02-26 12:11:26.000000000,BENIGN,0,1.0,25.0,190.0,9325000000.0,50000000.0,7.6,0.0,6.0,lsnm2024_ddos_udp
2024-02-26 12:11:26.000000000,BENIGN,0,1.0,22.0,475.0,12220000000.0,50000000.0,21.59090909090909,0.0,6.0,lsnm2024_ddos_udp
2024-02-26 12:11:26.000000000,BENIGN,0,1.0,15.0,665.0,665000000.0,50000000.0,44.333333333333336,0.0,6.0,lsnm2024_ddos_udp
2024-02-26 12:11:26.000000000,BENIGN,0,1.0,34.0,1235.0,7760000000.0,50000000.0,36.3235294117647,0.0,6.0,lsnm2024_ddos_udp
2024-02-26 12:11:26.000000000,BENIGN,0,1.0,30.0,950.0,950000000.0,50000000.0,31.666666666666668,0.0,6.0,lsnm2024_ddos_udp
2024-02-26 12:11:26.000000000,BENIGN,0,1.0,4.0,0.0,9135000000.0,50000000.0,0.0,0.0,6.0,lsnm2024_ddos_udp
2024-02-26 12:11:26.000000000,BENIGN,0,1.0,32.0,285.0,13335000000.0,50000000.0,8.90625,0.0,6.0,lsnm2024_ddos_udp
2024-02-26 12:11:26.000000000,BENIGN,0,1.0,28.0,570.0,1875000000.0,50000000.0,20.357142857142858,0.0,6.0,lsnm2024_ddos_udp
2024-02-26 12:11:26.000000000,BENIGN,0,1.0,20.0,1045.0,1045000000.0,50000000.0,52.25,0.0,6.0,lsnm2024_ddos_udp
2024-02-26 12:11:27.000000000,BENIGN,0,1.0,24.0,1140.0,2445000000.0,50000000.0,47.5,0.0,6.0,lsnm2024_ddos_udp
2024-02-26 12:11:27.000000000,BENIGN,0,1.0,22.0,665.0,665000000.0,50000000.0,30.227272727272727,0.0,6.0,lsnm2024_ddos_udp
2024-02-26 12:11:27.000000000,BENIGN,0,1.0,23.0,380.0,6905000000.0,50000000.0,16.52173913043478,0.0,6.0,lsnm2024_ddos_udp
2024-02-26 12:11:27.000000000,BENIGN,0,1.0,26.0,380.0,10820000000.0,50000000.0,14.615384615384615,0.0,6.0,lsnm2024_ddos_udp
2024-02-26 12:11:27.000000000,BENIGN,0,1.0,21.0,665.0,665000000.0,50000000.0,31.666666666666668,0.0,6.0,lsnm2024_ddos_udp
2024-02-26 12:11:27.000000000,BENIGN,0,1.0,29.0,665.0,5885000000.0,50000000.0,22.93103448275862,0.0,6.0,lsnm2024_ddos_udp
2024-02-26 12:11:27.000000000,BENIGN,0,1.0,22.0,475.0,8305000000.0,50000000.0,21.59090909090909,0.0,6.0,lsnm2024_ddos_udp
2024-02-26 12:11:27.000000000,BENIGN,0,1.0,20.0,570.0,4485000000.0,50000000.0,28.5,0.0,6.0,lsnm2024_ddos_udp
2024-02-26 12:11:27.000000000,BENIGN,0,1.0,27.0,1045.0,4960000000.0,50000000.0,38.7037037037037,0.0,6.0,lsnm2024_ddos_udp
2024-02-26 12:11:27.000000000,BENIGN,0,1.0,19.0,380.0,19955000000.0,50000000.0,20.0,0.0,6.0,lsnm2024_ddos_udp
2024-02-26 12:11:27.000000000,BENIGN,0,1.0,19.0,0.0,15660000000.0,50000000.0,0.0,0.0,6.0,lsnm2024_ddos_udp
2024-02-26 12:11:27.000000000,BENIGN,0,1.0,31.0,95.0,15755000000.0,50000000.0,3.064516129032258,0.0,6.0,lsnm2024_ddos_udp
2024-02-26 12:11:27.000000000,BENIGN,0,1.0,29.0,95.0,4010000000.0,50000000.0,3.2758620689655173,0.0,6.0,lsnm2024_ddos_udp
2024-02-26 12:11:27.000000000,BENIGN,0,1.0,22.0,95.0,13145000000.0,50000000.0,4.318181818181818,0.0,6.0,lsnm2024_ddos_udp
2024-02-26 12:11:27.000000000,BENIGN,0,1.0,21.0,380.0,18650000000.0,50000000.0,18.095238095238095,0.0,6.0,lsnm2024_ddos_udp
2024-02-26 12:11:27.000000000,BENIGN,0,1.0,27.0,570.0,7095000000.0,50000000.0,21.11111111111111,0.0,6.0,lsnm2024_ddos_udp
2024-02-26 12:11:27.000000000,BENIGN,0,1.0,25.0,190.0,14545000000.0,50000000.0,7.6,0.0,6.0,lsnm2024_ddos_udp
2024-02-26 12:11:27.000000000,BENIGN,0,1.0,24.0,665.0,1970000000.0,50000000.0,27.708333333333332,0.0,6.0,lsnm2024_ddos_udp
2024-02-26 12:11:27.000000000,BENIGN,0,1.0,24.0,570.0,5790000000.0,50000000.0,23.75,0.0,6.0,lsnm2024_ddos_udp
2024-02-26 12:11:27.000000000,BENIGN,0,1.0,28.0,95.0,17060000000.0,50000000.0,3.392857142857143,0.0,6.0,lsnm2024_ddos_udp
2024-02-26 12:11:27.000000000,BENIGN,0,1.0,28.0,380.0,6905000000.0,50000000.0,13.571428571428571,0.0,6.0,lsnm2024_ddos_udp
2024-02-26 12:11:27.000000000,BENIGN,0,1.0,25.0,475.0,8305000000.0,50000000.0,19.0,0.0,6.0,lsnm2024_ddos_udp
2024-02-26 12:11:27.000000000,BENIGN,0,1.0,26.0,380.0,14735000000.0,50000000.0,14.615384615384615,0.0,6.0,lsnm2024_ddos_udp
2024-02-26 12:11:27.000000000,BENIGN,0,1.0,25.0,475.0,8305000000.0,50000000.0,19.0,0.0,6.0,lsnm2024_ddos_udp
2024-02-26 12:11:28.000000000,BENIGN,0,1.0,24.0,570.0,8400000000.0,50000000.0,23.75,0.0,6.0,lsnm2024_ddos_udp
2024-02-26 12:11:28.000000000,BENIGN,0,1.0,26.0,190.0,190000000.0,50000000.0,7.3076923076923075,0.0,6.0,lsnm2024_ddos_udp
2024-02-26 12:11:28.000000000,BENIGN,0,1.0,21.0,665.0,665000000.0,50000000.0,31.666666666666668,0.0,6.0,lsnm2024_ddos_udp
2024-02-26 12:11:28.000000000,BENIGN,0,1.0,23.0,760.0,2065000000.0,50000000.0,33.04347826086956,0.0,6.0,lsnm2024_ddos_udp
2024-02-26 12:11:28.000000000,BENIGN,0,1.0,25.0,760.0,5980000000.0,50000000.0,30.4,0.0,6.0,lsnm2024_ddos_udp
2024-02-26 12:11:28.000000000,BENIGN,0,1.0,21.0,95.0,95000000.0,50000000.0,4.523809523809524,0.0,6.0,lsnm2024_ddos_udp
2024-02-26 12:11:28.000000000,BENIGN,0,1.0,23.0,95.0,13145000000.0,50000000.0,4.130434782608695,0.0,6.0,lsnm2024_ddos_udp
2024-02-26 12:11:28.000000000,BENIGN,0,1.0,22.0,95.0,11840000000.0,50000000.0,4.318181818181818,0.0,6.0,lsnm2024_ddos_udp
2024-02-26 12:11:28.000000000,BENIGN,0,1.0,22.0,0.0,20880000000.0,50000000.0,0.0,0.0,6.0,lsnm2024_ddos_udp
2024-02-26 12:11:28.000000000,BENIGN,0,1.0,25.0,475.0,12220000000.0,50000000.0,19.0,0.0,6.0,lsnm2024_ddos_udp
2024-02-26 12:11:28.000000000,BENIGN,0,1.0,17.0,0.0,13050000000.0,50000000.0,0.0,0.0,6.0,lsnm2024_ddos_udp
2024-02-26 12:11:28.000000000,BENIGN,0,221000000.0,21.0,95.0,6.334841628959276,0.22624434389140272,4.523809523809524,0.0,6.0,lsnm2024_ddos_udp
2024-02-26 12:11:28.000000000,BENIGN,0,1.0,27.0,570.0,3180000000.0,50000000.0,21.11111111111111,0.0,6.0,lsnm2024_ddos_udp
2024-02-26 12:11:28.000000000,BENIGN,0,1.0,26.0,855.0,6075000000.0,50000000.0,32.88461538461539,0.0,6.0,lsnm2024_ddos_udp
2024-02-26 12:11:28.000000000,BENIGN,0,1.0,24.0,285.0,10725000000.0,50000000.0,11.875,0.0,6.0,lsnm2024_ddos_udp
2024-02-26 12:11:28.000000000,BENIGN,0,1.0,17.0,190.0,5410000000.0,50000000.0,11.176470588235293,0.0,6.0,lsnm2024_ddos_udp
2024-02-26 12:11:28.000000000,BENIGN,0,1.0,24.0,570.0,12315000000.0,50000000.0,23.75,0.0,6.0,lsnm2024_ddos_udp
2024-02-26 12:11:28.000000000,BENIGN,0,1.0,17.0,0.0,0.0,50000000.0,0.0,0.0,6.0,lsnm2024_ddos_udp
2024-02-26 12:15:09.000000000,BENIGN,0,1.0,44.0,0.0,0.0,50000000.0,0.0,0.0,6.0,lsnm2024_ddos_udp
2024-02-26 12:15:09.000000000,BENIGN,0,1.0,29.0,475.0,5695000000.0,50000000.0,16.379310344827587,0.0,6.0,lsnm2024_ddos_udp
2024-02-26 12:15:09.000000000,BENIGN,0,1.0,36.0,1045.0,1045000000.0,50000000.0,29.02777777777778,0.0,6.0,lsnm2024_ddos_udp
2024-02-26 12:15:09.000000000,BENIGN,0,1.0,23.0,570.0,9705000000.0,50000000.0,24.782608695652176,0.0,6.0,lsnm2024_ddos_udp
2024-02-26 12:15:09.000000000,BENIGN,0,1.0,23.0,380.0,9515000000.0,50000000.0,16.52173913043478,0.0,6.0,lsnm2024_ddos_udp
2024-02-26 12:15:09.000000000,BENIGN,0,1.0,26.0,475.0,8305000000.0,50000000.0,18.26923076923077,0.0,6.0,lsnm2024_ddos_udp
2024-02-26 12:15:09.000000000,BENIGN,0,1.0,33.0,1425.0,1425000000.0,50000000.0,43.18181818181818,0.0,6.0,lsnm2024_ddos_udp
2024-02-26 12:15:09.000000000,BENIGN,0,1.0,28.0,570.0,11010000000.0,50000000.0,20.357142857142858,0.0,6.0,lsnm2024_ddos_udp
2024-02-26 12:15:09.000000000,BENIGN,0,1.0,25.0,570.0,8400000000.0,50000000.0,22.8,0.0,6.0,lsnm2024_ddos_udp
2024-02-26 12:15:09.000000000,BENIGN,0,1.0,25.0,475.0,5695000000.0,50000000.0,19.0,0.0,6.0,lsnm2024_ddos_udp
2024-02-26 12:15:10.000000000,BENIGN,0,1.0,30.0,380.0,4295000000.0,50000000.0,12.666666666666666,0.0,6.0,lsnm2024_ddos_udp
2024-02-26 12:15:10.000000000,BENIGN,0,1.0,20.0,190.0,10630000000.0,50000000.0,9.5,0.0,6.0,lsnm2024_ddos_udp
2024-02-26 12:15:10.000000000,BENIGN,0,1.0,21.0,475.0,7000000000.0,50000000.0,22.61904761904762,0.0,6.0,lsnm2024_ddos_udp
2024-02-26 12:15:10.000000000,BENIGN,0,1.0,25.0,475.0,7000000000.0,50000000.0,19.0,0.0,6.0,lsnm2024_ddos_udp
2024-02-26 12:15:10.000000000,BENIGN,0,1.0,23.0,570.0,8400000000.0,50000000.0,24.782608695652176,0.0,6.0,lsnm2024_ddos_udp
2024-02-26 12:15:10.000000000,BENIGN,0,1.0,28.0,380.0,4295000000.0,50000000.0,13.571428571428571,0.0,6.0,lsnm2024_ddos_udp
2024-02-26 12:15:10.000000000,BENIGN,0,1.0,23.0,475.0,5695000000.0,50000000.0,20.652173913043477,0.0,6.0,lsnm2024_ddos_udp
2024-02-26 12:15:10.000000000,BENIGN,0,1.0,25.0,380.0,4295000000.0,50000000.0,15.2,0.0,6.0,lsnm2024_ddos_udp
2024-02-26 12:15:10.000000000,BENIGN,0,1.0,19.0,665.0,4580000000.0,50000000.0,35.0,0.0,6.0,lsnm2024_ddos_udp
2024-02-26 12:15:10.000000000,BENIGN,0,1.0,23.0,760.0,7285000000.0,50000000.0,33.04347826086956,0.0,6.0,lsnm2024_ddos_udp
2024-02-26 12:15:10.000000000,BENIGN,0,1.0,22.0,380.0,9515000000.0,50000000.0,17.272727272727273,0.0,6.0,lsnm2024_ddos_udp
2024-02-26 12:15:10.000000000,BENIGN,0,1.0,27.0,285.0,4200000000.0,50000000.0,10.555555555555555,0.0,6.0,lsnm2024_ddos_udp
2024-02-26 12:15:10.000000000,BENIGN,0,1.0,26.0,285.0,12030000000.0,50000000.0,10.961538461538462,0.0,6.0,lsnm2024_ddos_udp
2024-02-26 12:15:10.000000000,BENIGN,0,1.0,21.0,665.0,5885000000.0,50000000.0,31.666666666666668,0.0,6.0,lsnm2024_ddos_udp
2024-02-26 12:15:10.000000000,BENIGN,0,1.0,26.0,570.0,7095000000.0,50000000.0,21.923076923076923,0.0,6.0,lsnm2024_ddos_udp
2024-02-26 12:15:10.000000000,BENIGN,0,1.0,24.0,285.0,6810000000.0,50000000.0,11.875,0.0,6.0,lsnm2024_ddos_udp
2024-02-26 12:15:10.000000000,BENIGN,0,1.0,26.0,380.0,6905000000.0,50000000.0,14.615384615384615,0.0,6.0,lsnm2024_ddos_udp
2024-02-26 12:15:10.000000000,BENIGN,0,1.0,26.0,380.0,8210000000.0,50000000.0,14.615384615384615,0.0,6.0,lsnm2024_ddos_udp
2024-02-26 12:15:10.000000000,BENIGN,0,1.0,20.0,475.0,10915000000.0,50000000.0,23.75,0.0,6.0,lsnm2024_ddos_udp
2024-02-26 12:15:10.000000000,BENIGN,0,1.0,27.0,475.0,4390000000.0,50000000.0,17.59259259259259,0.0,6.0,lsnm2024_ddos_udp
2024-02-26 12:15:10.000000000,BENIGN,0,1.0,32.0,665.0,5885000000.0,50000000.0,20.78125,0.0,6.0,lsnm2024_ddos_udp
2024-02-26 12:15:10.000000000,BENIGN,0,1.0,25.0,760.0,4675000000.0,50000000.0,30.4,0.0,6.0,lsnm2024_ddos_udp
2024-02-26 12:15:10.000000000,BENIGN,0,1.0,27.0,570.0,3180000000.0,50000000.0,21.11111111111111,0.0,6.0,lsnm2024_ddos_udp
2024-02-26 12:15:10.000000000,BENIGN,0,1.0,27.0,570.0,9705000000.0,50000000.0,21.11111111111111,0.0,6.0,lsnm2024_ddos_udp
2024-02-26 12:15:11.000000000,BENIGN,0,1.0,23.0,475.0,4390000000.0,50000000.0,20.652173913043477,0.0,6.0,lsnm2024_ddos_udp
2024-02-26 12:15:11.000000000,BENIGN,0,1.0,26.0,665.0,5885000000.0,50000000.0,25.576923076923077,0.0,6.0,lsnm2024_ddos_udp
2024-02-26 12:15:11.000000000,BENIGN,0,1.0,31.0,760.0,4675000000.0,50000000.0,24.516129032258064,0.0,6.0,lsnm2024_ddos_udp
2024-02-26 12:15:11.000000000,BENIGN,0,1.0,28.0,855.0,11295000000.0,50000000.0,30.535714285714285,0.0,6.0,lsnm2024_ddos_udp
2024-02-26 12:15:11.000000000,BENIGN,0,1.0,24.0,380.0,8210000000.0,50000000.0,15.833333333333334,0.0,6.0,lsnm2024_ddos_udp
2024-02-26 12:15:11.000000000,BENIGN,0,1.0,28.0,570.0,5790000000.0,50000000.0,20.357142857142858,0.0,6.0,lsnm2024_ddos_udp
2024-02-26 12:15:11.000000000,BENIGN,0,1.0,22.0,475.0,10915000000.0,50000000.0,21.59090909090909,0.0,6.0,lsnm2024_ddos_udp
2024-02-26 12:15:11.000000000,BENIGN,0,1.0,26.0,665.0,4580000000.0,50000000.0,25.576923076923077,0.0,6.0,lsnm2024_ddos_udp
2024-02-26 12:15:11.000000000,BENIGN,0,1.0,24.0,285.0,13335000000.0,50000000.0,11.875,0.0,6.0,lsnm2024_ddos_udp
2024-02-26 12:15:11.000000000,BENIGN,0,1.0,22.0,380.0,9515000000.0,50000000.0,17.272727272727273,0.0,6.0,lsnm2024_ddos_udp
2024-02-26 12:15:11.000000000,BENIGN,0,1.0,26.0,665.0,3275000000.0,50000000.0,25.576923076923077,0.0,6.0,lsnm2024_ddos_udp
2024-02-26 12:15:11.000000000,BENIGN,0,1.0,26.0,190.0,14545000000.0,50000000.0,7.3076923076923075,0.0,6.0,lsnm2024_ddos_udp
2024-02-26 12:15:11.000000000,BENIGN,0,1.0,26.0,475.0,5695000000.0,50000000.0,18.26923076923077,0.0,6.0,lsnm2024_ddos_udp
2024-02-26 12:15:11.000000000,BENIGN,0,1.0,22.0,190.0,13240000000.0,50000000.0,8.636363636363637,0.0,6.0,lsnm2024_ddos_udp
2024-02-26 12:15:11.000000000,BENIGN,0,1.0,22.0,570.0,9705000000.0,50000000.0,25.90909090909091,0.0,6.0,lsnm2024_ddos_udp
2024-02-26 12:15:11.000000000,BENIGN,0,1.0,32.0,760.0,4675000000.0,50000000.0,23.75,0.0,6.0,lsnm2024_ddos_udp
2024-02-26 12:15:11.000000000,BENIGN,0,1.0,28.0,475.0,8305000000.0,50000000.0,16.964285714285715,0.0,6.0,lsnm2024_ddos_udp
2024-02-26 12:15:11.000000000,BENIGN,0,1.0,23.0,475.0,8305000000.0,50000000.0,20.652173913043477,0.0,6.0,lsnm2024_ddos_udp
2024-02-26 12:15:11.000000000,BENIGN,0,1.0,25.0,475.0,8305000000.0,50000000.0,19.0,0.0,6.0,lsnm2024_ddos_udp
2024-02-26 12:15:12.000000000,BENIGN,0,1.0,23.0,285.0,13335000000.0,50000000.0,12.391304347826088,0.0,6.0,lsnm2024_ddos_udp
2024-02-26 12:15:12.000000000,BENIGN,0,1.0,25.0,285.0,6810000000.0,50000000.0,11.4,0.0,6.0,lsnm2024_ddos_udp
2024-02-26 12:15:12.000000000,BENIGN,0,1.0,20.0,475.0,8305000000.0,50000000.0,23.75,0.0,6.0,lsnm2024_ddos_udp
2024-02-26 12:15:12.000000000,BENIGN,0,1.0,24.0,380.0,6905000000.0,50000000.0,15.833333333333334,0.0,6.0,lsnm2024_ddos_udp
2024-02-26 12:15:12.000000000,BENIGN,0,1.0,23.0,380.0,8210000000.0,50000000.0,16.52173913043478,0.0,6.0,lsnm2024_ddos_udp
2024-02-26 12:15:12.000000000,BENIGN,0,1.0,30.0,380.0,4295000000.0,50000000.0,12.666666666666666,0.0,6.0,lsnm2024_ddos_udp
2024-02-26 12:15:12.000000000,BENIGN,0,1.0,24.0,380.0,10820000000.0,50000000.0,15.833333333333334,0.0,6.0,lsnm2024_ddos_udp
2024-02-26 12:15:12.000000000,BENIGN,0,1.0,31.0,380.0,8210000000.0,50000000.0,12.258064516129032,0.0,6.0,lsnm2024_ddos_udp
2024-02-26 12:15:12.000000000,BENIGN,0,1.0,29.0,475.0,4390000000.0,50000000.0,16.379310344827587,0.0,6.0,lsnm2024_ddos_udp
2024-02-26 12:15:12.000000000,BENIGN,0,1.0,28.0,380.0,4295000000.0,50000000.0,13.571428571428571,0.0,6.0,lsnm2024_ddos_udp
2024-02-26 12:15:12.000000000,BENIGN,0,1.0,22.0,380.0,8210000000.0,50000000.0,17.272727272727273,0.0,6.0,lsnm2024_ddos_udp
2024-02-26 12:15:12.000000000,BENIGN,0,1.0,20.0,380.0,4295000000.0,50000000.0,19.0,0.0,6.0,lsnm2024_ddos_udp
2024-02-26 12:15:12.000000000,BENIGN,0,1.0,29.0,285.0,8115000000.0,50000000.0,9.827586206896552,0.0,6.0,lsnm2024_ddos_udp
2024-02-26 12:15:12.000000000,BENIGN,0,1.0,23.0,475.0,9610000000.0,50000000.0,20.652173913043477,0.0,6.0,lsnm2024_ddos_udp
2024-02-26 12:15:12.000000000,BENIGN,0,1.0,25.0,570.0,5790000000.0,50000000.0,22.8,0.0,6.0,lsnm2024_ddos_udp
2024-02-26 12:15:12.000000000,BENIGN,0,1.0,25.0,475.0,9610000000.0,50000000.0,19.0,0.0,6.0,lsnm2024_ddos_udp
2024-02-26 12:15:12.000000000,BENIGN,0,1.0,28.0,190.0,8020000000.0,50000000.0,6.785714285714286,0.0,6.0,lsnm2024_ddos_udp
2024-02-26 12:15:12.000000000,BENIGN,0,1.0,26.0,285.0,9420000000.0,50000000.0,10.961538461538462,0.0,6.0,lsnm2024_ddos_udp
2024-02-26 12:15:12.000000000,BENIGN,0,1.0,28.0,285.0,10725000000.0,50000000.0,10.178571428571429,0.0,6.0,lsnm2024_ddos_udp
2024-02-26 12:15:12.000000000,BENIGN,0,1.0,27.0,475.0,5695000000.0,50000000.0,17.59259259259259,0.0,6.0,lsnm2024_ddos_udp
2024-02-26 12:15:12.000000000,BENIGN,0,1.0,28.0,380.0,4295000000.0,50000000.0,13.571428571428571,0.0,6.0,lsnm2024_ddos_udp
2024-02-26 12:15:12.000000000,BENIGN,0,1.0,22.0,380.0,8210000000.0,50000000.0,17.272727272727273,0.0,6.0,lsnm2024_ddos_udp
2024-02-26 12:15:13.000000000,BENIGN,0,1.0,27.0,475.0,7000000000.0,50000000.0,17.59259259259259,0.0,6.0,lsnm2024_ddos_udp
2024-02-26 12:15:13.000000000,BENIGN,0,1.0,21.0,285.0,15945000000.0,50000000.0,13.571428571428571,0.0,6.0,lsnm2024_ddos_udp
2024-02-26 12:15:13.000000000,BENIGN,0,1.0,24.0,475.0,8305000000.0,50000000.0,19.791666666666668,0.0,6.0,lsnm2024_ddos_udp
2024-02-26 12:15:13.000000000,BENIGN,0,1.0,26.0,570.0,11010000000.0,50000000.0,21.923076923076923,0.0,6.0,lsnm2024_ddos_udp
2024-02-26 12:15:13.000000000,BENIGN,0,1.0,21.0,665.0,7190000000.0,50000000.0,31.666666666666668,0.0,6.0,lsnm2024_ddos_udp
2024-02-26 12:15:13.000000000,BENIGN,0,1.0,24.0,380.0,8210000000.0,50000000.0,15.833333333333334,0.0,6.0,lsnm2024_ddos_udp
2024-02-26 12:15:13.000000000,BENIGN,0,1.0,24.0,570.0,9705000000.0,50000000.0,23.75,0.0,6.0,lsnm2024_ddos_udp
2024-02-26 12:15:13.000000000,BENIGN,0,1.0,24.0,475.0,1780000000.0,50000000.0,19.791666666666668,0.0,6.0,lsnm2024_ddos_udp
2024-02-26 12:15:13.000000000,BENIGN,0,1.0,34.0,950.0,3560000000.0,50000000.0,27.941176470588236,0.0,6.0,lsnm2024_ddos_udp
2024-02-26 12:15:13.000000000,BENIGN,0,1.0,22.0,475.0,9610000000.0,50000000.0,21.59090909090909,0.0,6.0,lsnm2024_ddos_udp
2024-02-26 12:15:13.000000000,BENIGN,0,1.0,21.0,570.0,9705000000.0,50000000.0,27.142857142857142,0.0,6.0,lsnm2024_ddos_udp
2024-02-26 12:15:13.000000000,BENIGN,0,1.0,28.0,380.0,5600000000.0,50000000.0,13.571428571428571,0.0,6.0,lsnm2024_ddos_udp
2024-02-26 12:15:13.000000000,BENIGN,0,1.0,22.0,190.0,13240000000.0,50000000.0,8.636363636363637,0.0,6.0,lsnm2024_ddos_udp
2024-02-26 12:15:13.000000000,BENIGN,0,1.0,29.0,190.0,9325000000.0,50000000.0,6.551724137931035,0.0,6.0,lsnm2024_ddos_udp
2024-02-26 12:15:13.000000000,BENIGN,0,1.0,21.0,0.0,11745000000.0,50000000.0,0.0,0.0,6.0,lsnm2024_ddos_udp
2024-02-26 12:15:13.000000000,BENIGN,0,1.0,30.0,475.0,3085000000.0,50000000.0,15.833333333333334,0.0,6.0,lsnm2024_ddos_udp
2024-02-26 12:15:13.000000000,BENIGN,0,1.0,27.0,380.0,8210000000.0,50000000.0,14.074074074074074,0.0,6.0,lsnm2024_ddos_udp
2024-02-26 12:15:13.000000000,BENIGN,0,1.0,25.0,380.0,5600000000.0,50000000.0,15.2,0.0,6.0,lsnm2024_ddos_udp
2024-02-26 12:15:13.000000000,BENIGN,0,1.0,24.0,950.0,4865000000.0,50000000.0,39.583333333333336,0.0,6.0,lsnm2024_ddos_udp
2024-02-26 12:15:13.000000000,BENIGN,0,1.0,23.0,190.0,9325000000.0,50000000.0,8.26086956521739,0.0,6.0,lsnm2024_ddos_udp
2024-02-26 12:15:13.000000000,BENIGN,0,1.0,25.0,95.0,7925000000.0,50000000.0,3.8,0.0,6.0,lsnm2024_ddos_udp
2024-02-26 12:15:13.000000000,BENIGN,0,1.0,23.0,475.0,8305000000.0,50000000.0,20.652173913043477,0.0,6.0,lsnm2024_ddos_udp
2024-02-26 12:15:13.000000000,BENIGN,0,1.0,23.0,475.0,10915000000.0,50000000.0,20.652173913043477,0.0,6.0,lsnm2024_ddos_udp
2024-02-26 12:15:13.000000000,BENIGN,0,1.0,21.0,285.0,9420000000.0,50000000.0,13.571428571428571,0.0,6.0,lsnm2024_ddos_udp
2024-02-26 12:15:13.000000000,BENIGN,0,1.0,14.0,380.0,4295000000.0,50000000.0,27.142857142857142,0.0,6.0,lsnm2024_ddos_udp
2024-02-26 12:15:13.000000000,BENIGN,0,1.0,20.0,190.0,11935000000.0,50000000.0,9.5,0.0,6.0,lsnm2024_ddos_udp
2024-02-26 12:15:13.000000000,BENIGN,0,1.0,31.0,665.0,3275000000.0,50000000.0,21.451612903225808,0.0,6.0,lsnm2024_ddos_udp
2024-02-26 12:15:14.000000000,BENIGN,0,1.0,29.0,190.0,11935000000.0,50000000.0,6.551724137931035,0.0,6.0,lsnm2024_ddos_udp
2024-02-26 12:15:14.000000000,BENIGN,0,1.0,28.0,475.0,5695000000.0,50000000.0,16.964285714285715,0.0,6.0,lsnm2024_ddos_udp
2024-02-26 12:15:14.000000000,BENIGN,0,1.0,23.0,380.0,8210000000.0,50000000.0,16.52173913043478,0.0,6.0,lsnm2024_ddos_udp
2024-02-26 12:15:14.000000000,BENIGN,0,1.0,26.0,570.0,12315000000.0,50000000.0,21.923076923076923,0.0,6.0,lsnm2024_ddos_udp
2024-02-26 12:15:14.000000000,BENIGN,0,1.0,31.0,380.0,4295000000.0,50000000.0,12.258064516129032,0.0,6.0,lsnm2024_ddos_udp
2024-02-26 12:15:14.000000000,BENIGN,0,1.0,25.0,665.0,665000000.0,50000000.0,26.6,0.0,6.0,lsnm2024_ddos_udp
2024-02-26 12:15:14.000000000,BENIGN,0,1.0,25.0,570.0,7095000000.0,50000000.0,22.8,0.0,6.0,lsnm2024_ddos_udp
2024-02-26 12:15:14.000000000,BENIGN,0,1.0,27.0,760.0,3370000000.0,50000000.0,28.14814814814815,0.0,6.0,lsnm2024_ddos_udp
2024-02-26 12:15:14.000000000,BENIGN,0,1.0,43.0,1045.0,2350000000.0,50000000.0,24.302325581395348,0.0,6.0,lsnm2024_ddos_udp
2024-02-26 12:15:14.000000000,BENIGN,0,1.0,28.0,285.0,8115000000.0,50000000.0,10.178571428571429,0.0,6.0,lsnm2024_ddos_udp
2024-02-26 12:15:14.000000000,BENIGN,0,1.0,24.0,475.0,14830000000.0,50000000.0,19.791666666666668,0.0,6.0,lsnm2024_ddos_udp
2024-02-26 12:15:14.000000000,BENIGN,0,1.0,24.0,665.0,9800000000.0,50000000.0,27.708333333333332,0.0,6.0,lsnm2024_ddos_udp
2024-02-26 12:15:14.000000000,BENIGN,0,1.0,25.0,855.0,4770000000.0,50000000.0,34.2,0.0,6.0,lsnm2024_ddos_udp
2024-02-26 12:15:14.000000000,BENIGN,0,1.0,24.0,950.0,2255000000.0,50000000.0,39.583333333333336,0.0,6.0,lsnm2024_ddos_udp
2024-02-26 12:15:14.000000000,BENIGN,0,1.0,25.0,855.0,8685000000.0,50000000.0,34.2,0.0,6.0,lsnm2024_ddos_udp
2024-02-26 12:15:14.000000000,BENIGN,0,1.0,30.0,190.0,5410000000.0,50000000.0,6.333333333333333,0.0,6.0,lsnm2024_ddos_udp
2024-02-26 12:15:14.000000000,BENIGN,0,1.0,29.0,190.0,10630000000.0,50000000.0,6.551724137931035,0.0,6.0,lsnm2024_ddos_udp
2024-02-26 12:15:14.000000000,BENIGN,0,1.0,29.0,570.0,7095000000.0,50000000.0,19.655172413793103,0.0,6.0,lsnm2024_ddos_udp
2024-02-26 12:15:14.000000000,BENIGN,0,1.0,24.0,380.0,380000000.0,50000000.0,15.833333333333334,0.0,6.0,lsnm2024_ddos_udp
2024-02-26 12:15:14.000000000,BENIGN,0,1.0,16.0,380.0,4295000000.0,50000000.0,23.75,0.0,6.0,lsnm2024_ddos_udp
2024-02-26 12:15:14.000000000,BENIGN,0,1.0,26.0,475.0,10915000000.0,50000000.0,18.26923076923077,0.0,6.0,lsnm2024_ddos_udp
2024-02-26 12:15:14.000000000,BENIGN,0,1.0,20.0,855.0,855000000.0,50000000.0,42.75,0.0,6.0,lsnm2024_ddos_udp
2024-02-26 12:15:14.000000000,BENIGN,0,1.0,27.0,950.0,950000000.0,50000000.0,35.18518518518518,0.0,6.0,lsnm2024_ddos_udp
2024-02-26 12:15:14.000000000,BENIGN,0,1.0,22.0,665.0,8495000000.0,50000000.0,30.227272727272727,0.0,6.0,lsnm2024_ddos_udp
2024-02-26 12:15:14.000000000,BENIGN,0,1.0,25.0,665.0,8495000000.0,50000000.0,26.6,0.0,6.0,lsnm2024_ddos_udp
2024-02-26 12:15:14.000000000,BENIGN,0,1.0,24.0,380.0,2990000000.0,50000000.0,15.833333333333334,0.0,6.0,lsnm2024_ddos_udp
2024-02-26 12:15:14.000000000,BENIGN,0,1.0,24.0,665.0,3275000000.0,50000000.0,27.708333333333332,0.0,6.0,lsnm2024_ddos_udp
2024-02-26 12:15:14.000000000,BENIGN,0,1.0,28.0,475.0,8305000000.0,50000000.0,16.964285714285715,0.0,6.0,lsnm2024_ddos_udp
2024-02-26 12:15:14.000000000,BENIGN,0,1.0,25.0,475.0,3085000000.0,50000000.0,19.0,0.0,6.0,lsnm2024_ddos_udp
2024-02-26 12:15:15.000000000,BENIGN,0,1.0,27.0,475.0,7000000000.0,50000000.0,17.59259259259259,0.0,6.0,lsnm2024_ddos_udp
2024-02-26 12:15:15.000000000,BENIGN,0,1.0,27.0,380.0,5600000000.0,50000000.0,14.074074074074074,0.0,6.0,lsnm2024_ddos_udp
2024-02-26 12:15:15.000000000,BENIGN,0,1.0,31.0,665.0,4580000000.0,50000000.0,21.451612903225808,0.0,6.0,lsnm2024_ddos_udp
2024-02-26 12:15:15.000000000,BENIGN,0,1.0,29.0,0.0,10440000000.0,50000000.0,0.0,0.0,6.0,lsnm2024_ddos_udp
2024-02-26 12:15:15.000000000,BENIGN,0,1.0,19.0,0.0,13050000000.0,50000000.0,0.0,0.0,6.0,lsnm2024_ddos_udp
2024-02-26 12:15:15.000000000,BENIGN,0,1.0,24.0,570.0,8400000000.0,50000000.0,23.75,0.0,6.0,lsnm2024_ddos_udp
2024-02-26 12:15:15.000000000,BENIGN,0,1.0,29.0,570.0,3180000000.0,50000000.0,19.655172413793103,0.0,6.0,lsnm2024_ddos_udp
2024-02-26 12:15:15.000000000,BENIGN,0,1.0,26.0,950.0,6170000000.0,50000000.0,36.53846153846154,0.0,6.0,lsnm2024_ddos_udp
2024-02-26 12:15:15.000000000,BENIGN,0,1.0,21.0,95.0,14450000000.0,50000000.0,4.523809523809524,0.0,6.0,lsnm2024_ddos_udp
2024-02-26 12:15:15.000000000,BENIGN,0,1.0,26.0,285.0,10725000000.0,50000000.0,10.961538461538462,0.0,6.0,lsnm2024_ddos_udp
2024-02-26 12:15:15.000000000,BENIGN,0,1.0,25.0,950.0,11390000000.0,50000000.0,38.0,0.0,6.0,lsnm2024_ddos_udp
2024-02-26 12:15:15.000000000,BENIGN,0,1.0,26.0,570.0,12315000000.0,50000000.0,21.923076923076923,0.0,6.0,lsnm2024_ddos_udp
2024-02-26 12:15:15.000000000,BENIGN,0,1.0,25.0,570.0,1875000000.0,50000000.0,22.8,0.0,6.0,lsnm2024_ddos_udp
2024-02-26 12:15:15.000000000,BENIGN,0,1.0,28.0,665.0,8495000000.0,50000000.0,23.75,0.0,6.0,lsnm2024_ddos_udp
2024-02-26 12:15:15.000000000,BENIGN,0,1.0,25.0,760.0,4675000000.0,50000000.0,30.4,0.0,6.0,lsnm2024_ddos_udp
2024-02-26 12:15:15.000000000,BENIGN,0,1.0,20.0,380.0,8210000000.0,50000000.0,19.0,0.0,6.0,lsnm2024_ddos_udp
2024-02-26 12:15:15.000000000,BENIGN,0,1.0,32.0,380.0,5600000000.0,50000000.0,11.875,0.0,6.0,lsnm2024_ddos_udp
2024-02-26 12:15:15.000000000,BENIGN,0,1.0,24.0,665.0,3275000000.0,50000000.0,27.708333333333332,0.0,6.0,lsnm2024_ddos_udp
2024-02-26 12:15:15.000000000,BENIGN,0,1.0,32.0,380.0,4295000000.0,50000000.0,11.875,0.0,6.0,lsnm2024_ddos_udp
2024-02-26 12:15:15.000000000,BENIGN,0,1.0,26.0,950.0,950000000.0,50000000.0,36.53846153846154,0.0,6.0,lsnm2024_ddos_udp
2024-02-26 12:15:15.000000000,BENIGN,0,1.0,21.0,380.0,10820000000.0,50000000.0,18.095238095238095,0.0,6.0,lsnm2024_ddos_udp
2024-02-26 12:15:15.000000000,BENIGN,0,1.0,26.0,285.0,9420000000.0,50000000.0,10.961538461538462,0.0,6.0,lsnm2024_ddos_udp
2024-02-26 12:15:15.000000000,BENIGN,0,1.0,23.0,285.0,6810000000.0,50000000.0,12.391304347826088,0.0,6.0,lsnm2024_ddos_udp
2024-02-26 12:15:15.000000000,BENIGN,0,1.0,22.0,570.0,3180000000.0,50000000.0,25.90909090909091,0.0,6.0,lsnm2024_ddos_udp
2024-02-26 12:15:15.000000000,BENIGN,0,1.0,18.0,380.0,13430000000.0,50000000.0,21.11111111111111,0.0,6.0,lsnm2024_ddos_udp
2024-02-26 12:15:15.000000000,BENIGN,0,1.0,24.0,380.0,8210000000.0,50000000.0,15.833333333333334,0.0,6.0,lsnm2024_ddos_udp
2024-02-26 12:15:16.000000000,BENIGN,0,1.0,24.0,665.0,665000000.0,50000000.0,27.708333333333332,0.0,6.0,lsnm2024_ddos_udp
2024-02-26 12:15:16.000000000,BENIGN,0,1.0,25.0,190.0,2800000000.0,50000000.0,7.6,0.0,6.0,lsnm2024_ddos_udp
2024-02-26 12:15:16.000000000,BENIGN,0,1.0,18.0,760.0,7285000000.0,50000000.0,42.22222222222222,0.0,6.0,lsnm2024_ddos_udp
2024-02-26 12:15:16.000000000,BENIGN,0,1.0,27.0,475.0,8305000000.0,50000000.0,17.59259259259259,0.0,6.0,lsnm2024_ddos_udp
2024-02-26 12:15:16.000000000,BENIGN,0,1.0,17.0,760.0,760000000.0,50000000.0,44.705882352941174,0.0,6.0,lsnm2024_ddos_udp
2024-02-26 12:15:16.000000000,BENIGN,0,1.0,29.0,1045.0,2350000000.0,50000000.0,36.03448275862069,0.0,6.0,lsnm2024_ddos_udp
2024-02-26 12:15:16.000000000,BENIGN,0,1.0,23.0,665.0,665000000.0,50000000.0,28.91304347826087,0.0,6.0,lsnm2024_ddos_udp
2024-02-26 12:15:16.000000000,BENIGN,0,1.0,23.0,1045.0,1045000000.0,50000000.0,45.43478260869565,0.0,6.0,lsnm2024_ddos_udp
2024-02-26 12:15:16.000000000,BENIGN,0,1.0,23.0,570.0,7095000000.0,50000000.0,24.782608695652176,0.0,6.0,lsnm2024_ddos_udp
2024-02-26 12:15:16.000000000,BENIGN,0,1.0,25.0,0.0,9135000000.0,50000000.0,0.0,0.0,6.0,lsnm2024_ddos_udp
2024-02-26 12:15:16.000000000,BENIGN,0,1.0,24.0,475.0,3085000000.0,50000000.0,19.791666666666668,0.0,6.0,lsnm2024_ddos_udp
2024-02-26 12:15:16.000000000,BENIGN,0,1.0,29.0,380.0,4295000000.0,50000000.0,13.10344827586207,0.0,6.0,lsnm2024_ddos_udp
2024-02-26 12:15:16.000000000,BENIGN,0,1.0,19.0,665.0,9800000000.0,50000000.0,35.0,0.0,6.0,lsnm2024_ddos_udp
2024-02-26 12:15:16.000000000,BENIGN,0,1.0,27.0,380.0,6905000000.0,50000000.0,14.074074074074074,0.0,6.0,lsnm2024_ddos_udp
2024-02-26 12:15:16.000000000,BENIGN,0,1.0,22.0,1045.0,1045000000.0,50000000.0,47.5,0.0,6.0,lsnm2024_ddos_udp
2024-02-26 12:15:16.000000000,BENIGN,0,1.0,24.0,475.0,10915000000.0,50000000.0,19.791666666666668,0.0,6.0,lsnm2024_ddos_udp
2024-02-26 12:15:16.000000000,BENIGN,0,1.0,23.0,95.0,14450000000.0,50000000.0,4.130434782608695,0.0,6.0,lsnm2024_ddos_udp
2024-02-26 12:15:16.000000000,BENIGN,0,1.0,18.0,475.0,8305000000.0,50000000.0,26.38888888888889,0.0,6.0,lsnm2024_ddos_udp
2024-02-26 12:15:16.000000000,BENIGN,0,1.0,22.0,855.0,7380000000.0,50000000.0,38.86363636363637,0.0,6.0,lsnm2024_ddos_udp
2024-02-26 12:15:16.000000000,BENIGN,0,1.0,20.0,475.0,5695000000.0,50000000.0,23.75,0.0,6.0,lsnm2024_ddos_udp
2024-02-26 12:15:16.000000000,BENIGN,0,1.0,27.0,0.0,18270000000.0,50000000.0,0.0,0.0,6.0,lsnm2024_ddos_udp
2024-02-26 12:15:16.000000000,BENIGN,0,1.0,20.0,665.0,5885000000.0,50000000.0,33.25,0.0,6.0,lsnm2024_ddos_udp
2024-02-26 12:15:16.000000000,BENIGN,0,1.0,26.0,95.0,5315000000.0,50000000.0,3.6538461538461537,0.0,6.0,lsnm2024_ddos_udp
2024-02-26 12:15:16.000000000,BENIGN,0,1.0,25.0,380.0,5600000000.0,50000000.0,15.2,0.0,6.0,lsnm2024_ddos_udp
2024-02-26 12:15:17.000000000,BENIGN,0,1.0,31.0,570.0,5790000000.0,50000000.0,18.387096774193548,0.0,6.0,lsnm2024_ddos_udp
2024-02-26 12:15:17.000000000,BENIGN,0,1.0,26.0,0.0,7830000000.0,50000000.0,0.0,0.0,6.0,lsnm2024_ddos_udp
2024-02-26 12:15:17.000000000,BENIGN,0,1.0,28.0,760.0,3370000000.0,50000000.0,27.142857142857142,0.0,6.0,lsnm2024_ddos_udp
2024-02-26 12:15:17.000000000,BENIGN,0,1.0,19.0,190.0,4105000000.0,50000000.0,10.0,0.0,6.0,lsnm2024_ddos_udp
2024-02-26 12:15:17.000000000,BENIGN,0,1.0,25.0,570.0,5790000000.0,50000000.0,22.8,0.0,6.0,lsnm2024_ddos_udp
2024-02-26 12:15:17.000000000,BENIGN,0,1.0,23.0,760.0,9895000000.0,50000000.0,33.04347826086956,0.0,6.0,lsnm2024_ddos_udp
2024-02-26 12:15:17.000000000,BENIGN,0,1.0,34.0,285.0,5505000000.0,50000000.0,8.382352941176471,0.0,6.0,lsnm2024_ddos_udp
2024-02-26 12:15:17.000000000,BENIGN,0,1.0,29.0,570.0,4485000000.0,50000000.0,19.655172413793103,0.0,6.0,lsnm2024_ddos_udp
2024-02-26 12:15:17.000000000,BENIGN,0,1.0,38.0,190.0,10630000000.0,50000000.0,5.0,0.0,6.0,lsnm2024_ddos_udp
2024-02-26 12:15:17.000000000,BENIGN,0,1.0,23.0,665.0,11105000000.0,50000000.0,28.91304347826087,0.0,6.0,lsnm2024_ddos_udp
2024-02-26 12:15:17.000000000,BENIGN,0,1.0,23.0,1045.0,2350000000.0,50000000.0,45.43478260869565,0.0,6.0,lsnm2024_ddos_udp
2024-02-26 12:15:17.000000000,BENIGN,0,1.0,24.0,1140.0,1140000000.0,50000000.0,47.5,0.0,6.0,lsnm2024_ddos_udp
2024-02-26 12:15:17.000000000,BENIGN,0,1.0,24.0,475.0,13525000000.0,50000000.0,19.791666666666668,0.0,6.0,lsnm2024_ddos_udp
2024-02-26 12:15:17.000000000,BENIGN,0,1.0,27.0,285.0,2895000000.0,50000000.0,10.555555555555555,0.0,6.0,lsnm2024_ddos_udp
2024-02-26 12:15:17.000000000,BENIGN,0,1.0,24.0,380.0,13430000000.0,50000000.0,15.833333333333334,0.0,6.0,lsnm2024_ddos_udp
2024-02-26 12:15:17.000000000,BENIGN,0,1.0,26.0,0.0,19575000000.0,50000000.0,0.0,0.0,6.0,lsnm2024_ddos_udp
2024-02-26 12:15:17.000000000,BENIGN,0,1.0,26.0,855.0,855000000.0,50000000.0,32.88461538461539,0.0,6.0,lsnm2024_ddos_udp
2024-02-26 12:15:17.000000000,BENIGN,0,1.0,26.0,570.0,12315000000.0,50000000.0,21.923076923076923,0.0,6.0,lsnm2024_ddos_udp
2024-02-26 12:15:17.000000000,BENIGN,0,1.0,25.0,380.0,8210000000.0,50000000.0,15.2,0.0,6.0,lsnm2024_ddos_udp
2024-02-26 12:15:17.000000000,BENIGN,0,1.0,25.0,380.0,8210000000.0,50000000.0,15.2,0.0,6.0,lsnm2024_ddos_udp
2024-02-26 12:15:18.000000000,BENIGN,0,1.0,30.0,570.0,570000000.0,50000000.0,19.0,0.0,6.0,lsnm2024_ddos_udp
2024-02-26 12:15:18.000000000,BENIGN,0,1.0,32.0,285.0,1590000000.0,50000000.0,8.90625,0.0,6.0,lsnm2024_ddos_udp
2024-02-26 12:15:18.000000000,BENIGN,0,1.0,21.0,190.0,15850000000.0,50000000.0,9.047619047619047,0.0,6.0,lsnm2024_ddos_udp
2024-02-26 12:15:18.000000000,BENIGN,0,1.0,26.0,475.0,9610000000.0,50000000.0,18.26923076923077,0.0,6.0,lsnm2024_ddos_udp
2024-02-26 12:15:18.000000000,BENIGN,0,1.0,25.0,95.0,7925000000.0,50000000.0,3.8,0.0,6.0,lsnm2024_ddos_udp
2024-02-26 12:15:18.000000000,BENIGN,0,1.0,21.0,570.0,570000000.0,50000000.0,27.142857142857142,0.0,6.0,lsnm2024_ddos_udp
2024-02-26 12:15:18.000000000,BENIGN,0,1.0,21.0,570.0,12315000000.0,50000000.0,27.142857142857142,0.0,6.0,lsnm2024_ddos_udp
2024-02-26 12:15:18.000000000,BENIGN,0,1.0,24.0,1140.0,1140000000.0,50000000.0,47.5,0.0,6.0,lsnm2024_ddos_udp
2024-02-26 12:15:18.000000000,BENIGN,0,1.0,23.0,665.0,665000000.0,50000000.0,28.91304347826087,0.0,6.0,lsnm2024_ddos_udp
2024-02-26 12:15:18.000000000,BENIGN,0,1.0,34.0,570.0,4485000000.0,50000000.0,16.764705882352942,0.0,6.0,lsnm2024_ddos_udp
2024-02-26 12:15:18.000000000,BENIGN,0,1.0,24.0,285.0,4200000000.0,50000000.0,11.875,0.0,6.0,lsnm2024_ddos_udp
2024-02-26 12:15:18.000000000,BENIGN,0,1.0,29.0,760.0,8590000000.0,50000000.0,26.20689655172414,0.0,6.0,lsnm2024_ddos_udp
2024-02-26 12:15:18.000000000,BENIGN,0,1.0,23.0,95.0,19670000000.0,50000000.0,4.130434782608695,0.0,6.0,lsnm2024_ddos_udp
2024-02-26 12:15:18.000000000,BENIGN,0,1.0,20.0,475.0,7000000000.0,50000000.0,23.75,0.0,6.0,lsnm2024_ddos_udp
2024-02-26 12:15:18.000000000,BENIGN,0,1.0,22.0,380.0,6905000000.0,50000000.0,17.272727272727273,0.0,6.0,lsnm2024_ddos_udp
2024-02-26 12:15:18.000000000,BENIGN,0,1.0,22.0,380.0,6905000000.0,50000000.0,17.272727272727273,0.0,6.0,lsnm2024_ddos_udp
2024-02-26 12:15:18.000000000,BENIGN,0,1.0,25.0,95.0,13145000000.0,50000000.0,3.8,0.0,6.0,lsnm2024_ddos_udp
2024-02-26 12:15:18.000000000,BENIGN,0,1.0,27.0,570.0,3180000000.0,50000000.0,21.11111111111111,0.0,6.0,lsnm2024_ddos_udp
2024-02-26 12:15:18.000000000,BENIGN,0,1.0,17.0,0.0,1305000000.0,50000000.0,0.0,0.0,6.0,lsnm2024_ddos_udp
2024-02-26 12:15:18.000000000,BENIGN,0,1.0,24.0,665.0,8495000000.0,50000000.0,27.708333333333332,0.0,6.0,lsnm2024_ddos_udp
2024-02-26 12:15:18.000000000,BENIGN,0,1.0,23.0,95.0,10535000000.0,50000000.0,4.130434782608695,0.0,6.0,lsnm2024_ddos_udp
2024-02-26 12:15:18.000000000,BENIGN,0,1.0,27.0,285.0,6810000000.0,50000000.0,10.555555555555555,0.0,6.0,lsnm2024_ddos_udp
2024-02-26 12:15:18.000000000,BENIGN,0,1.0,26.0,0.0,11745000000.0,50000000.0,0.0,0.0,6.0,lsnm2024_ddos_udp
2024-02-26 12:15:18.000000000,BENIGN,0,1.0,26.0,475.0,8305000000.0,50000000.0,18.26923076923077,0.0,6.0,lsnm2024_ddos_udp
2024-02-26 12:15:18.000000000,BENIGN,0,1.0,23.0,285.0,8115000000.0,50000000.0,12.391304347826088,0.0,6.0,lsnm2024_ddos_udp
2024-02-26 12:15:18.000000000,BENIGN,0,1.0,25.0,665.0,1970000000.0,50000000.0,26.6,0.0,6.0,lsnm2024_ddos_udp
2024-02-26 12:15:18.000000000,BENIGN,0,1.0,30.0,665.0,665000000.0,50000000.0,22.166666666666668,0.0,6.0,lsnm2024_ddos_udp
2024-02-26 12:15:18.000000000,BENIGN,0,1.0,25.0,190.0,13240000000.0,50000000.0,7.6,0.0,6.0,lsnm2024_ddos_udp
2024-02-26 12:15:19.000000000,BENIGN,0,1.0,30.0,950.0,950000000.0,50000000.0,31.666666666666668,0.0,6.0,lsnm2024_ddos_udp
2024-02-26 12:15:19.000000000,BENIGN,0,1.0,26.0,95.0,19670000000.0,50000000.0,3.6538461538461537,0.0,6.0,lsnm2024_ddos_udp
2024-02-26 12:15:19.000000000,BENIGN,0,1.0,22.0,285.0,10725000000.0,50000000.0,12.954545454545455,0.0,6.0,lsnm2024_ddos_udp
2024-02-26 12:15:19.000000000,BENIGN,0,1.0,26.0,285.0,5505000000.0,50000000.0,10.961538461538462,0.0,6.0,lsnm2024_ddos_udp
2024-02-26 12:15:19.000000000,BENIGN,0,1.0,28.0,570.0,5790000000.0,50000000.0,20.357142857142858,0.0,6.0,lsnm2024_ddos_udp
2024-02-26 12:15:19.000000000,BENIGN,0,1.0,25.0,285.0,8115000000.0,50000000.0,11.4,0.0,6.0,lsnm2024_ddos_udp
2024-02-26 12:15:19.000000000,BENIGN,0,1.0,31.0,0.0,3915000000.0,50000000.0,0.0,0.0,6.0,lsnm2024_ddos_udp
2024-02-26 12:15:19.000000000,BENIGN,0,1.0,28.0,475.0,5695000000.0,50000000.0,16.964285714285715,0.0,6.0,lsnm2024_ddos_udp
2024-02-26 12:15:19.000000000,BENIGN,0,1.0,28.0,570.0,3180000000.0,50000000.0,20.357142857142858,0.0,6.0,lsnm2024_ddos_udp
2024-02-26 12:15:19.000000000,BENIGN,0,1.0,24.0,475.0,8305000000.0,50000000.0,19.791666666666668,0.0,6.0,lsnm2024_ddos_udp
2024-02-26 12:15:19.000000000,BENIGN,0,1.0,21.0,570.0,11010000000.0,50000000.0,27.142857142857142,0.0,6.0,lsnm2024_ddos_udp
2024-02-26 12:15:19.000000000,BENIGN,0,1.0,24.0,475.0,8305000000.0,50000000.0,19.791666666666668,0.0,6.0,lsnm2024_ddos_udp
2024-02-26 12:15:19.000000000,BENIGN,0,1.0,35.0,760.0,4675000000.0,50000000.0,21.714285714285715,0.0,6.0,lsnm2024_ddos_udp
2024-02-26 12:15:19.000000000,BENIGN,0,1.0,26.0,285.0,4200000000.0,50000000.0,10.961538461538462,0.0,6.0,lsnm2024_ddos_udp
2024-02-26 12:15:19.000000000,BENIGN,0,1.0,20.0,285.0,12030000000.0,50000000.0,14.25,0.0,6.0,lsnm2024_ddos_udp
2024-02-26 12:15:19.000000000,BENIGN,0,1.0,26.0,380.0,2990000000.0,50000000.0,14.615384615384615,0.0,6.0,lsnm2024_ddos_udp
2024-02-26 12:15:19.000000000,BENIGN,0,1.0,28.0,380.0,5600000000.0,50000000.0,13.571428571428571,0.0,6.0,lsnm2024_ddos_udp
2024-02-26 12:15:19.000000000,BENIGN,0,1.0,25.0,380.0,10820000000.0,50000000.0,15.2,0.0,6.0,lsnm2024_ddos_udp
2024-02-26 12:15:19.000000000,BENIGN,0,1.0,22.0,285.0,9420000000.0,50000000.0,12.954545454545455,0.0,6.0,lsnm2024_ddos_udp
2024-02-26 12:15:19.000000000,BENIGN,0,1.0,19.0,855.0,12600000000.0,50000000.0,45.0,0.0,6.0,lsnm2024_ddos_udp
2024-02-26 12:15:19.000000000,BENIGN,0,1.0,22.0,855.0,9990000000.0,50000000.0,38.86363636363637,0.0,6.0,lsnm2024_ddos_udp
2024-02-26 12:15:19.000000000,BENIGN,0,1.0,26.0,380.0,5600000000.0,50000000.0,14.615384615384615,0.0,6.0,lsnm2024_ddos_udp
2024-02-26 12:15:19.000000000,BENIGN,0,1.0,30.0,570.0,14925000000.0,50000000.0,19.0,0.0,6.0,lsnm2024_ddos_udp
2024-02-26 12:15:19.000000000,BENIGN,0,1.0,27.0,380.0,8210000000.0,50000000.0,14.074074074074074,0.0,6.0,lsnm2024_ddos_udp
2024-02-26 12:15:19.000000000,BENIGN,0,1.0,19.0,285.0,5505000000.0,50000000.0,15.0,0.0,6.0,lsnm2024_ddos_udp
2024-02-26 12:15:19.000000000,BENIGN,0,1.0,23.0,285.0,15945000000.0,50000000.0,12.391304347826088,0.0,6.0,lsnm2024_ddos_udp
2024-02-26 12:15:19.000000000,BENIGN,0,1.0,31.0,475.0,3085000000.0,50000000.0,15.32258064516129,0.0,6.0,lsnm2024_ddos_udp
2024-02-26 12:15:19.000000000,BENIGN,0,1.0,24.0,95.0,2705000000.0,50000000.0,3.9583333333333335,0.0,6.0,lsnm2024_ddos_udp
2024-02-26 12:15:20.000000000,BENIGN,0,1.0,16.0,285.0,1590000000.0,50000000.0,17.8125,0.0,6.0,lsnm2024_ddos_udp
2024-02-26 12:15:20.000000000,BENIGN,0,1.0,26.0,570.0,5790000000.0,50000000.0,21.923076923076923,0.0,6.0,lsnm2024_ddos_udp
2024-02-26 12:15:20.000000000,BENIGN,0,1.0,28.0,475.0,3085000000.0,50000000.0,16.964285714285715,0.0,6.0,lsnm2024_ddos_udp
2024-02-26 12:15:20.000000000,BENIGN,0,1.0,29.0,570.0,3180000000.0,50000000.0,19.655172413793103,0.0,6.0,lsnm2024_ddos_udp
2024-02-26 12:15:20.000000000,BENIGN,0,1.0,28.0,570.0,12315000000.0,50000000.0,20.357142857142858,0.0,6.0,lsnm2024_ddos_udp
2024-02-26 12:15:20.000000000,BENIGN,0,1.0,24.0,380.0,5600000000.0,50000000.0,15.833333333333334,0.0,6.0,lsnm2024_ddos_udp
2024-02-26 12:15:20.000000000,BENIGN,0,1.0,27.0,760.0,5980000000.0,50000000.0,28.14814814814815,0.0,6.0,lsnm2024_ddos_udp
2024-02-26 12:15:20.000000000,BENIGN,0,1.0,24.0,475.0,8305000000.0,50000000.0,19.791666666666668,0.0,6.0,lsnm2024_ddos_udp
2024-02-26 12:15:20.000000000,BENIGN,0,1.0,22.0,95.0,11840000000.0,50000000.0,4.318181818181818,0.0,6.0,lsnm2024_ddos_udp
2024-02-26 12:15:20.000000000,BENIGN,0,1.0,22.0,475.0,8305000000.0,50000000.0,21.59090909090909,0.0,6.0,lsnm2024_ddos_udp
2024-02-26 12:15:20.000000000,BENIGN,0,1.0,30.0,95.0,5315000000.0,50000000.0,3.1666666666666665,0.0,6.0,lsnm2024_ddos_udp
2024-02-26 12:15:20.000000000,BENIGN,0,1.0,21.0,285.0,9420000000.0,50000000.0,13.571428571428571,0.0,6.0,lsnm2024_ddos_udp
2024-02-26 12:15:20.000000000,BENIGN,0,1.0,19.0,285.0,8115000000.0,50000000.0,15.0,0.0,6.0,lsnm2024_ddos_udp
2024-02-26 12:15:20.000000000,BENIGN,0,1.0,24.0,285.0,5505000000.0,50000000.0,11.875,0.0,6.0,lsnm2024_ddos_udp
2024-02-26 12:15:20.000000000,BENIGN,0,1.0,25.0,570.0,4485000000.0,50000000.0,22.8,0.0,6.0,lsnm2024_ddos_udp
2024-02-26 12:15:20.000000000,BENIGN,0,1.0,25.0,855.0,6075000000.0,50000000.0,34.2,0.0,6.0,lsnm2024_ddos_udp
2024-02-26 12:15:20.000000000,BENIGN,0,1.0,27.0,475.0,7000000000.0,50000000.0,17.59259259259259,0.0,6.0,lsnm2024_ddos_udp
2024-02-26 12:15:20.000000000,BENIGN,0,1.0,24.0,475.0,5695000000.0,50000000.0,19.791666666666668,0.0,6.0,lsnm2024_ddos_udp
2024-02-26 12:15:20.000000000,BENIGN,0,1.0,9.0,95.0,5315000000.0,50000000.0,10.555555555555555,0.0,6.0,lsnm2024_ddos_udp
2024-02-26 12:15:20.000000000,BENIGN,0,1.0,25.0,665.0,9800000000.0,50000000.0,26.6,0.0,6.0,lsnm2024_ddos_udp
2024-02-26 12:15:21.000000000,BENIGN,0,1.0,21.0,665.0,7190000000.0,50000000.0,31.666666666666668,0.0,6.0,lsnm2024_ddos_udp
2024-02-26 12:15:21.000000000,BENIGN,0,1.0,21.0,950.0,950000000.0,50000000.0,45.23809523809524,0.0,6.0,lsnm2024_ddos_udp
2024-02-26 12:15:21.000000000,BENIGN,0,1.0,28.0,0.0,1305000000.0,50000000.0,0.0,0.0,6.0,lsnm2024_ddos_udp
2024-02-26 12:15:21.000000000,BENIGN,0,1.0,24.0,665.0,665000000.0,50000000.0,27.708333333333332,0.0,6.0,lsnm2024_ddos_udp
2024-02-26 12:15:21.000000000,BENIGN,0,1.0,30.0,665.0,665000000.0,50000000.0,22.166666666666668,0.0,6.0,lsnm2024_ddos_udp
2024-02-26 12:15:21.000000000,BENIGN,0,1.0,30.0,285.0,9420000000.0,50000000.0,9.5,0.0,6.0,lsnm2024_ddos_udp
2024-02-26 12:15:21.000000000,BENIGN,0,1.0,27.0,475.0,3085000000.0,50000000.0,17.59259259259259,0.0,6.0,lsnm2024_ddos_udp
2024-02-26 12:15:21.000000000,BENIGN,0,1.0,19.0,570.0,570000000.0,50000000.0,30.0,0.0,6.0,lsnm2024_ddos_udp
2024-02-26 12:15:21.000000000,BENIGN,0,1.0,25.0,380.0,8210000000.0,50000000.0,15.2,0.0,6.0,lsnm2024_ddos_udp
2024-02-26 12:15:21.000000000,BENIGN,0,1.0,24.0,475.0,8305000000.0,50000000.0,19.791666666666668,0.0,6.0,lsnm2024_ddos_udp
2024-02-26 12:15:21.000000000,BENIGN,0,1.0,31.0,95.0,14450000000.0,50000000.0,3.064516129032258,0.0,6.0,lsnm2024_ddos_udp
2024-02-26 12:15:21.000000000,BENIGN,0,1.0,28.0,285.0,5505000000.0,50000000.0,10.178571428571429,0.0,6.0,lsnm2024_ddos_udp
2024-02-26 12:15:21.000000000,BENIGN,0,1.0,26.0,285.0,9420000000.0,50000000.0,10.961538461538462,0.0,6.0,lsnm2024_ddos_udp
2024-02-26 12:15:21.000000000,BENIGN,0,1.0,23.0,665.0,12410000000.0,50000000.0,28.91304347826087,0.0,6.0,lsnm2024_ddos_udp
2024-02-26 12:15:21.000000000,BENIGN,0,1.0,28.0,285.0,4200000000.0,50000000.0,10.178571428571429,0.0,6.0,lsnm2024_ddos_udp
2024-02-26 12:15:21.000000000,BENIGN,0,1.0,28.0,570.0,5790000000.0,50000000.0,20.357142857142858,0.0,6.0,lsnm2024_ddos_udp
2024-02-26 12:15:22.000000000,BENIGN,0,1.0,26.0,475.0,5695000000.0,50000000.0,18.26923076923077,0.0,6.0,lsnm2024_ddos_udp
2024-02-26 12:15:22.000000000,BENIGN,0,1.0,27.0,285.0,12030000000.0,50000000.0,10.555555555555555,0.0,6.0,lsnm2024_ddos_udp
2024-02-26 12:15:22.000000000,BENIGN,0,1.0,22.0,475.0,1780000000.0,50000000.0,21.59090909090909,0.0,6.0,lsnm2024_ddos_udp
2024-02-26 12:15:22.000000000,BENIGN,0,1.0,21.0,95.0,13145000000.0,50000000.0,4.523809523809524,0.0,6.0,lsnm2024_ddos_udp
2024-02-26 12:15:22.000000000,BENIGN,0,1.0,24.0,380.0,8210000000.0,50000000.0,15.833333333333334,0.0,6.0,lsnm2024_ddos_udp
2024-02-26 12:15:22.000000000,BENIGN,0,1.0,26.0,285.0,8115000000.0,50000000.0,10.961538461538462,0.0,6.0,lsnm2024_ddos_udp
2024-02-26 12:15:22.000000000,BENIGN,0,1.0,30.0,665.0,4580000000.0,50000000.0,22.166666666666668,0.0,6.0,lsnm2024_ddos_udp
2024-02-26 12:15:22.000000000,BENIGN,0,1.0,31.0,665.0,3275000000.0,50000000.0,21.451612903225808,0.0,6.0,lsnm2024_ddos_udp
2024-02-26 12:15:22.000000000,BENIGN,0,1.0,22.0,285.0,5505000000.0,50000000.0,12.954545454545455,0.0,6.0,lsnm2024_ddos_udp
2024-02-26 12:15:22.000000000,BENIGN,0,1.0,21.0,570.0,1875000000.0,50000000.0,27.142857142857142,0.0,6.0,lsnm2024_ddos_udp
2024-02-26 12:15:22.000000000,BENIGN,0,1.0,23.0,380.0,9515000000.0,50000000.0,16.52173913043478,0.0,6.0,lsnm2024_ddos_udp
2024-02-26 12:15:22.000000000,BENIGN,0,1.0,12.0,0.0,7830000000.0,50000000.0,0.0,0.0,6.0,lsnm2024_ddos_udp
2024-02-26 12:15:22.000000000,BENIGN,0,1.0,25.0,475.0,7000000000.0,50000000.0,19.0,0.0,6.0,lsnm2024_ddos_udp
2024-02-26 12:15:22.000000000,BENIGN,0,1.0,30.0,570.0,9705000000.0,50000000.0,19.0,0.0,6.0,lsnm2024_ddos_udp
2024-02-26 12:15:22.000000000,BENIGN,0,1.0,29.0,570.0,4485000000.0,50000000.0,19.655172413793103,0.0,6.0,lsnm2024_ddos_udp
2024-02-26 12:15:22.000000000,BENIGN,0,1.0,30.0,475.0,4390000000.0,50000000.0,15.833333333333334,0.0,6.0,lsnm2024_ddos_udp
2024-02-26 12:15:22.000000000,BENIGN,0,1.0,19.0,475.0,8305000000.0,50000000.0,25.0,0.0,6.0,lsnm2024_ddos_udp
2024-02-26 12:15:22.000000000,BENIGN,0,1.0,26.0,380.0,5600000000.0,50000000.0,14.615384615384615,0.0,6.0,lsnm2024_ddos_udp
2024-02-26 12:15:22.000000000,BENIGN,0,1.0,25.0,475.0,4390000000.0,50000000.0,19.0,0.0,6.0,lsnm2024_ddos_udp
2024-02-26 12:15:22.000000000,BENIGN,0,1.0,23.0,380.0,9515000000.0,50000000.0,16.52173913043478,0.0,6.0,lsnm2024_ddos_udp
2024-02-26 12:15:22.000000000,BENIGN,0,1.0,24.0,380.0,4295000000.0,50000000.0,15.833333333333334,0.0,6.0,lsnm2024_ddos_udp
2024-02-26 12:15:22.000000000,BENIGN,0,1.0,23.0,570.0,5790000000.0,50000000.0,24.782608695652176,0.0,6.0,lsnm2024_ddos_udp
2024-02-26 12:15:22.000000000,BENIGN,0,1.0,24.0,475.0,10915000000.0,50000000.0,19.791666666666668,0.0,6.0,lsnm2024_ddos_udp
2024-02-26 12:15:22.000000000,BENIGN,0,1.0,22.0,380.0,13430000000.0,50000000.0,17.272727272727273,0.0,6.0,lsnm2024_ddos_udp
2024-02-26 12:15:23.000000000,BENIGN,0,1.0,27.0,665.0,5885000000.0,50000000.0,24.62962962962963,0.0,6.0,lsnm2024_ddos_udp
2024-02-26 12:15:23.000000000,BENIGN,0,1.0,29.0,380.0,5600000000.0,50000000.0,13.10344827586207,0.0,6.0,lsnm2024_ddos_udp
2024-02-26 12:15:23.000000000,BENIGN,0,1.0,23.0,475.0,8305000000.0,50000000.0,20.652173913043477,0.0,6.0,lsnm2024_ddos_udp
2024-02-26 12:15:23.000000000,BENIGN,0,1.0,22.0,855.0,6075000000.0,50000000.0,38.86363636363637,0.0,6.0,lsnm2024_ddos_udp
2024-02-26 12:15:23.000000000,BENIGN,0,1.0,21.0,570.0,3180000000.0,50000000.0,27.142857142857142,0.0,6.0,lsnm2024_ddos_udp
2024-02-26 12:15:23.000000000,BENIGN,0,1.0,27.0,475.0,4390000000.0,50000000.0,17.59259259259259,0.0,6.0,lsnm2024_ddos_udp
2024-02-26 12:15:23.000000000,BENIGN,0,1.0,26.0,475.0,8305000000.0,50000000.0,18.26923076923077,0.0,6.0,lsnm2024_ddos_udp
2024-02-26 12:15:23.000000000,BENIGN,0,1.0,23.0,380.0,9515000000.0,50000000.0,16.52173913043478,0.0,6.0,lsnm2024_ddos_udp
2024-02-26 12:15:23.000000000,BENIGN,0,1.0,20.0,190.0,2800000000.0,50000000.0,9.5,0.0,6.0,lsnm2024_ddos_udp
2024-02-26 12:15:23.000000000,BENIGN,0,1.0,25.0,190.0,9325000000.0,50000000.0,7.6,0.0,6.0,lsnm2024_ddos_udp
2024-02-26 12:15:23.000000000,BENIGN,0,1.0,6.0,380.0,380000000.0,50000000.0,63.333333333333336,0.0,6.0,lsnm2024_ddos_udp
2024-02-26 12:15:23.000000000,BENIGN,0,1.0,23.0,380.0,8210000000.0,50000000.0,16.52173913043478,0.0,6.0,lsnm2024_ddos_udp
2024-02-26 12:15:23.000000000,BENIGN,0,1.0,33.0,570.0,4485000000.0,50000000.0,17.272727272727273,0.0,6.0,lsnm2024_ddos_udp
2024-02-26 12:15:23.000000000,BENIGN,0,1.0,31.0,95.0,2705000000.0,50000000.0,3.064516129032258,0.0,6.0,lsnm2024_ddos_udp
2024-02-26 12:15:23.000000000,BENIGN,0,1.0,23.0,665.0,1970000000.0,50000000.0,28.91304347826087,0.0,6.0,lsnm2024_ddos_udp
2024-02-26 12:15:23.000000000,BENIGN,0,1.0,29.0,380.0,5600000000.0,50000000.0,13.10344827586207,0.0,6.0,lsnm2024_ddos_udp
2024-02-26 12:15:24.000000000,BENIGN,0,1.0,29.0,0.0,15660000000.0,50000000.0,0.0,0.0,6.0,lsnm2024_ddos_udp
2024-02-26 12:15:24.000000000,BENIGN,0,1.0,28.0,665.0,665000000.0,50000000.0,23.75,0.0,6.0,lsnm2024_ddos_udp
2024-02-26 12:15:24.000000000,BENIGN,0,1.0,21.0,855.0,855000000.0,50000000.0,40.714285714285715,0.0,6.0,lsnm2024_ddos_udp
2024-02-26 12:15:24.000000000,BENIGN,0,1.0,31.0,475.0,3085000000.0,50000000.0,15.32258064516129,0.0,6.0,lsnm2024_ddos_udp
2024-02-26 12:15:24.000000000,BENIGN,0,1.0,20.0,190.0,9325000000.0,50000000.0,9.5,0.0,6.0,lsnm2024_ddos_udp
2024-02-26 12:15:24.000000000,BENIGN,0,1.0,31.0,285.0,1590000000.0,50000000.0,9.193548387096774,0.0,6.0,lsnm2024_ddos_udp
2024-02-26 12:15:24.000000000,BENIGN,0,1.0,30.0,0.0,16965000000.0,50000000.0,0.0,0.0,6.0,lsnm2024_ddos_udp
2024-02-26 12:15:24.000000000,BENIGN,0,1.0,26.0,285.0,6810000000.0,50000000.0,10.961538461538462,0.0,6.0,lsnm2024_ddos_udp
2024-02-26 12:15:24.000000000,BENIGN,0,1.0,22.0,1045.0,1045000000.0,50000000.0,47.5,0.0,6.0,lsnm2024_ddos_udp
2024-02-26 12:15:24.000000000,BENIGN,0,1.0,28.0,190.0,190000000.0,50000000.0,6.785714285714286,0.0,6.0,lsnm2024_ddos_udp
2024-02-26 12:15:24.000000000,BENIGN,0,1.0,30.0,760.0,8590000000.0,50000000.0,25.333333333333332,0.0,6.0,lsnm2024_ddos_udp
2024-02-26 12:15:24.000000000,BENIGN,0,1.0,27.0,95.0,15755000000.0,50000000.0,3.5185185185185186,0.0,6.0,lsnm2024_ddos_udp
2024-02-26 12:15:24.000000000,BENIGN,0,1.0,19.0,190.0,11935000000.0,50000000.0,10.0,0.0,6.0,lsnm2024_ddos_udp
2024-02-26 12:15:24.000000000,BENIGN,0,1.0,26.0,760.0,4675000000.0,50000000.0,29.23076923076923,0.0,6.0,lsnm2024_ddos_udp
2024-02-26 12:15:24.000000000,BENIGN,0,1.0,21.0,380.0,9515000000.0,50000000.0,18.095238095238095,0.0,6.0,lsnm2024_ddos_udp
2024-02-26 12:15:24.000000000,BENIGN,0,1.0,25.0,380.0,2990000000.0,50000000.0,15.2,0.0,6.0,lsnm2024_ddos_udp
2024-02-26 12:15:24.000000000,BENIGN,0,1.0,24.0,190.0,18460000000.0,50000000.0,7.916666666666667,0.0,6.0,lsnm2024_ddos_udp
2024-02-26 12:15:24.000000000,BENIGN,0,1.0,28.0,380.0,1685000000.0,50000000.0,13.571428571428571,0.0,6.0,lsnm2024_ddos_udp
2024-02-26 12:15:24.000000000,BENIGN,0,1.0,16.0,380.0,16040000000.0,50000000.0,23.75,0.0,6.0,lsnm2024_ddos_udp
2024-02-26 12:15:25.000000000,BENIGN,0,1.0,27.0,380.0,5600000000.0,50000000.0,14.074074074074074,0.0,6.0,lsnm2024_ddos_udp
2024-02-26 12:15:25.000000000,BENIGN,0,1.0,21.0,760.0,3370000000.0,50000000.0,36.19047619047619,0.0,6.0,lsnm2024_ddos_udp
2024-02-26 12:15:25.000000000,BENIGN,0,1.0,25.0,285.0,10725000000.0,50000000.0,11.4,0.0,6.0,lsnm2024_ddos_udp
2024-02-26 12:15:25.000000000,BENIGN,0,1.0,27.0,475.0,10915000000.0,50000000.0,17.59259259259259,0.0,6.0,lsnm2024_ddos_udp
2024-02-26 12:15:25.000000000,BENIGN,0,1.0,25.0,380.0,12125000000.0,50000000.0,15.2,0.0,6.0,lsnm2024_ddos_udp
2024-02-26 12:15:25.000000000,BENIGN,0,1.0,25.0,950.0,7475000000.0,50000000.0,38.0,0.0,6.0,lsnm2024_ddos_udp
2024-02-26 12:15:25.000000000,BENIGN,0,1.0,30.0,380.0,9515000000.0,50000000.0,12.666666666666666,0.0,6.0,lsnm2024_ddos_udp
2024-02-26 12:15:25.000000000,BENIGN,0,1.0,32.0,475.0,5695000000.0,50000000.0,14.84375,0.0,6.0,lsnm2024_ddos_udp
2024-02-26 12:15:25.000000000,BENIGN,0,1.0,26.0,475.0,8305000000.0,50000000.0,18.26923076923077,0.0,6.0,lsnm2024_ddos_udp
2024-02-26 12:15:25.000000000,BENIGN,0,1.0,23.0,475.0,12220000000.0,50000000.0,20.652173913043477,0.0,6.0,lsnm2024_ddos_udp
2024-02-26 12:15:25.000000000,BENIGN,0,1.0,21.0,380.0,9515000000.0,50000000.0,18.095238095238095,0.0,6.0,lsnm2024_ddos_udp
2024-02-26 12:15:25.000000000,BENIGN,0,1.0,21.0,570.0,4485000000.0,50000000.0,27.142857142857142,0.0,6.0,lsnm2024_ddos_udp
2024-02-26 12:15:25.000000000,BENIGN,0,1.0,25.0,570.0,8400000000.0,50000000.0,22.8,0.0,6.0,lsnm2024_ddos_udp
2024-02-26 12:15:25.000000000,BENIGN,0,1.0,17.0,475.0,9610000000.0,50000000.0,27.941176470588236,0.0,6.0,lsnm2024_ddos_udp
2024-02-26 12:15:25.000000000,BENIGN,0,1.0,24.0,475.0,8305000000.0,50000000.0,19.791666666666668,0.0,6.0,lsnm2024_ddos_udp
2024-02-26 12:15:25.000000000,BENIGN,0,1.0,25.0,380.0,6905000000.0,50000000.0,15.2,0.0,6.0,lsnm2024_ddos_udp
2024-02-26 12:15:25.000000000,BENIGN,0,1.0,22.0,190.0,9325000000.0,50000000.0,8.636363636363637,0.0,6.0,lsnm2024_ddos_udp
2024-02-26 12:15:25.000000000,BENIGN,0,1.0,24.0,380.0,4295000000.0,50000000.0,15.833333333333334,0.0,6.0,lsnm2024_ddos_udp
2024-02-26 12:15:25.000000000,BENIGN,0,1.0,23.0,665.0,665000000.0,50000000.0,28.91304347826087,0.0,6.0,lsnm2024_ddos_udp
2024-02-26 12:15:25.000000000,BENIGN,0,1.0,28.0,190.0,11935000000.0,50000000.0,6.785714285714286,0.0,6.0,lsnm2024_ddos_udp
2024-02-26 12:15:25.000000000,BENIGN,0,1.0,28.0,380.0,10820000000.0,50000000.0,13.571428571428571,0.0,6.0,lsnm2024_ddos_udp
2024-02-26 12:15:25.000000000,BENIGN,0,1.0,30.0,475.0,5695000000.0,50000000.0,15.833333333333334,0.0,6.0,lsnm2024_ddos_udp
2024-02-26 12:15:25.000000000,BENIGN,0,1.0,26.0,190.0,14545000000.0,50000000.0,7.3076923076923075,0.0,6.0,lsnm2024_ddos_udp
2024-02-26 12:15:25.000000000,BENIGN,0,1.0,23.0,380.0,9515000000.0,50000000.0,16.52173913043478,0.0,6.0,lsnm2024_ddos_udp
2024-02-26 12:15:25.000000000,BENIGN,0,1.0,26.0,285.0,8115000000.0,50000000.0,10.961538461538462,0.0,6.0,lsnm2024_ddos_udp
2024-02-26 12:15:26.000000000,BENIGN,0,1.0,26.0,570.0,4485000000.0,50000000.0,21.923076923076923,0.0,6.0,lsnm2024_ddos_udp
2024-02-26 12:15:26.000000000,BENIGN,0,1.0,27.0,855.0,4770000000.0,50000000.0,31.666666666666668,0.0,6.0,lsnm2024_ddos_udp
2024-02-26 12:15:26.000000000,BENIGN,0,1.0,27.0,475.0,4390000000.0,50000000.0,17.59259259259259,0.0,6.0,lsnm2024_ddos_udp
2024-02-26 12:15:26.000000000,BENIGN,0,1.0,21.0,190.0,15850000000.0,50000000.0,9.047619047619047,0.0,6.0,lsnm2024_ddos_udp
2024-02-26 12:15:26.000000000,BENIGN,0,1.0,23.0,285.0,8115000000.0,50000000.0,12.391304347826088,0.0,6.0,lsnm2024_ddos_udp
2024-02-26 12:15:26.000000000,BENIGN,0,1.0,26.0,665.0,1970000000.0,50000000.0,25.576923076923077,0.0,6.0,lsnm2024_ddos_udp
2024-02-26 12:15:26.000000000,BENIGN,0,1.0,28.0,190.0,4105000000.0,50000000.0,6.785714285714286,0.0,6.0,lsnm2024_ddos_udp
2024-02-26 12:15:26.000000000,BENIGN,0,1.0,24.0,95.0,11840000000.0,50000000.0,3.9583333333333335,0.0,6.0,lsnm2024_ddos_udp
2024-02-26 12:15:26.000000000,BENIGN,0,1.0,29.0,855.0,3465000000.0,50000000.0,29.482758620689655,0.0,6.0,lsnm2024_ddos_udp
2024-02-26 12:15:26.000000000,BENIGN,0,1.0,25.0,380.0,2990000000.0,50000000.0,15.2,0.0,6.0,lsnm2024_ddos_udp
2024-02-26 12:15:26.000000000,BENIGN,0,1.0,26.0,285.0,13335000000.0,50000000.0,10.961538461538462,0.0,6.0,lsnm2024_ddos_udp
2024-02-26 12:15:26.000000000,BENIGN,0,1.0,25.0,380.0,6905000000.0,50000000.0,15.2,0.0,6.0,lsnm2024_ddos_udp
2024-02-26 12:15:27.000000000,BENIGN,0,1.0,29.0,285.0,10725000000.0,50000000.0,9.827586206896552,0.0,6.0,lsnm2024_ddos_udp
2024-02-26 12:15:27.000000000,BENIGN,0,1.0,21.0,475.0,1780000000.0,50000000.0,22.61904761904762,0.0,6.0,lsnm2024_ddos_udp
2024-02-26 12:15:27.000000000,BENIGN,0,1.0,10.0,475.0,1780000000.0,50000000.0,47.5,0.0,6.0,lsnm2024_ddos_udp
2024-02-26 12:15:27.000000000,BENIGN,0,1.0,31.0,570.0,4485000000.0,50000000.0,18.387096774193548,0.0,6.0,lsnm2024_ddos_udp
2024-02-26 12:15:27.000000000,BENIGN,0,1.0,27.0,665.0,9800000000.0,50000000.0,24.62962962962963,0.0,6.0,lsnm2024_ddos_udp
2024-02-26 12:15:27.000000000,BENIGN,0,1.0,21.0,855.0,855000000.0,50000000.0,40.714285714285715,0.0,6.0,lsnm2024_ddos_udp
2024-02-26 12:15:27.000000000,BENIGN,0,1.0,28.0,665.0,665000000.0,50000000.0,23.75,0.0,6.0,lsnm2024_ddos_udp
2024-02-26 12:15:27.000000000,BENIGN,0,1.0,29.0,380.0,4295000000.0,50000000.0,13.10344827586207,0.0,6.0,lsnm2024_ddos_udp
2024-02-26 12:15:27.000000000,BENIGN,0,1.0,25.0,1045.0,2350000000.0,50000000.0,41.8,0.0,6.0,lsnm2024_ddos_udp
2024-02-26 12:15:27.000000000,BENIGN,0,1.0,24.0,0.0,32625000000.0,50000000.0,0.0,0.0,6.0,lsnm2024_ddos_udp
2024-02-26 12:15:27.000000000,BENIGN,0,1.0,34.0,285.0,1590000000.0,50000000.0,8.382352941176471,0.0,6.0,lsnm2024_ddos_udp
2024-02-26 12:15:27.000000000,BENIGN,0,1.0,28.0,285.0,8115000000.0,50000000.0,10.178571428571429,0.0,6.0,lsnm2024_ddos_udp
2024-02-26 12:15:27.000000000,BENIGN,0,1.0,26.0,190.0,18460000000.0,50000000.0,7.3076923076923075,0.0,6.0,lsnm2024_ddos_udp
2024-02-26 12:15:27.000000000,BENIGN,0,1.0,30.0,380.0,4295000000.0,50000000.0,12.666666666666666,0.0,6.0,lsnm2024_ddos_udp
2024-02-26 12:15:27.000000000,BENIGN,0,1.0,24.0,380.0,16040000000.0,50000000.0,15.833333333333334,0.0,6.0,lsnm2024_ddos_udp
2024-02-26 12:15:27.000000000,BENIGN,0,1.0,22.0,285.0,14640000000.0,50000000.0,12.954545454545455,0.0,6.0,lsnm2024_ddos_udp
2024-02-26 12:15:27.000000000,BENIGN,0,1.0,26.0,95.0,4010000000.0,50000000.0,3.6538461538461537,0.0,6.0,lsnm2024_ddos_udp
2024-02-26 12:15:28.000000000,BENIGN,0,1.0,25.0,950.0,2255000000.0,50000000.0,38.0,0.0,6.0,lsnm2024_ddos_udp
2024-02-26 12:15:28.000000000,BENIGN,0,1.0,9.0,190.0,9325000000.0,50000000.0,21.11111111111111,0.0,6.0,lsnm2024_ddos_udp
2024-02-26 12:15:28.000000000,BENIGN,0,1.0,25.0,570.0,5790000000.0,50000000.0,22.8,0.0,6.0,lsnm2024_ddos_udp
2024-02-26 12:15:28.000000000,BENIGN,0,1.0,24.0,570.0,8400000000.0,50000000.0,23.75,0.0,6.0,lsnm2024_ddos_udp
2024-02-26 12:15:28.000000000,BENIGN,0,1.0,26.0,475.0,12220000000.0,50000000.0,18.26923076923077,0.0,6.0,lsnm2024_ddos_udp
2024-02-26 12:15:28.000000000,BENIGN,0,1.0,22.0,190.0,14545000000.0,50000000.0,8.636363636363637,0.0,6.0,lsnm2024_ddos_udp
2024-02-26 12:15:28.000000000,BENIGN,0,1.0,22.0,475.0,10915000000.0,50000000.0,21.59090909090909,0.0,6.0,lsnm2024_ddos_udp
2024-02-26 12:15:28.000000000,BENIGN,0,1.0,22.0,190.0,9325000000.0,50000000.0,8.636363636363637,0.0,6.0,lsnm2024_ddos_udp
2024-02-26 12:15:28.000000000,BENIGN,0,1.0,30.0,380.0,8210000000.0,50000000.0,12.666666666666666,0.0,6.0,lsnm2024_ddos_udp
2024-02-26 12:15:28.000000000,BENIGN,0,1.0,19.0,665.0,8495000000.0,50000000.0,35.0,0.0,6.0,lsnm2024_ddos_udp
2024-02-26 12:15:28.000000000,BENIGN,0,1.0,25.0,1235.0,6455000000.0,50000000.0,49.4,0.0,6.0,lsnm2024_ddos_udp
2024-02-26 12:15:28.000000000,BENIGN,0,1.0,22.0,95.0,6620000000.0,50000000.0,4.318181818181818,0.0,6.0,lsnm2024_ddos_udp
2024-02-26 12:15:28.000000000,BENIGN,0,1000000.0,20.0,190.0,190.0,50.0,9.5,0.0,6.0,lsnm2024_ddos_udp
2024-02-26 12:15:28.000000000,BENIGN,0,1.0,25.0,475.0,475000000.0,50000000.0,19.0,0.0,6.0,lsnm2024_ddos_udp
2024-02-26 12:15:28.000000000,BENIGN,0,1.0,16.0,190.0,6715000000.0,50000000.0,11.875,0.0,6.0,lsnm2024_ddos_udp
2024-02-26 12:15:28.000000000,BENIGN,0,1.0,16.0,760.0,760000000.0,50000000.0,47.5,0.0,6.0,lsnm2024_ddos_udp
2024-02-26 12:15:28.000000000,BENIGN,0,1.0,27.0,570.0,3180000000.0,50000000.0,21.11111111111111,0.0,6.0,lsnm2024_ddos_udp
2024-02-26 12:15:28.000000000,BENIGN,0,1.0,27.0,380.0,8210000000.0,50000000.0,14.074074074074074,0.0,6.0,lsnm2024_ddos_udp
2024-02-26 12:15:28.000000000,BENIGN,0,1.0,23.0,380.0,9515000000.0,50000000.0,16.52173913043478,0.0,6.0,lsnm2024_ddos_udp
2024-02-26 12:15:28.000000000,BENIGN,0,1.0,29.0,570.0,5790000000.0,50000000.0,19.655172413793103,0.0,6.0,lsnm2024_ddos_udp
2024-02-26 12:15:28.000000000,BENIGN,0,1.0,25.0,570.0,4485000000.0,50000000.0,22.8,0.0,6.0,lsnm2024_ddos_udp
2024-02-26 12:15:28.000000000,BENIGN,0,1.0,28.0,95.0,4010000000.0,50000000.0,3.392857142857143,0.0,6.0,lsnm2024_ddos_udp
2024-02-26 12:15:28.000000000,BENIGN,0,1.0,28.0,190.0,8020000000.0,50000000.0,6.785714285714286,0.0,6.0,lsnm2024_ddos_udp
2024-02-26 12:15:28.000000000,BENIGN,0,1.0,26.0,570.0,1875000000.0,50000000.0,21.923076923076923,0.0,6.0,lsnm2024_ddos_udp
2024-02-26 12:15:28.000000000,BENIGN,0,1.0,27.0,380.0,13430000000.0,50000000.0,14.074074074074074,0.0,6.0,lsnm2024_ddos_udp
2024-02-26 12:15:28.000000000,BENIGN,0,1.0,29.0,570.0,9705000000.0,50000000.0,19.655172413793103,0.0,6.0,lsnm2024_ddos_udp
2024-02-26 12:15:28.000000000,BENIGN,0,1.0,25.0,665.0,8495000000.0,50000000.0,26.6,0.0,6.0,lsnm2024_ddos_udp
2024-02-26 12:15:28.000000000,BENIGN,0,1.0,25.0,475.0,8305000000.0,50000000.0,19.0,0.0,6.0,lsnm2024_ddos_udp
2024-02-26 12:15:28.000000000,BENIGN,0,1.0,27.0,380.0,8210000000.0,50000000.0,14.074074074074074,0.0,6.0,lsnm2024_ddos_udp
2024-02-26 12:15:28.000000000,BENIGN,0,1.0,23.0,665.0,8495000000.0,50000000.0,28.91304347826087,0.0,6.0,lsnm2024_ddos_udp
2024-02-26 12:15:28.000000000,BENIGN,0,1.0,28.0,475.0,8305000000.0,50000000.0,16.964285714285715,0.0,6.0,lsnm2024_ddos_udp
2024-02-26 12:15:28.000000000,BENIGN,0,1.0,20.0,475.0,14830000000.0,50000000.0,23.75,0.0,6.0,lsnm2024_ddos_udp
2024-02-26 12:15:28.000000000,BENIGN,0,1.0,25.0,855.0,855000000.0,50000000.0,34.2,0.0,6.0,lsnm2024_ddos_udp
2024-02-26 12:15:28.000000000,BENIGN,0,1.0,27.0,1330.0,1330000000.0,50000000.0,49.25925925925926,0.0,6.0,lsnm2024_ddos_udp
2024-02-26 12:15:28.000000000,BENIGN,0,1.0,37.0,190.0,14545000000.0,50000000.0,5.135135135135135,0.0,6.0,lsnm2024_ddos_udp
2024-02-26 12:15:28.000000000,BENIGN,0,1.0,26.0,380.0,14735000000.0,50000000.0,14.615384615384615,0.0,6.0,lsnm2024_ddos_udp
2024-02-26 12:15:29.000000000,BENIGN,0,1.0,34.0,380.0,8210000000.0,50000000.0,11.176470588235293,0.0,6.0,lsnm2024_ddos_udp
2024-02-26 12:15:29.000000000,BENIGN,0,1.0,24.0,475.0,10915000000.0,50000000.0,19.791666666666668,0.0,6.0,lsnm2024_ddos_udp
2024-02-26 12:15:29.000000000,BENIGN,0,1.0,27.0,665.0,665000000.0,50000000.0,24.62962962962963,0.0,6.0,lsnm2024_ddos_udp
2024-02-26 12:15:29.000000000,BENIGN,0,1.0,26.0,380.0,8210000000.0,50000000.0,14.615384615384615,0.0,6.0,lsnm2024_ddos_udp
2024-02-26 12:15:29.000000000,BENIGN,0,1.0,23.0,95.0,15755000000.0,50000000.0,4.130434782608695,0.0,6.0,lsnm2024_ddos_udp
2024-02-26 12:15:29.000000000,BENIGN,0,1.0,28.0,570.0,5790000000.0,50000000.0,20.357142857142858,0.0,6.0,lsnm2024_ddos_udp
2024-02-26 12:15:29.000000000,BENIGN,0,1.0,27.0,1140.0,6360000000.0,50000000.0,42.22222222222222,0.0,6.0,lsnm2024_ddos_udp
2024-02-26 12:15:29.000000000,BENIGN,0,1.0,31.0,380.0,6905000000.0,50000000.0,12.258064516129032,0.0,6.0,lsnm2024_ddos_udp
2024-02-26 12:15:29.000000000,BENIGN,0,1.0,27.0,380.0,6905000000.0,50000000.0,14.074074074074074,0.0,6.0,lsnm2024_ddos_udp
2024-02-26 12:15:29.000000000,BENIGN,0,1.0,27.0,0.0,13050000000.0,50000000.0,0.0,0.0,6.0,lsnm2024_ddos_udp
2024-02-26 12:15:29.000000000,BENIGN,0,1.0,27.0,475.0,20050000000.0,50000000.0,17.59259259259259,0.0,6.0,lsnm2024_ddos_udp
2024-02-26 12:15:29.000000000,BENIGN,0,1.0,29.0,1235.0,1235000000.0,50000000.0,42.58620689655172,0.0,6.0,lsnm2024_ddos_udp
2024-02-26 12:15:29.000000000,BENIGN,0,1.0,23.0,190.0,21070000000.0,50000000.0,8.26086956521739,0.0,6.0,lsnm2024_ddos_udp
2024-02-26 12:15:29.000000000,BENIGN,0,1.0,25.0,475.0,13525000000.0,50000000.0,19.0,0.0,6.0,lsnm2024_ddos_udp
2024-02-26 12:15:29.000000000,BENIGN,0,1.0,29.0,380.0,6905000000.0,50000000.0,13.10344827586207,0.0,6.0,lsnm2024_ddos_udp
2024-02-26 12:15:29.000000000,BENIGN,0,1.0,25.0,665.0,3275000000.0,50000000.0,26.6,0.0,6.0,lsnm2024_ddos_udp
2024-02-26 12:15:29.000000000,BENIGN,0,1.0,19.0,665.0,13715000000.0,50000000.0,35.0,0.0,6.0,lsnm2024_ddos_udp
2024-02-26 12:15:29.000000000,BENIGN,0,1.0,24.0,570.0,3180000000.0,50000000.0,23.75,0.0,6.0,lsnm2024_ddos_udp
2024-02-26 12:15:29.000000000,BENIGN,0,1.0,27.0,380.0,380000000.0,50000000.0,14.074074074074074,0.0,6.0,lsnm2024_ddos_udp
2024-02-26 12:15:29.000000000,BENIGN,0,1.0,23.0,570.0,570000000.0,50000000.0,24.782608695652176,0.0,6.0,lsnm2024_ddos_udp
2024-02-26 12:15:29.000000000,BENIGN,0,1.0,26.0,475.0,10915000000.0,50000000.0,18.26923076923077,0.0,6.0,lsnm2024_ddos_udp
2024-02-26 12:15:29.000000000,BENIGN,0,1.0,23.0,760.0,12505000000.0,50000000.0,33.04347826086956,0.0,6.0,lsnm2024_ddos_udp
2024-02-26 12:15:29.000000000,BENIGN,0,1.0,24.0,190.0,8020000000.0,50000000.0,7.916666666666667,0.0,6.0,lsnm2024_ddos_udp
2024-02-26 12:15:29.000000000,BENIGN,0,1.0,23.0,475.0,9610000000.0,50000000.0,20.652173913043477,0.0,6.0,lsnm2024_ddos_udp
2024-02-26 12:15:29.000000000,BENIGN,0,1.0,23.0,190.0,21070000000.0,50000000.0,8.26086956521739,0.0,6.0,lsnm2024_ddos_udp
2024-02-26 12:15:30.000000000,BENIGN,0,1.0,27.0,380.0,4295000000.0,50000000.0,14.074074074074074,0.0,6.0,lsnm2024_ddos_udp
2024-02-26 12:15:30.000000000,BENIGN,0,1.0,27.0,475.0,9610000000.0,50000000.0,17.59259259259259,0.0,6.0,lsnm2024_ddos_udp
2024-02-26 12:15:30.000000000,BENIGN,0,1.0,42.0,190.0,1495000000.0,50000000.0,4.523809523809524,0.0,6.0,lsnm2024_ddos_udp
2024-02-26 12:15:30.000000000,BENIGN,0,1.0,23.0,475.0,475000000.0,50000000.0,20.652173913043477,0.0,6.0,lsnm2024_ddos_udp
2024-02-26 12:15:30.000000000,BENIGN,0,1.0,25.0,475.0,9610000000.0,50000000.0,19.0,0.0,6.0,lsnm2024_ddos_udp
2024-02-26 12:15:30.000000000,BENIGN,0,1.0,31.0,380.0,2990000000.0,50000000.0,12.258064516129032,0.0,6.0,lsnm2024_ddos_udp
2024-02-26 12:15:30.000000000,BENIGN,0,1.0,18.0,475.0,21355000000.0,50000000.0,26.38888888888889,0.0,6.0,lsnm2024_ddos_udp
2024-02-26 12:15:30.000000000,BENIGN,0,1.0,23.0,665.0,8495000000.0,50000000.0,28.91304347826087,0.0,6.0,lsnm2024_ddos_udp
2024-02-26 12:15:30.000000000,BENIGN,0,1.0,21.0,380.0,12125000000.0,50000000.0,18.095238095238095,0.0,6.0,lsnm2024_ddos_udp
2024-02-26 12:15:30.000000000,BENIGN,0,1.0,23.0,190.0,13240000000.0,50000000.0,8.26086956521739,0.0,6.0,lsnm2024_ddos_udp
2024-02-26 12:15:30.000000000,BENIGN,0,1.0,24.0,760.0,760000000.0,50000000.0,31.666666666666668,0.0,6.0,lsnm2024_ddos_udp
2024-02-26 12:15:30.000000000,BENIGN,0,1.0,27.0,285.0,8115000000.0,50000000.0,10.555555555555555,0.0,6.0,lsnm2024_ddos_udp
2024-02-26 12:15:30.000000000,BENIGN,0,1.0,28.0,0.0,18270000000.0,50000000.0,0.0,0.0,6.0,lsnm2024_ddos_udp
2024-02-26 12:15:30.000000000,BENIGN,0,1.0,26.0,285.0,5505000000.0,50000000.0,10.961538461538462,0.0,6.0,lsnm2024_ddos_udp
2024-02-26 12:15:30.000000000,BENIGN,0,1.0,26.0,1045.0,1045000000.0,50000000.0,40.19230769230769,0.0,6.0,lsnm2024_ddos_udp
2024-02-26 12:15:30.000000000,BENIGN,0,1.0,30.0,95.0,11840000000.0,50000000.0,3.1666666666666665,0.0,6.0,lsnm2024_ddos_udp
2024-02-26 12:15:30.000000000,BENIGN,0,1.0,24.0,570.0,5790000000.0,50000000.0,23.75,0.0,6.0,lsnm2024_ddos_udp
2024-02-26 12:15:30.000000000,BENIGN,0,1.0,30.0,570.0,5790000000.0,50000000.0,19.0,0.0,6.0,lsnm2024_ddos_udp
2024-02-26 12:15:30.000000000,BENIGN,0,1.0,25.0,855.0,855000000.0,50000000.0,34.2,0.0,6.0,lsnm2024_ddos_udp
2024-02-26 12:15:30.000000000,BENIGN,0,1.0,26.0,95.0,15755000000.0,50000000.0,3.6538461538461537,0.0,6.0,lsnm2024_ddos_udp
2024-02-26 12:15:30.000000000,BENIGN,0,1.0,22.0,475.0,5695000000.0,50000000.0,21.59090909090909,0.0,6.0,lsnm2024_ddos_udp
2024-02-26 12:15:30.000000000,BENIGN,0,1.0,18.0,760.0,5980000000.0,50000000.0,42.22222222222222,0.0,6.0,lsnm2024_ddos_udp
2024-02-26 12:15:30.000000000,BENIGN,0,1.0,27.0,285.0,6810000000.0,50000000.0,10.555555555555555,0.0,6.0,lsnm2024_ddos_udp
2024-02-26 12:15:30.000000000,BENIGN,0,1.0,30.0,285.0,5505000000.0,50000000.0,9.5,0.0,6.0,lsnm2024_ddos_udp
2024-02-26 12:15:30.000000000,BENIGN,0,1.0,24.0,570.0,8400000000.0,50000000.0,23.75,0.0,6.0,lsnm2024_ddos_udp
2024-02-26 12:15:30.000000000,BENIGN,0,1.0,28.0,475.0,12220000000.0,50000000.0,16.964285714285715,0.0,6.0,lsnm2024_ddos_udp
2024-02-26 12:15:30.000000000,BENIGN,0,1.0,28.0,475.0,5695000000.0,50000000.0,16.964285714285715,0.0,6.0,lsnm2024_ddos_udp
2024-02-26 12:15:30.000000000,BENIGN,0,1.0,18.0,1140.0,1140000000.0,50000000.0,63.333333333333336,0.0,6.0,lsnm2024_ddos_udp
2024-02-26 12:15:31.000000000,BENIGN,0,1.0,24.0,95.0,95000000.0,50000000.0,3.9583333333333335,0.0,6.0,lsnm2024_ddos_udp
2024-02-26 12:15:31.000000000,BENIGN,0,1.0,21.0,475.0,7000000000.0,50000000.0,22.61904761904762,0.0,6.0,lsnm2024_ddos_udp
2024-02-26 12:15:31.000000000,BENIGN,0,1.0,28.0,285.0,5505000000.0,50000000.0,10.178571428571429,0.0,6.0,lsnm2024_ddos_udp
2024-02-26 12:15:31.000000000,BENIGN,0,1.0,23.0,380.0,10820000000.0,50000000.0,16.52173913043478,0.0,6.0,lsnm2024_ddos_udp
2024-02-26 12:15:31.000000000,BENIGN,0,1.0,28.0,475.0,7000000000.0,50000000.0,16.964285714285715,0.0,6.0,lsnm2024_ddos_udp
2024-02-26 12:15:31.000000000,BENIGN,0,1.0,27.0,1045.0,3655000000.0,50000000.0,38.7037037037037,0.0,6.0,lsnm2024_ddos_udp
2024-02-26 12:15:31.000000000,BENIGN,0,1.0,30.0,190.0,2800000000.0,50000000.0,6.333333333333333,0.0,6.0,lsnm2024_ddos_udp
2024-02-26 12:15:31.000000000,BENIGN,0,1.0,21.0,665.0,8495000000.0,50000000.0,31.666666666666668,0.0,6.0,lsnm2024_ddos_udp
2024-02-26 12:15:31.000000000,BENIGN,0,1.0,25.0,285.0,4200000000.0,50000000.0,11.4,0.0,6.0,lsnm2024_ddos_udp
2024-02-26 12:15:31.000000000,BENIGN,0,1.0,18.0,95.0,19670000000.0,50000000.0,5.277777777777778,0.0,6.0,lsnm2024_ddos_udp
2024-02-26 12:15:31.000000000,BENIGN,0,1.0,29.0,950.0,7475000000.0,50000000.0,32.758620689655174,0.0,6.0,lsnm2024_ddos_udp
2024-02-26 12:15:31.000000000,BENIGN,0,1.0,23.0,475.0,9610000000.0,50000000.0,20.652173913043477,0.0,6.0,lsnm2024_ddos_udp
2024-02-26 12:15:31.000000000,BENIGN,0,1.0,24.0,665.0,7190000000.0,50000000.0,27.708333333333332,0.0,6.0,lsnm2024_ddos_udp
2024-02-26 12:15:31.000000000,BENIGN,0,1.0,24.0,190.0,5410000000.0,50000000.0,7.916666666666667,0.0,6.0,lsnm2024_ddos_udp
2024-02-26 12:15:31.000000000,BENIGN,0,1.0,22.0,1045.0,2350000000.0,50000000.0,47.5,0.0,6.0,lsnm2024_ddos_udp
2024-02-26 12:15:31.000000000,BENIGN,0,1.0,25.0,570.0,4485000000.0,50000000.0,22.8,0.0,6.0,lsnm2024_ddos_udp
2024-02-26 12:15:31.000000000,BENIGN,0,1.0,24.0,380.0,5600000000.0,50000000.0,15.833333333333334,0.0,6.0,lsnm2024_ddos_udp
2024-02-26 12:15:31.000000000,BENIGN,0,1.0,24.0,570.0,3180000000.0,50000000.0,23.75,0.0,6.0,lsnm2024_ddos_udp
2024-02-26 12:15:31.000000000,BENIGN,0,1.0,25.0,190.0,10630000000.0,50000000.0,7.6,0.0,6.0,lsnm2024_ddos_udp
2024-02-26 12:15:31.000000000,BENIGN,0,1.0,25.0,950.0,7475000000.0,50000000.0,38.0,0.0,6.0,lsnm2024_ddos_udp
2024-02-26 12:15:31.000000000,BENIGN,0,1.0,28.0,665.0,665000000.0,50000000.0,23.75,0.0,6.0,lsnm2024_ddos_udp
2024-02-26 12:15:31.000000000,BENIGN,0,1.0,32.0,95.0,95000000.0,50000000.0,2.96875,0.0,6.0,lsnm2024_ddos_udp
2024-02-26 12:15:32.000000000,BENIGN,0,1.0,17.0,475.0,5695000000.0,50000000.0,27.941176470588236,0.0,6.0,lsnm2024_ddos_udp
2024-02-26 12:15:32.000000000,BENIGN,0,1.0,28.0,570.0,8400000000.0,50000000.0,20.357142857142858,0.0,6.0,lsnm2024_ddos_udp
2024-02-26 12:15:32.000000000,BENIGN,0,1.0,22.0,665.0,1970000000.0,50000000.0,30.227272727272727,0.0,6.0,lsnm2024_ddos_udp
2024-02-26 12:15:32.000000000,BENIGN,0,1.0,23.0,760.0,4675000000.0,50000000.0,33.04347826086956,0.0,6.0,lsnm2024_ddos_udp
2024-02-26 12:15:32.000000000,BENIGN,0,1.0,26.0,665.0,9800000000.0,50000000.0,25.576923076923077,0.0,6.0,lsnm2024_ddos_udp
2024-02-26 12:15:32.000000000,BENIGN,0,1.0,28.0,665.0,4580000000.0,50000000.0,23.75,0.0,6.0,lsnm2024_ddos_udp
2024-02-26 12:15:32.000000000,BENIGN,0,1.0,26.0,570.0,4485000000.0,50000000.0,21.923076923076923,0.0,6.0,lsnm2024_ddos_udp
2024-02-26 12:15:32.000000000,BENIGN,0,1.0,26.0,475.0,5695000000.0,50000000.0,18.26923076923077,0.0,6.0,lsnm2024_ddos_udp
2024-02-26 12:15:32.000000000,BENIGN,0,1.0,29.0,95.0,6620000000.0,50000000.0,3.2758620689655173,0.0,6.0,lsnm2024_ddos_udp
2024-02-26 12:15:32.000000000,BENIGN,0,1.0,25.0,380.0,8210000000.0,50000000.0,15.2,0.0,6.0,lsnm2024_ddos_udp
2024-02-26 12:15:32.000000000,BENIGN,0,1.0,28.0,760.0,4675000000.0,50000000.0,27.142857142857142,0.0,6.0,lsnm2024_ddos_udp
2024-02-26 12:15:32.000000000,BENIGN,0,1.0,26.0,570.0,8400000000.0,50000000.0,21.923076923076923,0.0,6.0,lsnm2024_ddos_udp
2024-02-26 12:15:32.000000000,BENIGN,0,1.0,27.0,285.0,8115000000.0,50000000.0,10.555555555555555,0.0,6.0,lsnm2024_ddos_udp
2024-02-26 12:15:32.000000000,BENIGN,0,1.0,24.0,285.0,9420000000.0,50000000.0,11.875,0.0,6.0,lsnm2024_ddos_udp
2024-02-26 12:15:32.000000000,BENIGN,0,1.0,28.0,760.0,12505000000.0,50000000.0,27.142857142857142,0.0,6.0,lsnm2024_ddos_udp
2024-02-26 12:15:32.000000000,BENIGN,0,1.0,25.0,760.0,5980000000.0,50000000.0,30.4,0.0,6.0,lsnm2024_ddos_udp
2024-02-26 12:15:32.000000000,BENIGN,0,1.0,31.0,760.0,8590000000.0,50000000.0,24.516129032258064,0.0,6.0,lsnm2024_ddos_udp
2024-02-26 12:15:32.000000000,BENIGN,0,1.0,27.0,0.0,5220000000.0,50000000.0,0.0,0.0,6.0,lsnm2024_ddos_udp
2024-02-26 12:15:32.000000000,BENIGN,0,1.0,21.0,190.0,5410000000.0,50000000.0,9.047619047619047,0.0,6.0,lsnm2024_ddos_udp
2024-02-26 12:15:32.000000000,BENIGN,0,1.0,22.0,570.0,7095000000.0,50000000.0,25.90909090909091,0.0,6.0,lsnm2024_ddos_udp
2024-02-26 12:15:32.000000000,BENIGN,0,1.0,26.0,0.0,6525000000.0,50000000.0,0.0,0.0,6.0,lsnm2024_ddos_udp
2024-02-26 12:15:32.000000000,BENIGN,0,1.0,25.0,570.0,3180000000.0,50000000.0,22.8,0.0,6.0,lsnm2024_ddos_udp
2024-02-26 12:15:32.000000000,BENIGN,0,1.0,26.0,570.0,1875000000.0,50000000.0,21.923076923076923,0.0,6.0,lsnm2024_ddos_udp
2024-02-26 12:15:32.000000000,BENIGN,0,1.0,27.0,285.0,19860000000.0,50000000.0,10.555555555555555,0.0,6.0,lsnm2024_ddos_udp
2024-02-26 12:15:32.000000000,BENIGN,0,1.0,24.0,285.0,6810000000.0,50000000.0,11.875,0.0,6.0,lsnm2024_ddos_udp
2024-02-26 12:15:32.000000000,BENIGN,0,1.0,24.0,190.0,10630000000.0,50000000.0,7.916666666666667,0.0,6.0,lsnm2024_ddos_udp
2024-02-26 12:15:32.000000000,BENIGN,0,1.0,28.0,665.0,8495000000.0,50000000.0,23.75,0.0,6.0,lsnm2024_ddos_udp
2024-02-26 12:15:33.000000000,BENIGN,0,1.0,27.0,380.0,5600000000.0,50000000.0,14.074074074074074,0.0,6.0,lsnm2024_ddos_udp
2024-02-26 12:15:33.000000000,BENIGN,0,1.0,29.0,570.0,3180000000.0,50000000.0,19.655172413793103,0.0,6.0,lsnm2024_ddos_udp
2024-02-26 12:15:33.000000000,BENIGN,0,1.0,27.0,475.0,12220000000.0,50000000.0,17.59259259259259,0.0,6.0,lsnm2024_ddos_udp
2024-02-26 12:15:33.000000000,BENIGN,0,1.0,27.0,190.0,5410000000.0,50000000.0,7.037037037037037,0.0,6.0,lsnm2024_ddos_udp
2024-02-26 12:15:33.000000000,BENIGN,0,1.0,25.0,285.0,6810000000.0,50000000.0,11.4,0.0,6.0,lsnm2024_ddos_udp
2024-02-26 12:15:33.000000000,BENIGN,0,1.0,24.0,380.0,4295000000.0,50000000.0,15.833333333333334,0.0,6.0,lsnm2024_ddos_udp
2024-02-26 12:15:33.000000000,BENIGN,0,1.0,20.0,475.0,9610000000.0,50000000.0,23.75,0.0,6.0,lsnm2024_ddos_udp
2024-02-26 12:15:33.000000000,BENIGN,0,1.0,31.0,855.0,2160000000.0,50000000.0,27.580645161290324,0.0,6.0,lsnm2024_ddos_udp
2024-02-26 12:15:33.000000000,BENIGN,0,1.0,26.0,190.0,4105000000.0,50000000.0,7.3076923076923075,0.0,6.0,lsnm2024_ddos_udp
2024-02-26 12:15:33.000000000,BENIGN,0,1.0,20.0,190.0,6715000000.0,50000000.0,9.5,0.0,6.0,lsnm2024_ddos_udp
2024-02-26 12:15:33.000000000,BENIGN,0,1.0,27.0,1045.0,4960000000.0,50000000.0,38.7037037037037,0.0,6.0,lsnm2024_ddos_udp
2024-02-26 12:15:33.000000000,BENIGN,0,1.0,26.0,760.0,7285000000.0,50000000.0,29.23076923076923,0.0,6.0,lsnm2024_ddos_udp
2024-02-26 12:15:33.000000000,BENIGN,0,1.0,21.0,760.0,7285000000.0,50000000.0,36.19047619047619,0.0,6.0,lsnm2024_ddos_udp
2024-02-26 12:15:33.000000000,BENIGN,0,1.0,25.0,285.0,2895000000.0,50000000.0,11.4,0.0,6.0,lsnm2024_ddos_udp
2024-02-26 12:15:33.000000000,BENIGN,0,1.0,23.0,380.0,380000000.0,50000000.0,16.52173913043478,0.0,6.0,lsnm2024_ddos_udp
2024-02-26 12:15:34.000000000,BENIGN,0,1.0,26.0,665.0,11105000000.0,50000000.0,25.576923076923077,0.0,6.0,lsnm2024_ddos_udp
2024-02-26 12:15:34.000000000,BENIGN,0,1.0,22.0,285.0,5505000000.0,50000000.0,12.954545454545455,0.0,6.0,lsnm2024_ddos_udp
2024-02-26 12:15:34.000000000,BENIGN,0,1.0,31.0,285.0,5505000000.0,50000000.0,9.193548387096774,0.0,6.0,lsnm2024_ddos_udp
2024-02-26 12:15:34.000000000,BENIGN,0,1.0,28.0,665.0,11105000000.0,50000000.0,23.75,0.0,6.0,lsnm2024_ddos_udp
2024-02-26 12:15:34.000000000,BENIGN,0,1.0,22.0,285.0,13335000000.0,50000000.0,12.954545454545455,0.0,6.0,lsnm2024_ddos_udp
2024-02-26 12:15:34.000000000,BENIGN,0,1.0,24.0,475.0,10915000000.0,50000000.0,19.791666666666668,0.0,6.0,lsnm2024_ddos_udp
2024-02-26 12:15:34.000000000,BENIGN,0,1.0,30.0,380.0,1685000000.0,50000000.0,12.666666666666666,0.0,6.0,lsnm2024_ddos_udp
2024-02-26 12:15:34.000000000,BENIGN,0,1.0,24.0,190.0,10630000000.0,50000000.0,7.916666666666667,0.0,6.0,lsnm2024_ddos_udp
2024-02-26 12:15:34.000000000,BENIGN,0,1.0,25.0,665.0,5885000000.0,50000000.0,26.6,0.0,6.0,lsnm2024_ddos_udp
2024-02-26 12:15:34.000000000,BENIGN,0,1.0,26.0,1140.0,5055000000.0,50000000.0,43.84615384615385,0.0,6.0,lsnm2024_ddos_udp
2024-02-26 12:15:34.000000000,BENIGN,0,1.0,19.0,475.0,3085000000.0,50000000.0,25.0,0.0,6.0,lsnm2024_ddos_udp
2024-02-26 12:15:34.000000000,BENIGN,0,1.0,20.0,380.0,12125000000.0,50000000.0,19.0,0.0,6.0,lsnm2024_ddos_udp
2024-02-26 12:15:34.000000000,BENIGN,0,1.0,22.0,570.0,8400000000.0,50000000.0,25.90909090909091,0.0,6.0,lsnm2024_ddos_udp
2024-02-26 12:15:34.000000000,BENIGN,0,1.0,28.0,380.0,10820000000.0,50000000.0,13.571428571428571,0.0,6.0,lsnm2024_ddos_udp
2024-02-26 12:15:34.000000000,BENIGN,0,1.0,21.0,855.0,4770000000.0,50000000.0,40.714285714285715,0.0,6.0,lsnm2024_ddos_udp
2024-02-26 12:15:34.000000000,BENIGN,0,1.0,25.0,475.0,5695000000.0,50000000.0,19.0,0.0,6.0,lsnm2024_ddos_udp
2024-02-26 12:15:34.000000000,BENIGN,0,1.0,25.0,665.0,8495000000.0,50000000.0,26.6,0.0,6.0,lsnm2024_ddos_udp
2024-02-26 12:15:34.000000000,BENIGN,0,1.0,26.0,1045.0,2350000000.0,50000000.0,40.19230769230769,0.0,6.0,lsnm2024_ddos_udp
2024-02-26 12:15:35.000000000,BENIGN,0,1.0,24.0,380.0,16040000000.0,50000000.0,15.833333333333334,0.0,6.0,lsnm2024_ddos_udp
2024-02-26 12:15:35.000000000,BENIGN,0,1.0,25.0,950.0,4865000000.0,50000000.0,38.0,0.0,6.0,lsnm2024_ddos_udp
2024-02-26 12:15:35.000000000,BENIGN,0,1.0,27.0,570.0,5790000000.0,50000000.0,21.11111111111111,0.0,6.0,lsnm2024_ddos_udp
2024-02-26 12:15:35.000000000,BENIGN,0,1.0,24.0,285.0,10725000000.0,50000000.0,11.875,0.0,6.0,lsnm2024_ddos_udp
2024-02-26 12:15:35.000000000,BENIGN,0,1000000.0,27.0,475.0,5695.0,50.0,17.59259259259259,0.0,6.0,lsnm2024_ddos_udp
2024-02-26 12:15:35.000000000,BENIGN,0,1.0,22.0,1045.0,1045000000.0,50000000.0,47.5,0.0,6.0,lsnm2024_ddos_udp
2024-02-26 12:15:35.000000000,BENIGN,0,1.0,24.0,950.0,3560000000.0,50000000.0,39.583333333333336,0.0,6.0,lsnm2024_ddos_udp
2024-02-26 12:15:35.000000000,BENIGN,0,1.0,24.0,570.0,14925000000.0,50000000.0,23.75,0.0,6.0,lsnm2024_ddos_udp
2024-02-26 12:15:35.000000000,BENIGN,0,1.0,19.0,285.0,10725000000.0,50000000.0,15.0,0.0,6.0,lsnm2024_ddos_udp
2024-02-26 12:15:35.000000000,BENIGN,0,1.0,20.0,95.0,1400000000.0,50000000.0,4.75,0.0,6.0,lsnm2024_ddos_udp
2024-02-26 12:15:35.000000000,BENIGN,0,1.0,25.0,95.0,22280000000.0,50000000.0,3.8,0.0,6.0,lsnm2024_ddos_udp
2024-02-26 12:15:35.000000000,BENIGN,0,1.0,20.0,380.0,9515000000.0,50000000.0,19.0,0.0,6.0,lsnm2024_ddos_udp
2024-02-26 12:15:35.000000000,BENIGN,0,1.0,27.0,475.0,13525000000.0,50000000.0,17.59259259259259,0.0,6.0,lsnm2024_ddos_udp
2024-02-26 12:15:35.000000000,BENIGN,0,1.0,26.0,0.0,27405000000.0,50000000.0,0.0,0.0,6.0,lsnm2024_ddos_udp
2024-02-26 12:15:35.000000000,BENIGN,0,1.0,22.0,570.0,5790000000.0,50000000.0,25.90909090909091,0.0,6.0,lsnm2024_ddos_udp
2024-02-26 12:15:35.000000000,BENIGN,0,1.0,34.0,570.0,1875000000.0,50000000.0,16.764705882352942,0.0,6.0,lsnm2024_ddos_udp
2024-02-26 12:15:35.000000000,BENIGN,0,1.0,25.0,285.0,8115000000.0,50000000.0,11.4,0.0,6.0,lsnm2024_ddos_udp
2024-02-26 12:15:35.000000000,BENIGN,0,1.0,26.0,285.0,12030000000.0,50000000.0,10.961538461538462,0.0,6.0,lsnm2024_ddos_udp
2024-02-26 12:15:35.000000000,BENIGN,0,1.0,26.0,380.0,4295000000.0,50000000.0,14.615384615384615,0.0,6.0,lsnm2024_ddos_udp
2024-02-26 12:15:35.000000000,BENIGN,0,1.0,28.0,475.0,9610000000.0,50000000.0,16.964285714285715,0.0,6.0,lsnm2024_ddos_udp
2024-02-26 12:15:35.000000000,BENIGN,0,1.0,21.0,760.0,5980000000.0,50000000.0,36.19047619047619,0.0,6.0,lsnm2024_ddos_udp
2024-02-26 12:15:35.000000000,BENIGN,0,1.0,28.0,475.0,3085000000.0,50000000.0,16.964285714285715,0.0,6.0,lsnm2024_ddos_udp
2024-02-26 12:15:35.000000000,BENIGN,0,1.0,27.0,285.0,12030000000.0,50000000.0,10.555555555555555,0.0,6.0,lsnm2024_ddos_udp
2024-02-26 12:15:36.000000000,BENIGN,0,1.0,26.0,1140.0,6360000000.0,50000000.0,43.84615384615385,0.0,6.0,lsnm2024_ddos_udp
2024-02-26 12:15:36.000000000,BENIGN,0,1.0,25.0,475.0,5695000000.0,50000000.0,19.0,0.0,6.0,lsnm2024_ddos_udp
2024-02-26 12:15:36.000000000,BENIGN,0,1.0,19.0,0.0,10440000000.0,50000000.0,0.0,0.0,6.0,lsnm2024_ddos_udp
2024-02-26 12:15:36.000000000,BENIGN,0,1.0,24.0,0.0,2610000000.0,50000000.0,0.0,0.0,6.0,lsnm2024_ddos_udp
2024-02-26 12:15:36.000000000,BENIGN,0,1.0,27.0,285.0,12030000000.0,50000000.0,10.555555555555555,0.0,6.0,lsnm2024_ddos_udp
2024-02-26 12:15:36.000000000,BENIGN,0,1.0,17.0,285.0,15945000000.0,50000000.0,16.764705882352942,0.0,6.0,lsnm2024_ddos_udp
2024-02-26 12:15:36.000000000,BENIGN,0,1.0,23.0,190.0,14545000000.0,50000000.0,8.26086956521739,0.0,6.0,lsnm2024_ddos_udp
2024-02-26 12:15:36.000000000,BENIGN,0,1.0,21.0,190.0,14545000000.0,50000000.0,9.047619047619047,0.0,6.0,lsnm2024_ddos_udp
2024-02-26 12:15:36.000000000,BENIGN,0,1.0,9.0,0.0,13050000000.0,50000000.0,0.0,0.0,6.0,lsnm2024_ddos_udp
2024-02-26 12:15:36.000000000,BENIGN,0,1.0,23.0,1045.0,2350000000.0,50000000.0,45.43478260869565,0.0,6.0,lsnm2024_ddos_udp
2024-02-26 12:15:36.000000000,BENIGN,0,1.0,25.0,570.0,5790000000.0,50000000.0,22.8,0.0,6.0,lsnm2024_ddos_udp
2024-02-26 12:15:36.000000000,BENIGN,0,1.0,36.0,475.0,475000000.0,50000000.0,13.194444444444445,0.0,6.0,lsnm2024_ddos_udp
2024-02-26 12:15:36.000000000,BENIGN,0,1.0,25.0,475.0,4390000000.0,50000000.0,19.0,0.0,6.0,lsnm2024_ddos_udp
2024-02-26 12:15:36.000000000,BENIGN,0,1.0,35.0,0.0,6525000000.0,50000000.0,0.0,0.0,6.0,lsnm2024_ddos_udp
2024-02-26 12:15:36.000000000,BENIGN,0,1.0,27.0,285.0,5505000000.0,50000000.0,10.555555555555555,0.0,6.0,lsnm2024_ddos_udp
2024-02-26 12:15:36.000000000,BENIGN,0,1.0,24.0,190.0,10630000000.0,50000000.0,7.916666666666667,0.0,6.0,lsnm2024_ddos_udp
2024-02-26 12:15:36.000000000,BENIGN,0,1.0,28.0,1235.0,1235000000.0,50000000.0,44.107142857142854,0.0,6.0,lsnm2024_ddos_udp
2024-02-26 12:15:36.000000000,BENIGN,0,1.0,25.0,380.0,10820000000.0,50000000.0,15.2,0.0,6.0,lsnm2024_ddos_udp
2024-02-26 12:15:36.000000000,BENIGN,0,1.0,26.0,475.0,10915000000.0,50000000.0,18.26923076923077,0.0,6.0,lsnm2024_ddos_udp
2024-02-26 12:15:37.000000000,BENIGN,0,1.0,21.0,855.0,7380000000.0,50000000.0,40.714285714285715,0.0,6.0,lsnm2024_ddos_udp
2024-02-26 12:15:37.000000000,BENIGN,0,1.0,22.0,475.0,7000000000.0,50000000.0,21.59090909090909,0.0,6.0,lsnm2024_ddos_udp
2024-02-26 12:15:37.000000000,BENIGN,0,1.0,25.0,475.0,10915000000.0,50000000.0,19.0,0.0,6.0,lsnm2024_ddos_udp
2024-02-26 12:15:37.000000000,BENIGN,0,1.0,31.0,665.0,5885000000.0,50000000.0,21.451612903225808,0.0,6.0,lsnm2024_ddos_udp
2024-02-26 12:15:37.000000000,BENIGN,0,1.0,31.0,285.0,4200000000.0,50000000.0,9.193548387096774,0.0,6.0,lsnm2024_ddos_udp
2024-02-26 12:15:37.000000000,BENIGN,0,1.0,29.0,475.0,5695000000.0,50000000.0,16.379310344827587,0.0,6.0,lsnm2024_ddos_udp
2024-02-26 12:15:37.000000000,BENIGN,0,1.0,26.0,570.0,5790000000.0,50000000.0,21.923076923076923,0.0,6.0,lsnm2024_ddos_udp
2024-02-26 12:15:37.000000000,BENIGN,0,1.0,26.0,665.0,9800000000.0,50000000.0,25.576923076923077,0.0,6.0,lsnm2024_ddos_udp
2024-02-26 12:15:37.000000000,BENIGN,0,1.0,28.0,380.0,4295000000.0,50000000.0,13.571428571428571,0.0,6.0,lsnm2024_ddos_udp
2024-02-26 12:15:37.000000000,BENIGN,0,1.0,23.0,190.0,6715000000.0,50000000.0,8.26086956521739,0.0,6.0,lsnm2024_ddos_udp
2024-02-26 12:15:37.000000000,BENIGN,0,1.0,24.0,380.0,4295000000.0,50000000.0,15.833333333333334,0.0,6.0,lsnm2024_ddos_udp
2024-02-26 12:15:37.000000000,BENIGN,0,1.0,23.0,570.0,8400000000.0,50000000.0,24.782608695652176,0.0,6.0,lsnm2024_ddos_udp
2024-02-26 12:15:37.000000000,BENIGN,0,1.0,19.0,190.0,14545000000.0,50000000.0,10.0,0.0,6.0,lsnm2024_ddos_udp
2024-02-26 12:15:37.000000000,BENIGN,0,1.0,23.0,950.0,2255000000.0,50000000.0,41.30434782608695,0.0,6.0,lsnm2024_ddos_udp
2024-02-26 12:15:37.000000000,BENIGN,0,1.0,28.0,0.0,9135000000.0,50000000.0,0.0,0.0,6.0,lsnm2024_ddos_udp
2024-02-26 12:15:37.000000000,BENIGN,0,1.0,29.0,570.0,4485000000.0,50000000.0,19.655172413793103,0.0,6.0,lsnm2024_ddos_udp
2024-02-26 12:15:37.000000000,BENIGN,0,1.0,29.0,285.0,2895000000.0,50000000.0,9.827586206896552,0.0,6.0,lsnm2024_ddos_udp
2024-02-26 12:15:37.000000000,BENIGN,0,1.0,25.0,380.0,4295000000.0,50000000.0,15.2,0.0,6.0,lsnm2024_ddos_udp
2024-02-26 12:15:37.000000000,BENIGN,0,1.0,31.0,475.0,4390000000.0,50000000.0,15.32258064516129,0.0,6.0,lsnm2024_ddos_udp
2024-02-26 12:15:37.000000000,BENIGN,0,1.0,28.0,0.0,9135000000.0,50000000.0,0.0,0.0,6.0,lsnm2024_ddos_udp
2024-02-26 12:15:38.000000000,BENIGN,0,1.0,24.0,475.0,4390000000.0,50000000.0,19.791666666666668,0.0,6.0,lsnm2024_ddos_udp
2024-02-26 12:15:38.000000000,BENIGN,0,1.0,31.0,285.0,6810000000.0,50000000.0,9.193548387096774,0.0,6.0,lsnm2024_ddos_udp
2024-02-26 12:15:38.000000000,BENIGN,0,1000000.0,27.0,95.0,24890.0,50.0,3.5185185185185186,0.0,6.0,lsnm2024_ddos_udp
2024-02-26 12:15:38.000000000,BENIGN,0,1.0,25.0,190.0,10630000000.0,50000000.0,7.6,0.0,6.0,lsnm2024_ddos_udp
2024-02-26 12:15:38.000000000,BENIGN,0,1.0,20.0,475.0,7000000000.0,50000000.0,23.75,0.0,6.0,lsnm2024_ddos_udp
2024-02-26 12:15:38.000000000,BENIGN,0,1.0,18.0,475.0,4390000000.0,50000000.0,26.38888888888889,0.0,6.0,lsnm2024_ddos_udp
2024-02-26 12:15:38.000000000,BENIGN,0,1.0,24.0,285.0,6810000000.0,50000000.0,11.875,0.0,6.0,lsnm2024_ddos_udp
2024-02-26 12:15:38.000000000,BENIGN,0,1.0,27.0,285.0,12030000000.0,50000000.0,10.555555555555555,0.0,6.0,lsnm2024_ddos_udp
2024-02-26 12:15:38.000000000,BENIGN,0,1.0,26.0,285.0,13335000000.0,50000000.0,10.961538461538462,0.0,6.0,lsnm2024_ddos_udp
2024-02-26 12:15:38.000000000,BENIGN,0,1.0,22.0,570.0,570000000.0,50000000.0,25.90909090909091,0.0,6.0,lsnm2024_ddos_udp
2024-02-26 12:15:38.000000000,BENIGN,0,1.0,22.0,380.0,10820000000.0,50000000.0,17.272727272727273,0.0,6.0,lsnm2024_ddos_udp
2024-02-26 12:15:38.000000000,BENIGN,0,1.0,27.0,570.0,5790000000.0,50000000.0,21.11111111111111,0.0,6.0,lsnm2024_ddos_udp
2024-02-26 12:15:38.000000000,BENIGN,0,1.0,21.0,285.0,285000000.0,50000000.0,13.571428571428571,0.0,6.0,lsnm2024_ddos_udp
2024-02-26 12:15:38.000000000,BENIGN,0,1.0,26.0,190.0,11935000000.0,50000000.0,7.3076923076923075,0.0,6.0,lsnm2024_ddos_udp
2024-02-26 12:15:38.000000000,BENIGN,0,1.0,29.0,190.0,2800000000.0,50000000.0,6.551724137931035,0.0,6.0,lsnm2024_ddos_udp
2024-02-26 12:15:38.000000000,BENIGN,0,1.0,25.0,475.0,12220000000.0,50000000.0,19.0,0.0,6.0,lsnm2024_ddos_udp
2024-02-26 12:15:38.000000000,BENIGN,0,1.0,17.0,190.0,4105000000.0,50000000.0,11.176470588235293,0.0,6.0,lsnm2024_ddos_udp
2024-02-26 12:15:38.000000000,BENIGN,0,1.0,28.0,380.0,8210000000.0,50000000.0,13.571428571428571,0.0,6.0,lsnm2024_ddos_udp
2024-02-26 12:15:38.000000000,BENIGN,0,1.0,18.0,285.0,2895000000.0,50000000.0,15.833333333333334,0.0,6.0,lsnm2024_ddos_udp
2024-02-26 12:15:38.000000000,BENIGN,0,1.0,23.0,95.0,4010000000.0,50000000.0,4.130434782608695,0.0,6.0,lsnm2024_ddos_udp
2024-02-26 12:15:38.000000000,BENIGN,0,1.0,24.0,285.0,9420000000.0,50000000.0,11.875,0.0,6.0,lsnm2024_ddos_udp
2024-02-26 12:15:38.000000000,BENIGN,0,1.0,25.0,95.0,15755000000.0,50000000.0,3.8,0.0,6.0,lsnm2024_ddos_udp
2024-02-26 12:15:39.000000000,BENIGN,0,1.0,26.0,380.0,10820000000.0,50000000.0,14.615384615384615,0.0,6.0,lsnm2024_ddos_udp
2024-02-26 12:15:39.000000000,BENIGN,0,1.0,30.0,855.0,2160000000.0,50000000.0,28.5,0.0,6.0,lsnm2024_ddos_udp
2024-02-26 12:15:39.000000000,BENIGN,0,1.0,26.0,570.0,7095000000.0,50000000.0,21.923076923076923,0.0,6.0,lsnm2024_ddos_udp
2024-02-26 12:15:39.000000000,BENIGN,0,1.0,24.0,570.0,7095000000.0,50000000.0,23.75,0.0,6.0,lsnm2024_ddos_udp
2024-02-26 12:15:39.000000000,BENIGN,0,1.0,26.0,95.0,9230000000.0,50000000.0,3.6538461538461537,0.0,6.0,lsnm2024_ddos_udp
2024-02-26 12:15:39.000000000,BENIGN,0,1.0,22.0,1045.0,1045000000.0,50000000.0,47.5,0.0,6.0,lsnm2024_ddos_udp
2024-02-26 12:15:39.000000000,BENIGN,0,1.0,24.0,760.0,2065000000.0,50000000.0,31.666666666666668,0.0,6.0,lsnm2024_ddos_udp
2024-02-26 12:15:39.000000000,BENIGN,0,1.0,28.0,855.0,2160000000.0,50000000.0,30.535714285714285,0.0,6.0,lsnm2024_ddos_udp
2024-02-26 12:15:39.000000000,BENIGN,0,1.0,24.0,285.0,6810000000.0,50000000.0,11.875,0.0,6.0,lsnm2024_ddos_udp
2024-02-26 12:15:39.000000000,BENIGN,0,1.0,20.0,95.0,15755000000.0,50000000.0,4.75,0.0,6.0,lsnm2024_ddos_udp
2024-02-26 12:15:39.000000000,BENIGN,0,1.0,19.0,665.0,3275000000.0,50000000.0,35.0,0.0,6.0,lsnm2024_ddos_udp
2024-02-26 12:15:39.000000000,BENIGN,0,1.0,30.0,570.0,8400000000.0,50000000.0,19.0,0.0,6.0,lsnm2024_ddos_udp
2024-02-26 12:15:39.000000000,BENIGN,0,1.0,18.0,380.0,14735000000.0,50000000.0,21.11111111111111,0.0,6.0,lsnm2024_ddos_udp
2024-02-26 12:15:39.000000000,BENIGN,0,1.0,21.0,570.0,9705000000.0,50000000.0,27.142857142857142,0.0,6.0,lsnm2024_ddos_udp
2024-02-26 12:15:39.000000000,BENIGN,0,1.0,21.0,285.0,13335000000.0,50000000.0,13.571428571428571,0.0,6.0,lsnm2024_ddos_udp
2024-02-26 12:15:39.000000000,BENIGN,0,1.0,30.0,285.0,4200000000.0,50000000.0,9.5,0.0,6.0,lsnm2024_ddos_udp
2024-02-26 12:15:39.000000000,BENIGN,0,1.0,26.0,475.0,7000000000.0,50000000.0,18.26923076923077,0.0,6.0,lsnm2024_ddos_udp
2024-02-26 12:15:39.000000000,BENIGN,0,1.0,25.0,950.0,4865000000.0,50000000.0,38.0,0.0,6.0,lsnm2024_ddos_udp
2024-02-26 12:15:39.000000000,BENIGN,0,1.0,30.0,475.0,7000000000.0,50000000.0,15.833333333333334,0.0,6.0,lsnm2024_ddos_udp
2024-02-26 12:15:39.000000000,BENIGN,0,1.0,27.0,570.0,4485000000.0,50000000.0,21.11111111111111,0.0,6.0,lsnm2024_ddos_udp
2024-02-26 12:15:39.000000000,BENIGN,0,1.0,27.0,475.0,12220000000.0,50000000.0,17.59259259259259,0.0,6.0,lsnm2024_ddos_udp
2024-02-26 12:15:39.000000000,BENIGN,0,1.0,23.0,570.0,1875000000.0,50000000.0,24.782608695652176,0.0,6.0,lsnm2024_ddos_udp
2024-02-26 12:15:39.000000000,BENIGN,0,1.0,23.0,285.0,4200000000.0,50000000.0,12.391304347826088,0.0,6.0,lsnm2024_ddos_udp
2024-02-26 12:15:39.000000000,BENIGN,0,1.0,23.0,285.0,6810000000.0,50000000.0,12.391304347826088,0.0,6.0,lsnm2024_ddos_udp
2024-02-26 12:15:39.000000000,BENIGN,0,1.0,27.0,665.0,4580000000.0,50000000.0,24.62962962962963,0.0,6.0,lsnm2024_ddos_udp
2024-02-26 12:15:39.000000000,BENIGN,0,1.0,37.0,190.0,6715000000.0,50000000.0,5.135135135135135,0.0,6.0,lsnm2024_ddos_udp
2024-02-26 12:15:39.000000000,BENIGN,0,1.0,31.0,475.0,13525000000.0,50000000.0,15.32258064516129,0.0,6.0,lsnm2024_ddos_udp
2024-02-26 12:15:39.000000000,BENIGN,0,1.0,26.0,380.0,4295000000.0,50000000.0,14.615384615384615,0.0,6.0,lsnm2024_ddos_udp
2024-02-26 12:15:39.000000000,BENIGN,0,1.0,28.0,380.0,10820000000.0,50000000.0,13.571428571428571,0.0,6.0,lsnm2024_ddos_udp
2024-02-26 12:15:39.000000000,BENIGN,0,1.0,28.0,570.0,8400000000.0,50000000.0,20.357142857142858,0.0,6.0,lsnm2024_ddos_udp
2024-02-26 12:15:39.000000000,BENIGN,0,1.0,28.0,475.0,5695000000.0,50000000.0,16.964285714285715,0.0,6.0,lsnm2024_ddos_udp
2024-02-26 12:15:39.000000000,BENIGN,0,1.0,26.0,285.0,5505000000.0,50000000.0,10.961538461538462,0.0,6.0,lsnm2024_ddos_udp
2024-02-26 12:15:40.000000000,BENIGN,0,1.0,26.0,1235.0,1235000000.0,50000000.0,47.5,0.0,6.0,lsnm2024_ddos_udp
2024-02-26 12:15:40.000000000,BENIGN,0,1.0,18.0,475.0,3085000000.0,50000000.0,26.38888888888889,0.0,6.0,lsnm2024_ddos_udp
2024-02-26 12:15:40.000000000,BENIGN,0,1.0,26.0,665.0,7190000000.0,50000000.0,25.576923076923077,0.0,6.0,lsnm2024_ddos_udp
2024-02-26 12:15:40.000000000,BENIGN,0,1.0,24.0,570.0,7095000000.0,50000000.0,23.75,0.0,6.0,lsnm2024_ddos_udp
2024-02-26 12:15:40.000000000,BENIGN,0,1.0,27.0,665.0,3275000000.0,50000000.0,24.62962962962963,0.0,6.0,lsnm2024_ddos_udp
2024-02-26 12:15:40.000000000,BENIGN,0,1.0,28.0,570.0,4485000000.0,50000000.0,20.357142857142858,0.0,6.0,lsnm2024_ddos_udp
2024-02-26 12:15:40.000000000,BENIGN,0,1.0,19.0,285.0,1590000000.0,50000000.0,15.0,0.0,6.0,lsnm2024_ddos_udp
2024-02-26 12:15:40.000000000,BENIGN,0,1.0,22.0,855.0,855000000.0,50000000.0,38.86363636363637,0.0,6.0,lsnm2024_ddos_udp
2024-02-26 12:15:40.000000000,BENIGN,0,1.0,22.0,475.0,4390000000.0,50000000.0,21.59090909090909,0.0,6.0,lsnm2024_ddos_udp
2024-02-26 12:15:40.000000000,BENIGN,0,1.0,18.0,380.0,2990000000.0,50000000.0,21.11111111111111,0.0,6.0,lsnm2024_ddos_udp
2024-02-26 12:15:40.000000000,BENIGN,0,1.0,26.0,285.0,6810000000.0,50000000.0,10.961538461538462,0.0,6.0,lsnm2024_ddos_udp
2024-02-26 12:15:40.000000000,BENIGN,0,1.0,25.0,665.0,3275000000.0,50000000.0,26.6,0.0,6.0,lsnm2024_ddos_udp
2024-02-26 12:15:41.000000000,BENIGN,0,1.0,29.0,1045.0,1045000000.0,50000000.0,36.03448275862069,0.0,6.0,lsnm2024_ddos_udp
2024-02-26 12:15:41.000000000,BENIGN,0,1.0,28.0,570.0,3180000000.0,50000000.0,20.357142857142858,0.0,6.0,lsnm2024_ddos_udp
2024-02-26 12:15:41.000000000,BENIGN,0,1.0,22.0,475.0,4390000000.0,50000000.0,21.59090909090909,0.0,6.0,lsnm2024_ddos_udp
2024-02-26 12:15:41.000000000,BENIGN,0,1.0,28.0,95.0,4010000000.0,50000000.0,3.392857142857143,0.0,6.0,lsnm2024_ddos_udp
2024-02-26 12:15:41.000000000,BENIGN,0,1.0,30.0,95.0,1400000000.0,50000000.0,3.1666666666666665,0.0,6.0,lsnm2024_ddos_udp
2024-02-26 12:15:41.000000000,BENIGN,0,1.0,30.0,190.0,14545000000.0,50000000.0,6.333333333333333,0.0,6.0,lsnm2024_ddos_udp
2024-02-26 12:15:41.000000000,BENIGN,0,1.0,32.0,760.0,3370000000.0,50000000.0,23.75,0.0,6.0,lsnm2024_ddos_udp
2024-02-26 12:15:41.000000000,BENIGN,0,1.0,31.0,285.0,2895000000.0,50000000.0,9.193548387096774,0.0,6.0,lsnm2024_ddos_udp
2024-02-26 12:15:41.000000000,BENIGN,0,1.0,25.0,570.0,4485000000.0,50000000.0,22.8,0.0,6.0,lsnm2024_ddos_udp
2024-02-26 12:15:41.000000000,BENIGN,0,1.0,31.0,570.0,4485000000.0,50000000.0,18.387096774193548,0.0,6.0,lsnm2024_ddos_udp
2024-02-26 12:15:41.000000000,BENIGN,0,1.0,22.0,475.0,8305000000.0,50000000.0,21.59090909090909,0.0,6.0,lsnm2024_ddos_udp
2024-02-26 12:15:41.000000000,BENIGN,0,1.0,28.0,0.0,7830000000.0,50000000.0,0.0,0.0,6.0,lsnm2024_ddos_udp
2024-02-26 12:15:41.000000000,BENIGN,0,1.0,23.0,95.0,14450000000.0,50000000.0,4.130434782608695,0.0,6.0,lsnm2024_ddos_udp
2024-02-26 12:15:42.000000000,BENIGN,0,1.0,28.0,380.0,4295000000.0,50000000.0,13.571428571428571,0.0,6.0,lsnm2024_ddos_udp
2024-02-26 12:15:42.000000000,BENIGN,0,1.0,26.0,0.0,10440000000.0,50000000.0,0.0,0.0,6.0,lsnm2024_ddos_udp
2024-02-26 12:15:42.000000000,BENIGN,0,1.0,25.0,380.0,9515000000.0,50000000.0,15.2,0.0,6.0,lsnm2024_ddos_udp
2024-02-26 12:15:42.000000000,BENIGN,0,1.0,26.0,475.0,8305000000.0,50000000.0,18.26923076923077,0.0,6.0,lsnm2024_ddos_udp
2024-02-26 12:15:42.000000000,BENIGN,0,1.0,16.0,380.0,19955000000.0,50000000.0,23.75,0.0,6.0,lsnm2024_ddos_udp
2024-02-26 12:15:42.000000000,BENIGN,0,1.0,24.0,380.0,14735000000.0,50000000.0,15.833333333333334,0.0,6.0,lsnm2024_ddos_udp
2024-02-26 12:15:42.000000000,BENIGN,0,1.0,26.0,475.0,5695000000.0,50000000.0,18.26923076923077,0.0,6.0,lsnm2024_ddos_udp
2024-02-26 12:15:42.000000000,BENIGN,0,1.0,26.0,285.0,2895000000.0,50000000.0,10.961538461538462,0.0,6.0,lsnm2024_ddos_udp
2024-02-26 12:15:42.000000000,BENIGN,0,1.0,28.0,665.0,5885000000.0,50000000.0,23.75,0.0,6.0,lsnm2024_ddos_udp
2024-02-26 12:15:42.000000000,BENIGN,0,1.0,24.0,380.0,5600000000.0,50000000.0,15.833333333333334,0.0,6.0,lsnm2024_ddos_udp
2024-02-26 12:15:42.000000000,BENIGN,0,1.0,24.0,950.0,4865000000.0,50000000.0,39.583333333333336,0.0,6.0,lsnm2024_ddos_udp
2024-02-26 12:15:42.000000000,BENIGN,0,1.0,29.0,95.0,6620000000.0,50000000.0,3.2758620689655173,0.0,6.0,lsnm2024_ddos_udp
2024-02-26 12:15:42.000000000,BENIGN,0,1.0,27.0,475.0,475000000.0,50000000.0,17.59259259259259,0.0,6.0,lsnm2024_ddos_udp
2024-02-26 12:15:42.000000000,BENIGN,0,1.0,30.0,475.0,7000000000.0,50000000.0,15.833333333333334,0.0,6.0,lsnm2024_ddos_udp
2024-02-26 12:15:42.000000000,BENIGN,0,1.0,21.0,475.0,5695000000.0,50000000.0,22.61904761904762,0.0,6.0,lsnm2024_ddos_udp
2024-02-26 12:15:42.000000000,BENIGN,0,1.0,20.0,190.0,17155000000.0,50000000.0,9.5,0.0,6.0,lsnm2024_ddos_udp
2024-02-26 12:15:42.000000000,BENIGN,0,1.0,24.0,760.0,11200000000.0,50000000.0,31.666666666666668,0.0,6.0,lsnm2024_ddos_udp
2024-02-26 12:15:42.000000000,BENIGN,0,1.0,26.0,570.0,5790000000.0,50000000.0,21.923076923076923,0.0,6.0,lsnm2024_ddos_udp
2024-02-26 12:15:42.000000000,BENIGN,0,1.0,21.0,285.0,10725000000.0,50000000.0,13.571428571428571,0.0,6.0,lsnm2024_ddos_udp
2024-02-26 12:15:42.000000000,BENIGN,0,1.0,20.0,665.0,5885000000.0,50000000.0,33.25,0.0,6.0,lsnm2024_ddos_udp
2024-02-26 12:15:42.000000000,BENIGN,0,1.0,23.0,475.0,9610000000.0,50000000.0,20.652173913043477,0.0,6.0,lsnm2024_ddos_udp
2024-02-26 12:15:42.000000000,BENIGN,0,1.0,31.0,665.0,5885000000.0,50000000.0,21.451612903225808,0.0,6.0,lsnm2024_ddos_udp
2024-02-26 12:15:43.000000000,BENIGN,0,1.0,26.0,760.0,3370000000.0,50000000.0,29.23076923076923,0.0,6.0,lsnm2024_ddos_udp
2024-02-26 12:15:43.000000000,BENIGN,0,1.0,6.0,0.0,22185000000.0,50000000.0,0.0,0.0,6.0,lsnm2024_ddos_udp
2024-02-26 12:15:43.000000000,BENIGN,0,1.0,27.0,475.0,8305000000.0,50000000.0,17.59259259259259,0.0,6.0,lsnm2024_ddos_udp
2024-02-26 12:15:43.000000000,BENIGN,0,1.0,24.0,1045.0,1045000000.0,50000000.0,43.541666666666664,0.0,6.0,lsnm2024_ddos_udp
2024-02-26 12:15:43.000000000,BENIGN,0,1.0,19.0,665.0,9800000000.0,50000000.0,35.0,0.0,6.0,lsnm2024_ddos_udp
2024-02-26 12:15:43.000000000,BENIGN,0,1.0,36.0,380.0,8210000000.0,50000000.0,10.555555555555555,0.0,6.0,lsnm2024_ddos_udp
2024-02-26 12:15:43.000000000,BENIGN,0,1.0,21.0,855.0,4770000000.0,50000000.0,40.714285714285715,0.0,6.0,lsnm2024_ddos_udp
2024-02-26 12:15:43.000000000,BENIGN,0,1.0,35.0,285.0,9420000000.0,50000000.0,8.142857142857142,0.0,6.0,lsnm2024_ddos_udp
2024-02-26 12:15:43.000000000,BENIGN,0,1.0,27.0,285.0,15945000000.0,50000000.0,10.555555555555555,0.0,6.0,lsnm2024_ddos_udp
2024-02-26 12:15:43.000000000,BENIGN,0,1.0,31.0,0.0,2610000000.0,50000000.0,0.0,0.0,6.0,lsnm2024_ddos_udp
2024-02-26 12:15:43.000000000,BENIGN,0,1.0,26.0,285.0,12030000000.0,50000000.0,10.961538461538462,0.0,6.0,lsnm2024_ddos_udp
2024-02-26 12:15:43.000000000,BENIGN,0,1.0,29.0,380.0,2990000000.0,50000000.0,13.10344827586207,0.0,6.0,lsnm2024_ddos_udp
2024-02-26 12:15:43.000000000,BENIGN,0,1.0,32.0,570.0,9705000000.0,50000000.0,17.8125,0.0,6.0,lsnm2024_ddos_udp
2024-02-26 12:15:43.000000000,BENIGN,0,1.0,23.0,190.0,8020000000.0,50000000.0,8.26086956521739,0.0,6.0,lsnm2024_ddos_udp
2024-02-26 12:15:43.000000000,BENIGN,0,1.0,34.0,475.0,475000000.0,50000000.0,13.970588235294118,0.0,6.0,lsnm2024_ddos_udp
2024-02-26 12:15:43.000000000,BENIGN,0,1.0,30.0,570.0,9705000000.0,50000000.0,19.0,0.0,6.0,lsnm2024_ddos_udp
2024-02-26 12:15:43.000000000,BENIGN,0,1.0,21.0,190.0,9325000000.0,50000000.0,9.047619047619047,0.0,6.0,lsnm2024_ddos_udp
2024-02-26 12:15:43.000000000,BENIGN,0,1.0,23.0,665.0,665000000.0,50000000.0,28.91304347826087,0.0,6.0,lsnm2024_ddos_udp
2024-02-26 12:15:43.000000000,BENIGN,0,1.0,29.0,950.0,950000000.0,50000000.0,32.758620689655174,0.0,6.0,lsnm2024_ddos_udp
2024-02-26 12:15:43.000000000,BENIGN,0,1.0,22.0,285.0,8115000000.0,50000000.0,12.954545454545455,0.0,6.0,lsnm2024_ddos_udp
2024-02-26 12:15:43.000000000,BENIGN,0,1.0,27.0,570.0,7095000000.0,50000000.0,21.11111111111111,0.0,6.0,lsnm2024_ddos_udp
2024-02-26 12:15:43.000000000,BENIGN,0,1.0,18.0,475.0,475000000.0,50000000.0,26.38888888888889,0.0,6.0,lsnm2024_ddos_udp
2024-02-26 12:15:43.000000000,BENIGN,0,1.0,17.0,475.0,12220000000.0,50000000.0,27.941176470588236,0.0,6.0,lsnm2024_ddos_udp
2024-02-26 12:15:43.000000000,BENIGN,0,1.0,23.0,475.0,10915000000.0,50000000.0,20.652173913043477,0.0,6.0,lsnm2024_ddos_udp
2024-02-26 12:15:43.000000000,BENIGN,0,1.0,25.0,95.0,19670000000.0,50000000.0,3.8,0.0,6.0,lsnm2024_ddos_udp
2024-02-26 12:15:43.000000000,BENIGN,0,1.0,32.0,190.0,6715000000.0,50000000.0,5.9375,0.0,6.0,lsnm2024_ddos_udp
2024-02-26 12:15:43.000000000,BENIGN,0,1.0,28.0,855.0,855000000.0,50000000.0,30.535714285714285,0.0,6.0,lsnm2024_ddos_udp
2024-02-26 12:15:43.000000000,BENIGN,0,1.0,20.0,760.0,760000000.0,50000000.0,38.0,0.0,6.0,lsnm2024_ddos_udp
2024-02-26 12:15:43.000000000,BENIGN,0,1.0,20.0,285.0,5505000000.0,50000000.0,14.25,0.0,6.0,lsnm2024_ddos_udp
2024-02-26 12:15:43.000000000,BENIGN,0,1.0,16.0,665.0,665000000.0,50000000.0,41.5625,0.0,6.0,lsnm2024_ddos_udp
2024-02-26 12:15:43.000000000,BENIGN,0,1.0,24.0,285.0,12030000000.0,50000000.0,11.875,0.0,6.0,lsnm2024_ddos_udp
2024-02-26 12:15:43.000000000,BENIGN,0,1.0,28.0,855.0,855000000.0,50000000.0,30.535714285714285,0.0,6.0,lsnm2024_ddos_udp
2024-02-26 12:15:43.000000000,BENIGN,0,1.0,24.0,475.0,5695000000.0,50000000.0,19.791666666666668,0.0,6.0,lsnm2024_ddos_udp
2024-02-26 12:15:43.000000000,BENIGN,0,1.0,29.0,665.0,1970000000.0,50000000.0,22.93103448275862,0.0,6.0,lsnm2024_ddos_udp
2024-02-26 12:15:44.000000000,BENIGN,0,1.0,27.0,760.0,760000000.0,50000000.0,28.14814814814815,0.0,6.0,lsnm2024_ddos_udp
2024-02-26 12:15:44.000000000,BENIGN,0,1.0,19.0,475.0,1780000000.0,50000000.0,25.0,0.0,6.0,lsnm2024_ddos_udp
2024-02-26 12:15:44.000000000,BENIGN,0,1.0,23.0,760.0,9895000000.0,50000000.0,33.04347826086956,0.0,6.0,lsnm2024_ddos_udp
2024-02-26 12:15:44.000000000,BENIGN,0,1.0,17.0,380.0,6905000000.0,50000000.0,22.352941176470587,0.0,6.0,lsnm2024_ddos_udp
2024-02-26 12:15:44.000000000,BENIGN,0,1.0,20.0,95.0,11840000000.0,50000000.0,4.75,0.0,6.0,lsnm2024_ddos_udp
2024-02-26 12:15:44.000000000,BENIGN,0,1.0,26.0,285.0,9420000000.0,50000000.0,10.961538461538462,0.0,6.0,lsnm2024_ddos_udp
2024-02-26 12:15:44.000000000,BENIGN,0,1.0,20.0,95.0,31415000000.0,50000000.0,4.75,0.0,6.0,lsnm2024_ddos_udp
2024-02-26 12:15:44.000000000,BENIGN,0,1.0,23.0,190.0,11935000000.0,50000000.0,8.26086956521739,0.0,6.0,lsnm2024_ddos_udp
2024-02-26 12:15:44.000000000,BENIGN,0,1.0,28.0,95.0,14450000000.0,50000000.0,3.392857142857143,0.0,6.0,lsnm2024_ddos_udp
2024-02-26 12:15:44.000000000,BENIGN,0,1.0,30.0,570.0,5790000000.0,50000000.0,19.0,0.0,6.0,lsnm2024_ddos_udp
2024-02-26 12:15:44.000000000,BENIGN,0,1.0,34.0,950.0,3560000000.0,50000000.0,27.941176470588236,0.0,6.0,lsnm2024_ddos_udp
2024-02-26 12:15:44.000000000,BENIGN,0,1.0,28.0,285.0,10725000000.0,50000000.0,10.178571428571429,0.0,6.0,lsnm2024_ddos_udp
2024-02-26 12:15:44.000000000,BENIGN,0,1.0,27.0,95.0,14450000000.0,50000000.0,3.5185185185185186,0.0,6.0,lsnm2024_ddos_udp
2024-02-26 12:15:44.000000000,BENIGN,0,1.0,26.0,285.0,5505000000.0,50000000.0,10.961538461538462,0.0,6.0,lsnm2024_ddos_udp
2024-02-26 12:15:44.000000000,BENIGN,0,1.0,23.0,190.0,17155000000.0,50000000.0,8.26086956521739,0.0,6.0,lsnm2024_ddos_udp
2024-02-26 12:15:44.000000000,BENIGN,0,1.0,32.0,855.0,855000000.0,50000000.0,26.71875,0.0,6.0,lsnm2024_ddos_udp
2024-02-26 12:15:44.000000000,BENIGN,0,1.0,23.0,475.0,7000000000.0,50000000.0,20.652173913043477,0.0,6.0,lsnm2024_ddos_udp
2024-02-26 12:15:44.000000000,BENIGN,0,1.0,34.0,380.0,10820000000.0,50000000.0,11.176470588235293,0.0,6.0,lsnm2024_ddos_udp
2024-02-26 12:15:44.000000000,BENIGN,0,1.0,24.0,285.0,9420000000.0,50000000.0,11.875,0.0,6.0,lsnm2024_ddos_udp
2024-02-26 12:15:44.000000000,BENIGN,0,1.0,24.0,760.0,2065000000.0,50000000.0,31.666666666666668,0.0,6.0,lsnm2024_ddos_udp
2024-02-26 12:15:44.000000000,BENIGN,0,1.0,23.0,760.0,2065000000.0,50000000.0,33.04347826086956,0.0,6.0,lsnm2024_ddos_udp
2024-02-26 12:15:44.000000000,BENIGN,0,1.0,37.0,855.0,855000000.0,50000000.0,23.10810810810811,0.0,6.0,lsnm2024_ddos_udp
2024-02-26 12:15:44.000000000,BENIGN,0,1.0,20.0,95.0,7925000000.0,50000000.0,4.75,0.0,6.0,lsnm2024_ddos_udp
2024-02-26 12:15:44.000000000,BENIGN,0,1.0,24.0,285.0,5505000000.0,50000000.0,11.875,0.0,6.0,lsnm2024_ddos_udp
2024-02-26 12:15:44.000000000,BENIGN,0,1.0,32.0,380.0,1685000000.0,50000000.0,11.875,0.0,6.0,lsnm2024_ddos_udp
2024-02-26 12:15:44.000000000,BENIGN,0,1.0,20.0,950.0,2255000000.0,50000000.0,47.5,0.0,6.0,lsnm2024_ddos_udp
2024-02-26 12:15:44.000000000,BENIGN,0,1.0,27.0,475.0,8305000000.0,50000000.0,17.59259259259259,0.0,6.0,lsnm2024_ddos_udp
2024-02-26 12:15:44.000000000,BENIGN,0,1.0,25.0,570.0,7095000000.0,50000000.0,22.8,0.0,6.0,lsnm2024_ddos_udp
2024-02-26 12:15:44.000000000,BENIGN,0,1.0,28.0,570.0,13620000000.0,50000000.0,20.357142857142858,0.0,6.0,lsnm2024_ddos_udp
2024-02-26 12:15:44.000000000,BENIGN,0,1.0,25.0,665.0,8495000000.0,50000000.0,26.6,0.0,6.0,lsnm2024_ddos_udp
2024-02-26 12:15:45.000000000,BENIGN,0,1.0,24.0,0.0,5220000000.0,50000000.0,0.0,0.0,6.0,lsnm2024_ddos_udp
2024-02-26 12:15:45.000000000,BENIGN,0,1.0,25.0,475.0,12220000000.0,50000000.0,19.0,0.0,6.0,lsnm2024_ddos_udp
2024-02-26 12:15:45.000000000,BENIGN,0,1.0,24.0,570.0,570000000.0,50000000.0,23.75,0.0,6.0,lsnm2024_ddos_udp
2024-02-26 12:15:45.000000000,BENIGN,0,1.0,25.0,190.0,5410000000.0,50000000.0,7.6,0.0,6.0,lsnm2024_ddos_udp
2024-02-26 12:15:45.000000000,BENIGN,0,1.0,25.0,380.0,6905000000.0,50000000.0,15.2,0.0,6.0,lsnm2024_ddos_udp
2024-02-26 12:15:45.000000000,BENIGN,0,1.0,25.0,95.0,10535000000.0,50000000.0,3.8,0.0,6.0,lsnm2024_ddos_udp
2024-02-26 12:15:45.000000000,BENIGN,0,1.0,27.0,190.0,8020000000.0,50000000.0,7.037037037037037,0.0,6.0,lsnm2024_ddos_udp
2024-02-26 12:15:45.000000000,BENIGN,0,1.0,30.0,475.0,4390000000.0,50000000.0,15.833333333333334,0.0,6.0,lsnm2024_ddos_udp
2024-02-26 12:15:45.000000000,BENIGN,0,1.0,19.0,665.0,665000000.0,50000000.0,35.0,0.0,6.0,lsnm2024_ddos_udp
2024-02-26 12:15:45.000000000,BENIGN,0,1.0,20.0,665.0,18935000000.0,50000000.0,33.25,0.0,6.0,lsnm2024_ddos_udp
2024-02-26 12:15:45.000000000,BENIGN,0,1.0,20.0,570.0,4485000000.0,50000000.0,28.5,0.0,6.0,lsnm2024_ddos_udp
2024-02-26 12:15:45.000000000,BENIGN,0,1.0,27.0,570.0,570000000.0,50000000.0,21.11111111111111,0.0,6.0,lsnm2024_ddos_udp
2024-02-26 12:15:45.000000000,BENIGN,0,1.0,26.0,760.0,3370000000.0,50000000.0,29.23076923076923,0.0,6.0,lsnm2024_ddos_udp
2024-02-26 12:15:45.000000000,BENIGN,0,1.0,26.0,570.0,1875000000.0,50000000.0,21.923076923076923,0.0,6.0,lsnm2024_ddos_udp
2024-02-26 12:15:45.000000000,BENIGN,0,1.0,29.0,855.0,855000000.0,50000000.0,29.482758620689655,0.0,6.0,lsnm2024_ddos_udp
2024-02-26 12:15:45.000000000,BENIGN,0,1.0,30.0,95.0,13145000000.0,50000000.0,3.1666666666666665,0.0,6.0,lsnm2024_ddos_udp
2024-02-26 12:15:45.000000000,BENIGN,0,1.0,28.0,760.0,4675000000.0,50000000.0,27.142857142857142,0.0,6.0,lsnm2024_ddos_udp
2024-02-26 12:15:45.000000000,BENIGN,0,1.0,23.0,665.0,5885000000.0,50000000.0,28.91304347826087,0.0,6.0,lsnm2024_ddos_udp
2024-02-26 12:15:45.000000000,BENIGN,0,1.0,25.0,475.0,7000000000.0,50000000.0,19.0,0.0,6.0,lsnm2024_ddos_udp
2024-02-26 12:15:45.000000000,BENIGN,0,1.0,25.0,950.0,2255000000.0,50000000.0,38.0,0.0,6.0,lsnm2024_ddos_udp
2024-02-26 12:15:45.000000000,BENIGN,0,1.0,30.0,760.0,9895000000.0,50000000.0,25.333333333333332,0.0,6.0,lsnm2024_ddos_udp
2024-02-26 12:15:45.000000000,BENIGN,0,1.0,23.0,760.0,2065000000.0,50000000.0,33.04347826086956,0.0,6.0,lsnm2024_ddos_udp
2024-02-26 12:15:45.000000000,BENIGN,0,1000000.0,23.0,285.0,5505.0,50.0,12.391304347826088,0.0,6.0,lsnm2024_ddos_udp
2024-02-26 12:15:46.000000000,BENIGN,0,1.0,22.0,475.0,4390000000.0,50000000.0,21.59090909090909,0.0,6.0,lsnm2024_ddos_udp
2024-02-26 12:15:46.000000000,BENIGN,0,1.0,31.0,95.0,5315000000.0,50000000.0,3.064516129032258,0.0,6.0,lsnm2024_ddos_udp
2024-02-26 12:15:46.000000000,BENIGN,0,1.0,39.0,380.0,6905000000.0,50000000.0,9.743589743589743,0.0,6.0,lsnm2024_ddos_udp
2024-02-26 12:15:46.000000000,BENIGN,0,1.0,31.0,570.0,5790000000.0,50000000.0,18.387096774193548,0.0,6.0,lsnm2024_ddos_udp
2024-02-26 12:15:46.000000000,BENIGN,0,1.0,33.0,0.0,1305000000.0,50000000.0,0.0,0.0,6.0,lsnm2024_ddos_udp
2024-02-26 12:15:46.000000000,BENIGN,0,1.0,21.0,0.0,6525000000.0,50000000.0,0.0,0.0,6.0,lsnm2024_ddos_udp
2024-02-26 12:15:46.000000000,BENIGN,0,1.0,27.0,665.0,9800000000.0,50000000.0,24.62962962962963,0.0,6.0,lsnm2024_ddos_udp
2024-02-26 12:15:46.000000000,BENIGN,0,1.0,32.0,190.0,190000000.0,50000000.0,5.9375,0.0,6.0,lsnm2024_ddos_udp
2024-02-26 12:15:46.000000000,BENIGN,0,1.0,27.0,950.0,950000000.0,50000000.0,35.18518518518518,0.0,6.0,lsnm2024_ddos_udp
2024-02-26 12:15:46.000000000,BENIGN,0,1.0,28.0,950.0,8780000000.0,50000000.0,33.92857142857143,0.0,6.0,lsnm2024_ddos_udp
2024-02-26 12:15:46.000000000,BENIGN,0,1.0,31.0,0.0,1305000000.0,50000000.0,0.0,0.0,6.0,lsnm2024_ddos_udp
2024-02-26 12:15:46.000000000,BENIGN,0,1.0,29.0,665.0,7190000000.0,50000000.0,22.93103448275862,0.0,6.0,lsnm2024_ddos_udp
2024-02-26 12:15:47.000000000,BENIGN,0,1.0,26.0,475.0,8305000000.0,50000000.0,18.26923076923077,0.0,6.0,lsnm2024_ddos_udp
2024-02-26 12:15:47.000000000,BENIGN,0,1.0,24.0,760.0,760000000.0,50000000.0,31.666666666666668,0.0,6.0,lsnm2024_ddos_udp
2024-02-26 12:15:47.000000000,BENIGN,0,1.0,27.0,285.0,5505000000.0,50000000.0,10.555555555555555,0.0,6.0,lsnm2024_ddos_udp
2024-02-26 12:15:47.000000000,BENIGN,0,1.0,30.0,570.0,8400000000.0,50000000.0,19.0,0.0,6.0,lsnm2024_ddos_udp
2024-02-26 12:15:47.000000000,BENIGN,0,1.0,26.0,950.0,2255000000.0,50000000.0,36.53846153846154,0.0,6.0,lsnm2024_ddos_udp
2024-02-26 12:15:47.000000000,BENIGN,0,1.0,27.0,665.0,8495000000.0,50000000.0,24.62962962962963,0.0,6.0,lsnm2024_ddos_udp
2024-02-26 12:15:47.000000000,BENIGN,0,1.0,33.0,475.0,4390000000.0,50000000.0,14.393939393939394,0.0,6.0,lsnm2024_ddos_udp
2024-02-26 12:15:47.000000000,BENIGN,0,1.0,31.0,380.0,1685000000.0,50000000.0,12.258064516129032,0.0,6.0,lsnm2024_ddos_udp
2024-02-26 12:15:47.000000000,BENIGN,0,1.0,26.0,570.0,9705000000.0,50000000.0,21.923076923076923,0.0,6.0,lsnm2024_ddos_udp
2024-02-26 12:15:47.000000000,BENIGN,0,1.0,25.0,855.0,3465000000.0,50000000.0,34.2,0.0,6.0,lsnm2024_ddos_udp
2024-02-26 12:15:47.000000000,BENIGN,0,1.0,15.0,760.0,760000000.0,50000000.0,50.666666666666664,0.0,6.0,lsnm2024_ddos_udp
2024-02-26 12:15:47.000000000,BENIGN,0,1.0,20.0,950.0,950000000.0,50000000.0,47.5,0.0,6.0,lsnm2024_ddos_udp
2024-02-26 12:15:47.000000000,BENIGN,0,1.0,22.0,950.0,950000000.0,50000000.0,43.18181818181818,0.0,6.0,lsnm2024_ddos_udp
2024-02-26 12:15:47.000000000,BENIGN,0,1.0,24.0,190.0,9325000000.0,50000000.0,7.916666666666667,0.0,6.0,lsnm2024_ddos_udp
2024-02-26 12:15:47.000000000,BENIGN,0,1.0,26.0,665.0,3275000000.0,50000000.0,25.576923076923077,0.0,6.0,lsnm2024_ddos_udp
2024-02-26 12:15:47.000000000,BENIGN,0,1.0,20.0,950.0,4865000000.0,50000000.0,47.5,0.0,6.0,lsnm2024_ddos_udp
2024-02-26 12:15:47.000000000,BENIGN,0,1.0,25.0,950.0,950000000.0,50000000.0,38.0,0.0,6.0,lsnm2024_ddos_udp
2024-02-26 12:15:48.000000000,BENIGN,0,1.0,23.0,380.0,380000000.0,50000000.0,16.52173913043478,0.0,6.0,lsnm2024_ddos_udp
2024-02-26 12:15:48.000000000,BENIGN,0,1.0,24.0,475.0,13525000000.0,50000000.0,19.791666666666668,0.0,6.0,lsnm2024_ddos_udp
2024-02-26 12:15:48.000000000,BENIGN,0,1.0,33.0,475.0,5695000000.0,50000000.0,14.393939393939394,0.0,6.0,lsnm2024_ddos_udp
2024-02-26 12:15:48.000000000,BENIGN,0,1.0,23.0,475.0,9610000000.0,50000000.0,20.652173913043477,0.0,6.0,lsnm2024_ddos_udp
2024-02-26 12:15:48.000000000,BENIGN,0,1.0,13.0,0.0,6525000000.0,50000000.0,0.0,0.0,6.0,lsnm2024_ddos_udp
2024-02-26 12:15:48.000000000,BENIGN,0,1.0,28.0,285.0,5505000000.0,50000000.0,10.178571428571429,0.0,6.0,lsnm2024_ddos_udp
2024-02-26 12:15:48.000000000,BENIGN,0,1.0,20.0,760.0,3370000000.0,50000000.0,38.0,0.0,6.0,lsnm2024_ddos_udp
2024-02-26 12:15:48.000000000,BENIGN,0,1.0,16.0,570.0,570000000.0,50000000.0,35.625,0.0,6.0,lsnm2024_ddos_udp
2024-02-26 12:15:48.000000000,BENIGN,0,1.0,26.0,475.0,5695000000.0,50000000.0,18.26923076923077,0.0,6.0,lsnm2024_ddos_udp
2024-02-26 12:15:48.000000000,BENIGN,0,1.0,26.0,0.0,2610000000.0,50000000.0,0.0,0.0,6.0,lsnm2024_ddos_udp
2024-02-26 12:15:48.000000000,BENIGN,0,1.0,21.0,665.0,665000000.0,50000000.0,31.666666666666668,0.0,6.0,lsnm2024_ddos_udp
2024-02-26 12:15:48.000000000,BENIGN,0,1.0,29.0,285.0,4200000000.0,50000000.0,9.827586206896552,0.0,6.0,lsnm2024_ddos_udp
2024-02-26 12:15:48.000000000,BENIGN,0,1.0,13.0,475.0,5695000000.0,50000000.0,36.53846153846154,0.0,6.0,lsnm2024_ddos_udp
2024-02-26 12:15:48.000000000,BENIGN,0,1.0,16.0,95.0,2705000000.0,50000000.0,5.9375,0.0,6.0,lsnm2024_ddos_udp
2024-02-26 12:15:48.000000000,BENIGN,0,1.0,27.0,1140.0,2445000000.0,50000000.0,42.22222222222222,0.0,6.0,lsnm2024_ddos_udp
2024-02-26 12:15:48.000000000,BENIGN,0,1.0,23.0,475.0,8305000000.0,50000000.0,20.652173913043477,0.0,6.0,lsnm2024_ddos_udp
2024-02-26 12:15:48.000000000,BENIGN,0,1.0,19.0,570.0,7095000000.0,50000000.0,30.0,0.0,6.0,lsnm2024_ddos_udp
2024-02-26 12:15:48.000000000,BENIGN,0,1.0,28.0,475.0,475000000.0,50000000.0,16.964285714285715,0.0,6.0,lsnm2024_ddos_udp
2024-02-26 12:15:48.000000000,BENIGN,0,1.0,24.0,285.0,12030000000.0,50000000.0,11.875,0.0,6.0,lsnm2024_ddos_udp
2024-02-26 12:15:48.000000000,BENIGN,0,1.0,19.0,1045.0,3655000000.0,50000000.0,55.0,0.0,6.0,lsnm2024_ddos_udp
2024-02-26 12:15:48.000000000,BENIGN,0,1.0,26.0,665.0,3275000000.0,50000000.0,25.576923076923077,0.0,6.0,lsnm2024_ddos_udp
2024-02-26 12:15:48.000000000,BENIGN,0,1.0,25.0,475.0,475000000.0,50000000.0,19.0,0.0,6.0,lsnm2024_ddos_udp
2024-02-26 12:15:48.000000000,BENIGN,0,1.0,22.0,665.0,5885000000.0,50000000.0,30.227272727272727,0.0,6.0,lsnm2024_ddos_udp
2024-02-26 12:15:48.000000000,BENIGN,0,1.0,44.0,1615.0,1615000000.0,50000000.0,36.70454545454545,0.0,6.0,lsnm2024_ddos_udp
2024-02-26 12:15:48.000000000,BENIGN,0,1.0,35.0,1805.0,4415000000.0,50000000.0,51.57142857142857,0.0,6.0,lsnm2024_ddos_udp
2024-02-26 12:15:48.000000000,BENIGN,0,1.0,26.0,285.0,10725000000.0,50000000.0,10.961538461538462,0.0,6.0,lsnm2024_ddos_udp
2024-02-26 12:15:48.000000000,BENIGN,0,1.0,20.0,950.0,950000000.0,50000000.0,47.5,0.0,6.0,lsnm2024_ddos_udp
2024-02-26 12:15:48.000000000,BENIGN,0,1.0,23.0,380.0,14735000000.0,50000000.0,16.52173913043478,0.0,6.0,lsnm2024_ddos_udp
2024-02-26 12:15:48.000000000,BENIGN,0,1.0,23.0,380.0,8210000000.0,50000000.0,16.52173913043478,0.0,6.0,lsnm2024_ddos_udp
2024-02-26 12:15:48.000000000,BENIGN,0,1.0,13.0,0.0,5220000000.0,50000000.0,0.0,0.0,6.0,lsnm2024_ddos_udp
2024-02-26 12:15:48.000000000,BENIGN,0,1.0,33.0,475.0,4390000000.0,50000000.0,14.393939393939394,0.0,6.0,lsnm2024_ddos_udp
2024-02-26 12:15:48.000000000,BENIGN,0,1.0,29.0,95.0,2705000000.0,50000000.0,3.2758620689655173,0.0,6.0,lsnm2024_ddos_udp
2024-02-26 12:15:49.000000000,BENIGN,0,1.0,20.0,475.0,475000000.0,50000000.0,23.75,0.0,6.0,lsnm2024_ddos_udp
2024-02-26 12:15:49.000000000,BENIGN,0,1.0,23.0,855.0,2160000000.0,50000000.0,37.17391304347826,0.0,6.0,lsnm2024_ddos_udp
2024-02-26 12:15:49.000000000,BENIGN,0,1.0,20.0,855.0,855000000.0,50000000.0,42.75,0.0,6.0,lsnm2024_ddos_udp
2024-02-26 12:15:49.000000000,BENIGN,0,1.0,24.0,190.0,11935000000.0,50000000.0,7.916666666666667,0.0,6.0,lsnm2024_ddos_udp
2024-02-26 12:15:49.000000000,BENIGN,0,1.0,23.0,380.0,6905000000.0,50000000.0,16.52173913043478,0.0,6.0,lsnm2024_ddos_udp
2024-02-26 12:15:49.000000000,BENIGN,0,1.0,23.0,475.0,7000000000.0,50000000.0,20.652173913043477,0.0,6.0,lsnm2024_ddos_udp
2024-02-26 12:15:49.000000000,BENIGN,0,1.0,17.0,855.0,855000000.0,50000000.0,50.294117647058826,0.0,6.0,lsnm2024_ddos_udp
2024-02-26 12:15:49.000000000,BENIGN,0,1.0,23.0,855.0,2160000000.0,50000000.0,37.17391304347826,0.0,6.0,lsnm2024_ddos_udp
2024-02-26 12:15:49.000000000,BENIGN,0,1000000.0,19.0,285.0,285.0,50.0,15.0,0.0,6.0,lsnm2024_ddos_udp
2024-02-26 12:15:49.000000000,BENIGN,0,1.0,27.0,1140.0,1140000000.0,50000000.0,42.22222222222222,0.0,6.0,lsnm2024_ddos_udp
2024-02-26 12:15:49.000000000,BENIGN,0,1.0,26.0,380.0,13430000000.0,50000000.0,14.615384615384615,0.0,6.0,lsnm2024_ddos_udp
2024-02-26 12:15:49.000000000,BENIGN,0,1.0,29.0,0.0,14355000000.0,50000000.0,0.0,0.0,6.0,lsnm2024_ddos_udp
2024-02-26 12:15:49.000000000,BENIGN,0,1.0,21.0,570.0,7095000000.0,50000000.0,27.142857142857142,0.0,6.0,lsnm2024_ddos_udp
2024-02-26 12:15:49.000000000,BENIGN,0,1.0,27.0,95.0,5315000000.0,50000000.0,3.5185185185185186,0.0,6.0,lsnm2024_ddos_udp
2024-02-26 12:15:49.000000000,BENIGN,0,1.0,23.0,570.0,570000000.0,50000000.0,24.782608695652176,0.0,6.0,lsnm2024_ddos_udp
2024-02-26 12:15:49.000000000,BENIGN,0,1.0,21.0,475.0,9610000000.0,50000000.0,22.61904761904762,0.0,6.0,lsnm2024_ddos_udp
2024-02-26 12:15:49.000000000,BENIGN,0,1.0,25.0,760.0,760000000.0,50000000.0,30.4,0.0,6.0,lsnm2024_ddos_udp
2024-02-26 12:15:49.000000000,BENIGN,0,1.0,28.0,760.0,5980000000.0,50000000.0,27.142857142857142,0.0,6.0,lsnm2024_ddos_udp
2024-02-26 12:15:49.000000000,BENIGN,0,1.0,26.0,285.0,1590000000.0,50000000.0,10.961538461538462,0.0,6.0,lsnm2024_ddos_udp
2024-02-26 12:15:49.000000000,BENIGN,0,1.0,23.0,380.0,16040000000.0,50000000.0,16.52173913043478,0.0,6.0,lsnm2024_ddos_udp
2024-02-26 12:15:49.000000000,BENIGN,0,1.0,22.0,190.0,24985000000.0,50000000.0,8.636363636363637,0.0,6.0,lsnm2024_ddos_udp
2024-02-26 12:15:49.000000000,BENIGN,0,1.0,28.0,190.0,13240000000.0,50000000.0,6.785714285714286,0.0,6.0,lsnm2024_ddos_udp
2024-02-26 12:15:49.000000000,BENIGN,0,1.0,26.0,285.0,9420000000.0,50000000.0,10.961538461538462,0.0,6.0,lsnm2024_ddos_udp
2024-02-26 12:15:49.000000000,BENIGN,0,1.0,25.0,570.0,8400000000.0,50000000.0,22.8,0.0,6.0,lsnm2024_ddos_udp
2024-02-26 12:15:49.000000000,BENIGN,0,1.0,26.0,285.0,8115000000.0,50000000.0,10.961538461538462,0.0,6.0,lsnm2024_ddos_udp
2024-02-26 12:15:49.000000000,BENIGN,0,1.0,26.0,380.0,4295000000.0,50000000.0,14.615384615384615,0.0,6.0,lsnm2024_ddos_udp
2024-02-26 12:15:49.000000000,BENIGN,0,1.0,32.0,665.0,9800000000.0,50000000.0,20.78125,0.0,6.0,lsnm2024_ddos_udp
2024-02-26 12:15:49.000000000,BENIGN,0,1.0,27.0,475.0,9610000000.0,50000000.0,17.59259259259259,0.0,6.0,lsnm2024_ddos_udp
2024-02-26 12:15:50.000000000,BENIGN,0,1.0,29.0,475.0,4390000000.0,50000000.0,16.379310344827587,0.0,6.0,lsnm2024_ddos_udp
2024-02-26 12:15:50.000000000,BENIGN,0,1.0,25.0,285.0,9420000000.0,50000000.0,11.4,0.0,6.0,lsnm2024_ddos_udp
2024-02-26 12:15:50.000000000,BENIGN,0,1.0,26.0,665.0,3275000000.0,50000000.0,25.576923076923077,0.0,6.0,lsnm2024_ddos_udp
2024-02-26 12:15:50.000000000,BENIGN,0,1.0,21.0,380.0,9515000000.0,50000000.0,18.095238095238095,0.0,6.0,lsnm2024_ddos_udp
2024-02-26 12:15:50.000000000,BENIGN,0,1.0,28.0,380.0,9515000000.0,50000000.0,13.571428571428571,0.0,6.0,lsnm2024_ddos_udp
2024-02-26 12:15:50.000000000,BENIGN,0,1.0,23.0,190.0,10630000000.0,50000000.0,8.26086956521739,0.0,6.0,lsnm2024_ddos_udp
2024-02-26 12:15:50.000000000,BENIGN,0,1.0,22.0,190.0,11935000000.0,50000000.0,8.636363636363637,0.0,6.0,lsnm2024_ddos_udp
2024-02-26 12:15:50.000000000,BENIGN,0,1.0,29.0,190.0,1495000000.0,50000000.0,6.551724137931035,0.0,6.0,lsnm2024_ddos_udp
2024-02-26 12:15:50.000000000,BENIGN,0,1.0,27.0,475.0,5695000000.0,50000000.0,17.59259259259259,0.0,6.0,lsnm2024_ddos_udp
2024-02-26 12:15:50.000000000,BENIGN,0,1.0,32.0,665.0,1970000000.0,50000000.0,20.78125,0.0,6.0,lsnm2024_ddos_udp
2024-02-26 12:15:50.000000000,BENIGN,0,1.0,27.0,665.0,3275000000.0,50000000.0,24.62962962962963,0.0,6.0,lsnm2024_ddos_udp
2024-02-26 12:15:50.000000000,BENIGN,0,1.0,28.0,95.0,11840000000.0,50000000.0,3.392857142857143,0.0,6.0,lsnm2024_ddos_udp
2024-02-26 12:15:50.000000000,BENIGN,0,1.0,24.0,760.0,760000000.0,50000000.0,31.666666666666668,0.0,6.0,lsnm2024_ddos_udp
2024-02-26 12:15:50.000000000,BENIGN,0,1.0,27.0,665.0,7190000000.0,50000000.0,24.62962962962963,0.0,6.0,lsnm2024_ddos_udp
2024-02-26 12:15:50.000000000,BENIGN,0,1.0,24.0,380.0,8210000000.0,50000000.0,15.833333333333334,0.0,6.0,lsnm2024_ddos_udp
2024-02-26 12:15:50.000000000,BENIGN,0,1.0,27.0,475.0,4390000000.0,50000000.0,17.59259259259259,0.0,6.0,lsnm2024_ddos_udp
2024-02-26 12:15:50.000000000,BENIGN,0,1.0,30.0,475.0,3085000000.0,50000000.0,15.833333333333334,0.0,6.0,lsnm2024_ddos_udp
2024-02-26 12:15:50.000000000,BENIGN,0,1.0,25.0,475.0,5695000000.0,50000000.0,19.0,0.0,6.0,lsnm2024_ddos_udp
2024-02-26 12:15:50.000000000,BENIGN,0,1.0,25.0,0.0,15660000000.0,50000000.0,0.0,0.0,6.0,lsnm2024_ddos_udp
2024-02-26 12:15:50.000000000,BENIGN,0,1.0,28.0,570.0,7095000000.0,50000000.0,20.357142857142858,0.0,6.0,lsnm2024_ddos_udp
2024-02-26 12:15:50.000000000,BENIGN,0,1.0,30.0,0.0,14355000000.0,50000000.0,0.0,0.0,6.0,lsnm2024_ddos_udp
2024-02-26 12:15:50.000000000,BENIGN,0,1.0,27.0,665.0,5885000000.0,50000000.0,24.62962962962963,0.0,6.0,lsnm2024_ddos_udp
2024-02-26 12:15:50.000000000,BENIGN,0,1.0,25.0,95.0,11840000000.0,50000000.0,3.8,0.0,6.0,lsnm2024_ddos_udp
2024-02-26 12:15:51.000000000,BENIGN,0,1.0,23.0,380.0,380000000.0,50000000.0,16.52173913043478,0.0,6.0,lsnm2024_ddos_udp
2024-02-26 12:15:51.000000000,BENIGN,0,1.0,26.0,760.0,7285000000.0,50000000.0,29.23076923076923,0.0,6.0,lsnm2024_ddos_udp
2024-02-26 12:15:51.000000000,BENIGN,0,1.0,20.0,760.0,760000000.0,50000000.0,38.0,0.0,6.0,lsnm2024_ddos_udp
2024-02-26 12:15:51.000000000,BENIGN,0,1.0,23.0,665.0,13715000000.0,50000000.0,28.91304347826087,0.0,6.0,lsnm2024_ddos_udp
2024-02-26 12:15:51.000000000,BENIGN,0,1.0,28.0,95.0,5315000000.0,50000000.0,3.392857142857143,0.0,6.0,lsnm2024_ddos_udp
2024-02-26 12:15:51.000000000,BENIGN,0,1.0,19.0,0.0,10440000000.0,50000000.0,0.0,0.0,6.0,lsnm2024_ddos_udp
2024-02-26 12:15:51.000000000,BENIGN,0,1000000.0,23.0,475.0,475.0,50.0,20.652173913043477,0.0,6.0,lsnm2024_ddos_udp
2024-02-26 12:15:51.000000000,BENIGN,0,1.0,27.0,760.0,760000000.0,50000000.0,28.14814814814815,0.0,6.0,lsnm2024_ddos_udp
2024-02-26 12:15:51.000000000,BENIGN,0,1.0,27.0,475.0,7000000000.0,50000000.0,17.59259259259259,0.0,6.0,lsnm2024_ddos_udp
2024-02-26 12:15:51.000000000,BENIGN,0,1.0,20.0,285.0,5505000000.0,50000000.0,14.25,0.0,6.0,lsnm2024_ddos_udp
2024-02-26 12:15:51.000000000,BENIGN,0,1.0,30.0,665.0,4580000000.0,50000000.0,22.166666666666668,0.0,6.0,lsnm2024_ddos_udp
2024-02-26 12:15:51.000000000,BENIGN,0,1.0,17.0,665.0,7190000000.0,50000000.0,39.11764705882353,0.0,6.0,lsnm2024_ddos_udp
2024-02-26 12:15:51.000000000,BENIGN,0,1.0,25.0,380.0,5600000000.0,50000000.0,15.2,0.0,6.0,lsnm2024_ddos_udp
2024-02-26 12:15:51.000000000,BENIGN,0,1.0,23.0,760.0,760000000.0,50000000.0,33.04347826086956,0.0,6.0,lsnm2024_ddos_udp
2024-02-26 12:15:51.000000000,BENIGN,0,1.0,30.0,570.0,570000000.0,50000000.0,19.0,0.0,6.0,lsnm2024_ddos_udp
2024-02-26 12:15:51.000000000,BENIGN,0,1.0,28.0,380.0,6905000000.0,50000000.0,13.571428571428571,0.0,6.0,lsnm2024_ddos_udp
2024-02-26 12:15:51.000000000,BENIGN,0,1.0,25.0,760.0,7285000000.0,50000000.0,30.4,0.0,6.0,lsnm2024_ddos_udp
2024-02-26 12:15:51.000000000,BENIGN,0,1.0,25.0,665.0,7190000000.0,50000000.0,26.6,0.0,6.0,lsnm2024_ddos_udp
2024-02-26 12:15:51.000000000,BENIGN,0,1.0,24.0,475.0,8305000000.0,50000000.0,19.791666666666668,0.0,6.0,lsnm2024_ddos_udp
2024-02-26 12:15:51.000000000,BENIGN,0,1.0,25.0,0.0,13050000000.0,50000000.0,0.0,0.0,6.0,lsnm2024_ddos_udp
2024-02-26 12:15:52.000000000,BENIGN,0,1.0,20.0,0.0,24795000000.0,50000000.0,0.0,0.0,6.0,lsnm2024_ddos_udp
2024-02-26 12:15:52.000000000,BENIGN,0,1.0,24.0,380.0,16040000000.0,50000000.0,15.833333333333334,0.0,6.0,lsnm2024_ddos_udp
2024-02-26 12:15:52.000000000,BENIGN,0,1.0,10.0,570.0,570000000.0,50000000.0,57.0,0.0,6.0,lsnm2024_ddos_udp
2024-02-26 12:15:52.000000000,BENIGN,0,1.0,20.0,570.0,4485000000.0,50000000.0,28.5,0.0,6.0,lsnm2024_ddos_udp
2024-02-26 12:15:52.000000000,BENIGN,0,1.0,25.0,190.0,15850000000.0,50000000.0,7.6,0.0,6.0,lsnm2024_ddos_udp
2024-02-26 12:15:52.000000000,BENIGN,0,1.0,30.0,190.0,10630000000.0,50000000.0,6.333333333333333,0.0,6.0,lsnm2024_ddos_udp
2024-02-26 12:15:52.000000000,BENIGN,0,1.0,27.0,285.0,10725000000.0,50000000.0,10.555555555555555,0.0,6.0,lsnm2024_ddos_udp
2024-02-26 12:15:52.000000000,BENIGN,0,1.0,27.0,665.0,11105000000.0,50000000.0,24.62962962962963,0.0,6.0,lsnm2024_ddos_udp
2024-02-26 12:17:12.000000000,BENIGN,0,1.0,25.0,390.0,69668000000.0,50000000.0,15.6,0.0,6.0,lsnm2024_ddos_udp
2024-02-26 12:17:12.000000000,BENIGN,0,1.0,29.0,390.0,275840000000.0,50000000.0,13.448275862068966,0.0,6.0,lsnm2024_ddos_udp
2024-02-26 12:17:12.000000000,BENIGN,0,1.0,33.0,507.0,166019000000.0,50000000.0,15.363636363636363,0.0,6.0,lsnm2024_ddos_udp
2024-02-26 12:17:12.000000000,BENIGN,0,1.0,28.0,429.0,340593000000.0,50000000.0,15.321428571428571,0.0,6.0,lsnm2024_ddos_udp
2024-02-26 12:17:12.000000000,BENIGN,0,1.0,26.0,624.0,438470000000.0,50000000.0,24.0,0.0,6.0,lsnm2024_ddos_udp
2024-02-26 12:17:12.000000000,BENIGN,0,1.0,34.0,0.0,0.0,50000000.0,0.0,0.0,6.0,lsnm2024_ddos_udp
2024-02-26 12:17:13.000000000,BENIGN,0,1.0,33.0,585.0,338855000000.0,50000000.0,17.727272727272727,0.0,6.0,lsnm2024_ddos_udp
2024-02-26 12:17:13.000000000,BENIGN,0,1.0,32.0,663.0,370343000000.0,50000000.0,20.71875,0.0,6.0,lsnm2024_ddos_udp
2024-02-26 12:17:13.000000000,BENIGN,0,1.0,27.0,507.0,285201000000.0,50000000.0,18.77777777777778,0.0,6.0,lsnm2024_ddos_udp
2024-02-26 12:17:13.000000000,BENIGN,0,1.0,28.0,351.0,267113000000.0,50000000.0,12.535714285714286,0.0,6.0,lsnm2024_ddos_udp
2024-02-26 12:17:13.000000000,BENIGN,0,1.0,27.0,624.0,397816000000.0,50000000.0,23.11111111111111,0.0,6.0,lsnm2024_ddos_udp
2024-02-26 12:17:13.000000000,BENIGN,0,1.0,32.0,468.0,191061000000.0,50000000.0,14.625,0.0,6.0,lsnm2024_ddos_udp
2024-02-26 12:17:13.000000000,BENIGN,0,1.0,26.0,234.0,323022000000.0,50000000.0,9.0,0.0,6.0,lsnm2024_ddos_udp
2024-02-26 12:17:13.000000000,BENIGN,0,1.0,29.0,468.0,373044000000.0,50000000.0,16.137931034482758,0.0,6.0,lsnm2024_ddos_udp
2024-02-26 12:17:13.000000000,BENIGN,0,1.0,28.0,390.0,283080000000.0,50000000.0,13.928571428571429,0.0,6.0,lsnm2024_ddos_udp
2024-02-26 12:17:13.000000000,BENIGN,0,1.0,30.0,507.0,387117000000.0,50000000.0,16.9,0.0,6.0,lsnm2024_ddos_udp
2024-02-26 12:17:13.000000000,BENIGN,0,1.0,30.0,624.0,514878000000.0,50000000.0,20.8,0.0,6.0,lsnm2024_ddos_udp
2024-02-26 12:17:13.000000000,BENIGN,0,1.0,25.0,234.0,314334000000.0,50000000.0,9.36,0.0,6.0,lsnm2024_ddos_udp
2024-02-26 12:17:13.000000000,BENIGN,0,1.0,28.0,468.0,342636000000.0,50000000.0,16.714285714285715,0.0,6.0,lsnm2024_ddos_udp
2024-02-26 12:17:13.000000000,BENIGN,0,1.0,26.0,429.0,486169000000.0,50000000.0,16.5,0.0,6.0,lsnm2024_ddos_udp
2024-02-26 12:17:13.000000000,BENIGN,0,1.0,33.0,546.0,371228000000.0,50000000.0,16.545454545454547,0.0,6.0,lsnm2024_ddos_udp
2024-02-26 12:17:13.000000000,BENIGN,0,1.0,33.0,585.0,316689000000.0,50000000.0,17.727272727272727,0.0,6.0,lsnm2024_ddos_udp
2024-02-26 12:17:13.000000000,BENIGN,0,1.0,31.0,507.0,277961000000.0,50000000.0,16.35483870967742,0.0,6.0,lsnm2024_ddos_udp
2024-02-26 12:17:13.000000000,BENIGN,0,1.0,32.0,507.0,191527000000.0,50000000.0,15.84375,0.0,6.0,lsnm2024_ddos_udp
2024-02-26 12:17:13.000000000,BENIGN,0,1.0,28.0,507.0,347465000000.0,50000000.0,18.107142857142858,0.0,6.0,lsnm2024_ddos_udp
2024-02-26 12:17:13.000000000,BENIGN,0,1.0,38.0,468.0,113632000000.0,50000000.0,12.31578947368421,0.0,6.0,lsnm2024_ddos_udp
2024-02-26 12:17:13.000000000,BENIGN,0,1.0,30.0,468.0,280262000000.0,50000000.0,15.6,0.0,6.0,lsnm2024_ddos_udp
2024-02-26 12:17:14.000000000,BENIGN,0,1.0,30.0,507.0,328195000000.0,50000000.0,16.9,0.0,6.0,lsnm2024_ddos_udp
2024-02-26 12:17:14.000000000,BENIGN,0,1.0,33.0,546.0,138546000000.0,50000000.0,16.545454545454547,0.0,6.0,lsnm2024_ddos_udp
2024-02-26 12:17:14.000000000,BENIGN,0,1.0,27.0,351.0,290391000000.0,50000000.0,13.0,0.0,6.0,lsnm2024_ddos_udp
2024-02-26 12:17:14.000000000,BENIGN,0,1.0,31.0,429.0,167499000000.0,50000000.0,13.838709677419354,0.0,6.0,lsnm2024_ddos_udp
2024-02-26 12:17:14.000000000,BENIGN,0,1.0,28.0,429.0,317535000000.0,50000000.0,15.321428571428571,0.0,6.0,lsnm2024_ddos_udp
2024-02-26 12:17:14.000000000,BENIGN,0,1.0,26.0,468.0,390310000000.0,50000000.0,18.0,0.0,6.0,lsnm2024_ddos_udp
2024-02-26 12:17:14.000000000,BENIGN,0,1.0,29.0,663.0,339379000000.0,50000000.0,22.862068965517242,0.0,6.0,lsnm2024_ddos_udp
2024-02-26 12:17:14.000000000,BENIGN,0,1.0,26.0,429.0,346385000000.0,50000000.0,16.5,0.0,6.0,lsnm2024_ddos_udp
2024-02-26 12:17:14.000000000,BENIGN,0,1.0,28.0,468.0,288504000000.0,50000000.0,16.714285714285715,0.0,6.0,lsnm2024_ddos_udp
2024-02-26 12:17:14.000000000,BENIGN,0,1.0,25.0,624.0,449944000000.0,50000000.0,24.96,0.0,6.0,lsnm2024_ddos_udp
2024-02-26 12:17:14.000000000,BENIGN,0,1.0,27.0,390.0,324180000000.0,50000000.0,14.444444444444445,0.0,6.0,lsnm2024_ddos_udp
2024-02-26 12:17:14.000000000,BENIGN,0,1.0,24.0,312.0,373444000000.0,50000000.0,13.0,0.0,6.0,lsnm2024_ddos_udp
2024-02-26 12:17:14.000000000,BENIGN,0,1.0,30.0,429.0,133193000000.0,50000000.0,14.3,0.0,6.0,lsnm2024_ddos_udp
2024-02-26 12:17:14.000000000,BENIGN,0,1.0,29.0,507.0,318059000000.0,50000000.0,17.482758620689655,0.0,6.0,lsnm2024_ddos_udp
2024-02-26 12:17:14.000000000,BENIGN,0,1.0,30.0,351.0,213201000000.0,50000000.0,11.7,0.0,6.0,lsnm2024_ddos_udp
2024-02-26 12:17:14.000000000,BENIGN,0,1.0,31.0,585.0,321033000000.0,50000000.0,18.870967741935484,0.0,6.0,lsnm2024_ddos_udp
2024-02-26 12:17:14.000000000,BENIGN,0,1.0,29.0,468.0,277812000000.0,50000000.0,16.137931034482758,0.0,6.0,lsnm2024_ddos_udp
2024-02-26 12:17:14.000000000,BENIGN,0,1.0,26.0,312.0,291800000000.0,50000000.0,12.0,0.0,6.0,lsnm2024_ddos_udp
2024-02-26 12:17:14.000000000,BENIGN,0,1.0,25.0,390.0,307379000000.0,50000000.0,15.6,0.0,6.0,lsnm2024_ddos_udp
2024-02-26 12:17:14.000000000,BENIGN,0,1.0,28.0,468.0,288058000000.0,50000000.0,16.714285714285715,0.0,6.0,lsnm2024_ddos_udp
2024-02-26 12:17:14.000000000,BENIGN,0,1.0,28.0,468.0,289060000000.0,50000000.0,16.714285714285715,0.0,6.0,lsnm2024_ddos_udp
2024-02-26 12:17:14.000000000,BENIGN,0,1.0,30.0,546.0,165185000000.0,50000000.0,18.2,0.0,6.0,lsnm2024_ddos_udp
2024-02-26 12:17:15.000000000,BENIGN,0,1.0,27.0,390.0,277398000000.0,50000000.0,14.444444444444445,0.0,6.0,lsnm2024_ddos_udp
2024-02-26 12:17:15.000000000,BENIGN,0,1.0,26.0,429.0,401855000000.0,50000000.0,16.5,0.0,6.0,lsnm2024_ddos_udp
2024-02-26 12:17:15.000000000,BENIGN,0,1.0,28.0,351.0,306209000000.0,50000000.0,12.535714285714286,0.0,6.0,lsnm2024_ddos_udp
2024-02-26 12:17:15.000000000,BENIGN,0,1.0,25.0,234.0,437304000000.0,50000000.0,9.36,0.0,6.0,lsnm2024_ddos_udp
2024-02-26 12:17:15.000000000,BENIGN,0,1.0,27.0,312.0,238560000000.0,50000000.0,11.555555555555555,0.0,6.0,lsnm2024_ddos_udp
2024-02-26 12:17:15.000000000,BENIGN,0,1.0,30.0,429.0,227985000000.0,50000000.0,14.3,0.0,6.0,lsnm2024_ddos_udp
2024-02-26 12:17:15.000000000,BENIGN,0,1.0,25.0,351.0,362681000000.0,50000000.0,14.04,0.0,6.0,lsnm2024_ddos_udp
2024-02-26 12:17:15.000000000,BENIGN,0,1.0,27.0,390.0,333779000000.0,50000000.0,14.444444444444445,0.0,6.0,lsnm2024_ddos_udp
2024-02-26 12:17:15.000000000,BENIGN,0,1.0,27.0,429.0,191113000000.0,50000000.0,15.88888888888889,0.0,6.0,lsnm2024_ddos_udp
2024-02-26 12:17:15.000000000,BENIGN,0,1.0,25.0,390.0,186174000000.0,50000000.0,15.6,0.0,6.0,lsnm2024_ddos_udp
2024-02-26 12:17:15.000000000,BENIGN,0,1.0,26.0,390.0,300120000000.0,50000000.0,15.0,0.0,6.0,lsnm2024_ddos_udp
2024-02-26 12:17:15.000000000,BENIGN,0,1.0,29.0,273.0,287216000000.0,50000000.0,9.413793103448276,0.0,6.0,lsnm2024_ddos_udp
2024-02-26 12:17:15.000000000,BENIGN,0,1.0,27.0,390.0,312596000000.0,50000000.0,14.444444444444445,0.0,6.0,lsnm2024_ddos_udp
2024-02-26 12:17:15.000000000,BENIGN,0,1.0,31.0,585.0,229718000000.0,50000000.0,18.870967741935484,0.0,6.0,lsnm2024_ddos_udp
2024-02-26 12:17:15.000000000,BENIGN,0,1.0,30.0,390.0,249330000000.0,50000000.0,13.0,0.0,6.0,lsnm2024_ddos_udp
2024-02-26 12:17:15.000000000,BENIGN,0,1.0,29.0,507.0,343567000000.0,50000000.0,17.482758620689655,0.0,6.0,lsnm2024_ddos_udp
2024-02-26 12:17:15.000000000,BENIGN,0,1.0,32.0,468.0,267120000000.0,50000000.0,14.625,0.0,6.0,lsnm2024_ddos_udp
2024-02-26 12:17:15.000000000,BENIGN,0,1.0,25.0,546.0,248258000000.0,50000000.0,21.84,0.0,6.0,lsnm2024_ddos_udp
2024-02-26 12:17:15.000000000,BENIGN,0,1.0,23.0,156.0,400244000000.0,50000000.0,6.782608695652174,0.0,6.0,lsnm2024_ddos_udp
2024-02-26 12:17:15.000000000,BENIGN,0,1.0,24.0,468.0,301646000000.0,50000000.0,19.5,0.0,6.0,lsnm2024_ddos_udp
2024-02-26 12:17:15.000000000,BENIGN,0,1.0,27.0,429.0,340147000000.0,50000000.0,15.88888888888889,0.0,6.0,lsnm2024_ddos_udp
2024-02-26 12:17:15.000000000,BENIGN,0,1.0,31.0,429.0,112811000000.0,50000000.0,13.838709677419354,0.0,6.0,lsnm2024_ddos_udp
2024-02-26 12:17:16.000000000,BENIGN,0,1.0,26.0,273.0,311832000000.0,50000000.0,10.5,0.0,6.0,lsnm2024_ddos_udp
2024-02-26 12:17:16.000000000,BENIGN,0,1.0,28.0,117.0,332821000000.0,50000000.0,4.178571428571429,0.0,6.0,lsnm2024_ddos_udp
2024-02-26 12:17:16.000000000,BENIGN,0,1.0,25.0,312.0,317198000000.0,50000000.0,12.48,0.0,6.0,lsnm2024_ddos_udp
2024-02-26 12:17:16.000000000,BENIGN,0,1.0,24.0,234.0,421376000000.0,50000000.0,9.75,0.0,6.0,lsnm2024_ddos_udp
2024-02-26 12:17:16.000000000,BENIGN,0,1.0,28.0,273.0,405487000000.0,50000000.0,9.75,0.0,6.0,lsnm2024_ddos_udp
2024-02-26 12:17:16.000000000,BENIGN,0,1.0,28.0,468.0,141920000000.0,50000000.0,16.714285714285715,0.0,6.0,lsnm2024_ddos_udp
2024-02-26 12:17:16.000000000,BENIGN,0,1.0,29.0,429.0,327005000000.0,50000000.0,14.793103448275861,0.0,6.0,lsnm2024_ddos_udp
2024-02-26 12:17:16.000000000,BENIGN,0,1.0,31.0,663.0,200927000000.0,50000000.0,21.387096774193548,0.0,6.0,lsnm2024_ddos_udp
2024-02-26 12:17:16.000000000,BENIGN,0,1.0,28.0,390.0,327968000000.0,50000000.0,13.928571428571429,0.0,6.0,lsnm2024_ddos_udp
2024-02-26 12:17:16.000000000,BENIGN,0,1.0,33.0,546.0,235006000000.0,50000000.0,16.545454545454547,0.0,6.0,lsnm2024_ddos_udp
2024-02-26 12:17:16.000000000,BENIGN,0,1.0,24.0,312.0,477389000000.0,50000000.0,13.0,0.0,6.0,lsnm2024_ddos_udp
2024-02-26 12:17:16.000000000,BENIGN,0,1.0,27.0,390.0,200990000000.0,50000000.0,14.444444444444445,0.0,6.0,lsnm2024_ddos_udp
2024-02-26 12:17:16.000000000,BENIGN,0,1.0,26.0,312.0,364646000000.0,50000000.0,12.0,0.0,6.0,lsnm2024_ddos_udp
2024-02-26 12:17:16.000000000,BENIGN,0,1.0,20.0,312.0,430698000000.0,50000000.0,15.6,0.0,6.0,lsnm2024_ddos_udp
2024-02-26 12:17:16.000000000,BENIGN,0,1.0,28.0,507.0,152095000000.0,50000000.0,18.107142857142858,0.0,6.0,lsnm2024_ddos_udp
2024-02-26 12:17:16.000000000,BENIGN,0,1.0,26.0,351.0,265439000000.0,50000000.0,13.5,0.0,6.0,lsnm2024_ddos_udp
2024-02-26 12:17:16.000000000,BENIGN,0,1.0,25.0,312.0,460660000000.0,50000000.0,12.48,0.0,6.0,lsnm2024_ddos_udp
2024-02-26 12:17:16.000000000,BENIGN,0,1.0,25.0,390.0,291322000000.0,50000000.0,15.6,0.0,6.0,lsnm2024_ddos_udp
2024-02-26 12:17:16.000000000,BENIGN,0,1.0,32.0,468.0,76669000000.0,50000000.0,14.625,0.0,6.0,lsnm2024_ddos_udp
2024-02-26 12:17:16.000000000,BENIGN,0,1.0,25.0,429.0,282893000000.0,50000000.0,17.16,0.0,6.0,lsnm2024_ddos_udp
2024-02-26 12:17:16.000000000,BENIGN,0,1.0,29.0,390.0,295666000000.0,50000000.0,13.448275862068966,0.0,6.0,lsnm2024_ddos_udp
2024-02-26 12:17:16.000000000,BENIGN,0,1.0,22.0,234.0,324024000000.0,50000000.0,10.636363636363637,0.0,6.0,lsnm2024_ddos_udp
2024-02-26 12:17:16.000000000,BENIGN,0,1.0,33.0,468.0,111402000000.0,50000000.0,14.181818181818182,0.0,6.0,lsnm2024_ddos_udp
2024-02-26 12:17:16.000000000,BENIGN,0,1.0,29.0,507.0,320509000000.0,50000000.0,17.482758620689655,0.0,6.0,lsnm2024_ddos_udp
2024-02-26 12:17:16.000000000,BENIGN,0,1.0,40.0,546.0,67374000000.0,50000000.0,13.65,0.0,6.0,lsnm2024_ddos_udp
2024-02-26 12:17:16.000000000,BENIGN,0,1.0,26.0,429.0,202807000000.0,50000000.0,16.5,0.0,6.0,lsnm2024_ddos_udp
2024-02-26 12:17:16.000000000,BENIGN,0,1.0,27.0,468.0,216104000000.0,50000000.0,17.333333333333332,0.0,6.0,lsnm2024_ddos_udp
2024-02-26 12:17:17.000000000,BENIGN,0,1.0,30.0,585.0,114861000000.0,50000000.0,19.5,0.0,6.0,lsnm2024_ddos_udp
2024-02-26 12:17:17.000000000,BENIGN,0,1.0,27.0,351.0,288833000000.0,50000000.0,13.0,0.0,6.0,lsnm2024_ddos_udp
2024-02-26 12:17:17.000000000,BENIGN,0,1.0,28.0,390.0,308271000000.0,50000000.0,13.928571428571429,0.0,6.0,lsnm2024_ddos_udp
2024-02-26 12:17:17.000000000,BENIGN,0,1.0,23.0,312.0,404408000000.0,50000000.0,13.565217391304348,0.0,6.0,lsnm2024_ddos_udp
2024-02-26 12:17:17.000000000,BENIGN,0,1.0,33.0,585.0,261109000000.0,50000000.0,17.727272727272727,0.0,6.0,lsnm2024_ddos_udp
2024-02-26 12:17:17.000000000,BENIGN,0,1.0,25.0,390.0,277734000000.0,50000000.0,15.6,0.0,6.0,lsnm2024_ddos_udp
2024-02-26 12:17:17.000000000,BENIGN,0,1.0,30.0,390.0,247992000000.0,50000000.0,13.0,0.0,6.0,lsnm2024_ddos_udp
2024-02-26 12:17:17.000000000,BENIGN,0,1.0,21.0,195.0,514345000000.0,50000000.0,9.285714285714286,0.0,6.0,lsnm2024_ddos_udp
2024-02-26 12:17:17.000000000,BENIGN,0,1.0,27.0,351.0,252206000000.0,50000000.0,13.0,0.0,6.0,lsnm2024_ddos_udp
2024-02-26 12:17:17.000000000,BENIGN,0,1.0,29.0,546.0,224980000000.0,50000000.0,18.82758620689655,0.0,6.0,lsnm2024_ddos_udp
2024-02-26 12:17:17.000000000,BENIGN,0,1.0,24.0,156.0,513414000000.0,50000000.0,6.5,0.0,6.0,lsnm2024_ddos_udp
2024-02-26 12:17:17.000000000,BENIGN,0,1.0,27.0,663.0,208723000000.0,50000000.0,24.555555555555557,0.0,6.0,lsnm2024_ddos_udp
2024-02-26 12:17:17.000000000,BENIGN,0,1.0,27.0,273.0,430439000000.0,50000000.0,10.11111111111111,0.0,6.0,lsnm2024_ddos_udp
2024-02-26 12:17:17.000000000,BENIGN,0,1.0,27.0,312.0,461552000000.0,50000000.0,11.555555555555555,0.0,6.0,lsnm2024_ddos_udp
2024-02-26 12:17:17.000000000,BENIGN,0,1.0,30.0,312.0,329674000000.0,50000000.0,10.4,0.0,6.0,lsnm2024_ddos_udp
2024-02-26 12:17:17.000000000,BENIGN,0,1.0,32.0,468.0,208754000000.0,50000000.0,14.625,0.0,6.0,lsnm2024_ddos_udp
2024-02-26 12:17:17.000000000,BENIGN,0,1.0,30.0,351.0,393425000000.0,50000000.0,11.7,0.0,6.0,lsnm2024_ddos_udp
2024-02-26 12:17:17.000000000,BENIGN,0,1.0,26.0,468.0,171436000000.0,50000000.0,18.0,0.0,6.0,lsnm2024_ddos_udp
2024-02-26 12:17:17.000000000,BENIGN,0,1.0,39.0,624.0,67006000000.0,50000000.0,16.0,0.0,6.0,lsnm2024_ddos_udp
2024-02-26 12:17:17.000000000,BENIGN,0,1.0,25.0,234.0,404892000000.0,50000000.0,9.36,0.0,6.0,lsnm2024_ddos_udp
2024-02-26 12:17:17.000000000,BENIGN,0,1.0,30.0,429.0,301070000000.0,50000000.0,14.3,0.0,6.0,lsnm2024_ddos_udp
2024-02-26 12:17:17.000000000,BENIGN,0,1.0,23.0,312.0,443284000000.0,50000000.0,13.565217391304348,0.0,6.0,lsnm2024_ddos_udp
2024-02-26 12:17:17.000000000,BENIGN,0,1.0,28.0,507.0,108655000000.0,50000000.0,18.107142857142858,0.0,6.0,lsnm2024_ddos_udp
2024-02-26 12:17:17.000000000,BENIGN,0,1.0,25.0,390.0,339106000000.0,50000000.0,15.6,0.0,6.0,lsnm2024_ddos_udp
2024-02-26 12:17:17.000000000,BENIGN,0,1.0,21.0,117.0,285813000000.0,50000000.0,5.571428571428571,0.0,6.0,lsnm2024_ddos_udp
2024-02-26 12:17:17.000000000,BENIGN,0,1.0,26.0,195.0,329667000000.0,50000000.0,7.5,0.0,6.0,lsnm2024_ddos_udp
2024-02-26 12:17:17.000000000,BENIGN,0,1.0,22.0,156.0,451150000000.0,50000000.0,7.090909090909091,0.0,6.0,lsnm2024_ddos_udp
2024-02-26 12:17:17.000000000,BENIGN,0,1.0,24.0,234.0,499568000000.0,50000000.0,9.75,0.0,6.0,lsnm2024_ddos_udp
2024-02-26 12:17:17.000000000,BENIGN,0,1.0,25.0,390.0,362384000000.0,50000000.0,15.6,0.0,6.0,lsnm2024_ddos_udp
2024-02-26 12:17:17.000000000,BENIGN,0,1.0,26.0,468.0,389418000000.0,50000000.0,18.0,0.0,6.0,lsnm2024_ddos_udp
2024-02-26 12:17:17.000000000,BENIGN,0,1.0,29.0,507.0,228729000000.0,50000000.0,17.482758620689655,0.0,6.0,lsnm2024_ddos_udp
2024-02-26 12:17:17.000000000,BENIGN,0,1.0,27.0,312.0,280442000000.0,50000000.0,11.555555555555555,0.0,6.0,lsnm2024_ddos_udp
2024-02-26 12:17:17.000000000,BENIGN,0,1.0,26.0,390.0,222038000000.0,50000000.0,15.0,0.0,6.0,lsnm2024_ddos_udp
2024-02-26 12:17:17.000000000,BENIGN,0,1.0,27.0,429.0,295705000000.0,50000000.0,15.88888888888889,0.0,6.0,lsnm2024_ddos_udp
2024-02-26 12:17:17.000000000,BENIGN,0,1.0,28.0,507.0,323295000000.0,50000000.0,18.107142857142858,0.0,6.0,lsnm2024_ddos_udp
2024-02-26 12:17:17.000000000,BENIGN,0,1.0,34.0,624.0,141520000000.0,50000000.0,18.352941176470587,0.0,6.0,lsnm2024_ddos_udp
2024-02-26 12:17:18.000000000,BENIGN,0,1.0,29.0,468.0,362798000000.0,50000000.0,16.137931034482758,0.0,6.0,lsnm2024_ddos_udp
2024-02-26 12:17:18.000000000,BENIGN,0,1.0,27.0,312.0,330676000000.0,50000000.0,11.555555555555555,0.0,6.0,lsnm2024_ddos_udp
2024-02-26 12:17:18.000000000,BENIGN,0,1.0,28.0,429.0,240791000000.0,50000000.0,15.321428571428571,0.0,6.0,lsnm2024_ddos_udp
2024-02-26 12:17:18.000000000,BENIGN,0,1.0,29.0,468.0,259098000000.0,50000000.0,16.137931034482758,0.0,6.0,lsnm2024_ddos_udp
2024-02-26 12:17:18.000000000,BENIGN,0,1.0,28.0,468.0,320916000000.0,50000000.0,16.714285714285715,0.0,6.0,lsnm2024_ddos_udp
2024-02-26 12:17:18.000000000,BENIGN,0,1.0,31.0,429.0,398959000000.0,50000000.0,13.838709677419354,0.0,6.0,lsnm2024_ddos_udp
2024-02-26 12:17:18.000000000,BENIGN,0,1.0,26.0,351.0,345415000000.0,50000000.0,13.5,0.0,6.0,lsnm2024_ddos_udp
2024-02-26 12:17:18.000000000,BENIGN,0,1.0,30.0,468.0,311226000000.0,50000000.0,15.6,0.0,6.0,lsnm2024_ddos_udp
2024-02-26 12:17:18.000000000,BENIGN,0,1.0,30.0,585.0,155069000000.0,50000000.0,19.5,0.0,6.0,lsnm2024_ddos_udp
2024-02-26 12:17:18.000000000,BENIGN,0,1.0,26.0,390.0,258128000000.0,50000000.0,15.0,0.0,6.0,lsnm2024_ddos_udp
2024-02-26 12:17:18.000000000,BENIGN,0,1.0,25.0,273.0,411725000000.0,50000000.0,10.92,0.0,6.0,lsnm2024_ddos_udp
2024-02-26 12:17:18.000000000,BENIGN,0,1.0,28.0,468.0,257540000000.0,50000000.0,16.714285714285715,0.0,6.0,lsnm2024_ddos_udp
2024-02-26 12:17:18.000000000,BENIGN,0,1.0,20.0,234.0,433070000000.0,50000000.0,11.7,0.0,6.0,lsnm2024_ddos_udp
2024-02-26 12:17:18.000000000,BENIGN,0,1.0,25.0,351.0,366708000000.0,50000000.0,14.04,0.0,6.0,lsnm2024_ddos_udp
2024-02-26 12:17:18.000000000,BENIGN,0,1.0,28.0,390.0,355034000000.0,50000000.0,13.928571428571429,0.0,6.0,lsnm2024_ddos_udp
2024-02-26 12:17:18.000000000,BENIGN,0,1.0,24.0,312.0,389262000000.0,50000000.0,13.0,0.0,6.0,lsnm2024_ddos_udp
2024-02-26 12:17:18.000000000,BENIGN,0,1.0,29.0,468.0,132786000000.0,50000000.0,16.137931034482758,0.0,6.0,lsnm2024_ddos_udp
2024-02-26 12:17:18.000000000,BENIGN,0,1.0,35.0,429.0,105015000000.0,50000000.0,12.257142857142858,0.0,6.0,lsnm2024_ddos_udp
2024-02-26 12:17:18.000000000,BENIGN,0,1.0,26.0,390.0,279292000000.0,50000000.0,15.0,0.0,6.0,lsnm2024_ddos_udp
2024-02-26 12:17:18.000000000,BENIGN,0,1.0,21.0,234.0,323022000000.0,50000000.0,11.142857142857142,0.0,6.0,lsnm2024_ddos_udp
2024-02-26 12:17:18.000000000,BENIGN,0,1.0,28.0,312.0,319202000000.0,50000000.0,11.142857142857142,0.0,6.0,lsnm2024_ddos_udp
2024-02-26 12:17:18.000000000,BENIGN,0,1.0,26.0,468.0,229246000000.0,50000000.0,18.0,0.0,6.0,lsnm2024_ddos_udp
2024-02-26 12:17:18.000000000,BENIGN,0,1.0,27.0,312.0,345266000000.0,50000000.0,11.555555555555555,0.0,6.0,lsnm2024_ddos_udp
2024-02-26 12:17:18.000000000,BENIGN,0,1.0,33.0,273.0,219587000000.0,50000000.0,8.272727272727273,0.0,6.0,lsnm2024_ddos_udp
2024-02-26 12:17:18.000000000,BENIGN,0,1.0,33.0,507.0,214714000000.0,50000000.0,15.363636363636363,0.0,6.0,lsnm2024_ddos_udp
2024-02-26 12:17:18.000000000,BENIGN,0,1.0,25.0,585.0,213545000000.0,50000000.0,23.4,0.0,6.0,lsnm2024_ddos_udp
2024-02-26 12:17:18.000000000,BENIGN,0,1.0,39.0,624.0,105100000000.0,50000000.0,16.0,0.0,6.0,lsnm2024_ddos_udp
2024-02-26 12:17:18.000000000,BENIGN,0,1.0,25.0,312.0,418112000000.0,50000000.0,12.48,0.0,6.0,lsnm2024_ddos_udp
2024-02-26 12:17:18.000000000,BENIGN,0,1.0,31.0,546.0,248148000000.0,50000000.0,17.612903225806452,0.0,6.0,lsnm2024_ddos_udp
2024-02-26 12:17:18.000000000,BENIGN,0,1.0,27.0,390.0,279292000000.0,50000000.0,14.444444444444445,0.0,6.0,lsnm2024_ddos_udp
2024-02-26 12:17:18.000000000,BENIGN,0,1.0,30.0,195.0,182307000000.0,50000000.0,6.5,0.0,6.0,lsnm2024_ddos_udp
2024-02-26 12:17:18.000000000,BENIGN,0,1.0,26.0,390.0,344898000000.0,50000000.0,15.0,0.0,6.0,lsnm2024_ddos_udp
2024-02-26 12:17:18.000000000,BENIGN,0,1.0,44.0,507.0,63437000000.0,50000000.0,11.522727272727273,0.0,6.0,lsnm2024_ddos_udp
2024-02-26 12:17:18.000000000,BENIGN,0,1.0,30.0,507.0,228729000000.0,50000000.0,16.9,0.0,6.0,lsnm2024_ddos_udp
2024-02-26 12:17:18.000000000,BENIGN,0,1.0,37.0,624.0,70568000000.0,50000000.0,16.864864864864863,0.0,6.0,lsnm2024_ddos_udp
2024-02-26 12:17:19.000000000,BENIGN,0,1.0,29.0,390.0,260914000000.0,50000000.0,13.448275862068966,0.0,6.0,lsnm2024_ddos_udp
2024-02-26 12:17:19.000000000,BENIGN,0,1.0,30.0,468.0,154952000000.0,50000000.0,15.6,0.0,6.0,lsnm2024_ddos_udp
2024-02-26 12:17:19.000000000,BENIGN,0,1.0,24.0,312.0,383806000000.0,50000000.0,13.0,0.0,6.0,lsnm2024_ddos_udp
2024-02-26 12:17:19.000000000,BENIGN,0,1.0,24.0,195.0,286117000000.0,50000000.0,8.125,0.0,6.0,lsnm2024_ddos_udp
2024-02-26 12:17:19.000000000,BENIGN,0,1.0,24.0,312.0,305614000000.0,50000000.0,13.0,0.0,6.0,lsnm2024_ddos_udp
2024-02-26 12:17:19.000000000,BENIGN,0,1.0,30.0,312.0,197906000000.0,50000000.0,10.4,0.0,6.0,lsnm2024_ddos_udp
2024-02-26 12:17:19.000000000,BENIGN,0,1.0,11.0,39.0,463283000000.0,50000000.0,3.5454545454545454,0.0,6.0,lsnm2024_ddos_udp
2024-02-26 12:17:19.000000000,BENIGN,0,1.0,30.0,468.0,178902000000.0,50000000.0,15.6,0.0,6.0,lsnm2024_ddos_udp
2024-02-26 12:17:19.000000000,BENIGN,0,1.0,33.0,429.0,143109000000.0,50000000.0,13.0,0.0,6.0,lsnm2024_ddos_udp
2024-02-26 12:17:19.000000000,BENIGN,0,1.0,26.0,429.0,239899000000.0,50000000.0,16.5,0.0,6.0,lsnm2024_ddos_udp
2024-02-26 12:17:19.000000000,BENIGN,0,1.0,24.0,273.0,154091000000.0,50000000.0,11.375,0.0,6.0,lsnm2024_ddos_udp
2024-02-26 12:17:19.000000000,BENIGN,0,1.0,24.0,234.0,424847000000.0,50000000.0,9.75,0.0,6.0,lsnm2024_ddos_udp
2024-02-26 12:17:19.000000000,BENIGN,0,1.0,36.0,624.0,266384000000.0,50000000.0,17.333333333333332,0.0,6.0,lsnm2024_ddos_udp
2024-02-26 12:17:19.000000000,BENIGN,0,1.0,31.0,546.0,243694000000.0,50000000.0,17.612903225806452,0.0,6.0,lsnm2024_ddos_udp
2024-02-26 12:17:19.000000000,BENIGN,0,1.0,35.0,390.0,116560000000.0,50000000.0,11.142857142857142,0.0,6.0,lsnm2024_ddos_udp
2024-02-26 12:17:19.000000000,BENIGN,0,1.0,28.0,273.0,141059000000.0,50000000.0,9.75,0.0,6.0,lsnm2024_ddos_udp
2024-02-26 12:17:19.000000000,BENIGN,0,1.0,29.0,429.0,340147000000.0,50000000.0,14.793103448275861,0.0,6.0,lsnm2024_ddos_udp
2024-02-26 12:17:19.000000000,BENIGN,0,1.0,33.0,429.0,205373000000.0,50000000.0,13.0,0.0,6.0,lsnm2024_ddos_udp
2024-02-26 12:17:19.000000000,BENIGN,0,1.0,19.0,78.0,449068000000.0,50000000.0,4.105263157894737,0.0,6.0,lsnm2024_ddos_udp
2024-02-26 12:17:19.000000000,BENIGN,0,1.0,27.0,234.0,301638000000.0,50000000.0,8.666666666666666,0.0,6.0,lsnm2024_ddos_udp
2024-02-26 12:17:19.000000000,BENIGN,0,1.0,29.0,429.0,269415000000.0,50000000.0,14.793103448275861,0.0,6.0,lsnm2024_ddos_udp
2024-02-26 12:17:19.000000000,BENIGN,0,1.0,24.0,351.0,162967000000.0,50000000.0,14.625,0.0,6.0,lsnm2024_ddos_udp
2024-02-26 12:17:19.000000000,BENIGN,0,1.0,33.0,546.0,281678000000.0,50000000.0,16.545454545454547,0.0,6.0,lsnm2024_ddos_udp
2024-02-26 12:17:19.000000000,BENIGN,0,1.0,28.0,468.0,137020000000.0,50000000.0,16.714285714285715,0.0,6.0,lsnm2024_ddos_udp
2024-02-26 12:17:19.000000000,BENIGN,0,1.0,27.0,468.0,244282000000.0,50000000.0,17.333333333333332,0.0,6.0,lsnm2024_ddos_udp
2024-02-26 12:17:19.000000000,BENIGN,0,1.0,33.0,429.0,309202000000.0,50000000.0,13.0,0.0,6.0,lsnm2024_ddos_udp
2024-02-26 12:17:19.000000000,BENIGN,0,1.0,24.0,78.0,257188000000.0,50000000.0,3.25,0.0,6.0,lsnm2024_ddos_udp
2024-02-26 12:17:19.000000000,BENIGN,0,1.0,29.0,507.0,219485000000.0,50000000.0,17.482758620689655,0.0,6.0,lsnm2024_ddos_udp
2024-02-26 12:17:19.000000000,BENIGN,0,1.0,27.0,390.0,384886000000.0,50000000.0,14.444444444444445,0.0,6.0,lsnm2024_ddos_udp
2024-02-26 12:17:19.000000000,BENIGN,0,1.0,21.0,156.0,364289000000.0,50000000.0,7.428571428571429,0.0,6.0,lsnm2024_ddos_udp
2024-02-26 12:17:19.000000000,BENIGN,0,1.0,25.0,351.0,259091000000.0,50000000.0,14.04,0.0,6.0,lsnm2024_ddos_udp
2024-02-26 12:17:19.000000000,BENIGN,0,1.0,26.0,156.0,333306000000.0,50000000.0,6.0,0.0,6.0,lsnm2024_ddos_udp
2024-02-26 12:17:19.000000000,BENIGN,0,1.0,24.0,351.0,340625000000.0,50000000.0,14.625,0.0,6.0,lsnm2024_ddos_udp
2024-02-26 12:17:19.000000000,BENIGN,0,1.0,27.0,156.0,286078000000.0,50000000.0,5.777777777777778,0.0,6.0,lsnm2024_ddos_udp
2024-02-26 12:17:19.000000000,BENIGN,0,1.0,21.0,273.0,494927000000.0,50000000.0,13.0,0.0,6.0,lsnm2024_ddos_udp
2024-02-26 12:17:19.000000000,BENIGN,0,1.0,27.0,468.0,188592000000.0,50000000.0,17.333333333333332,0.0,6.0,lsnm2024_ddos_udp
2024-02-26 12:17:19.000000000,BENIGN,0,1.0,36.0,780.0,30070000000.0,50000000.0,21.666666666666668,0.0,6.0,lsnm2024_ddos_udp
2024-02-26 12:17:19.000000000,BENIGN,0,1.0,29.0,312.0,207150000000.0,50000000.0,10.758620689655173,0.0,6.0,lsnm2024_ddos_udp
2024-02-26 12:17:19.000000000,BENIGN,0,1.0,29.0,351.0,445999000000.0,50000000.0,12.10344827586207,0.0,6.0,lsnm2024_ddos_udp
2024-02-26 12:17:19.000000000,BENIGN,0,1.0,26.0,234.0,502574000000.0,50000000.0,9.0,0.0,6.0,lsnm2024_ddos_udp
2024-02-26 12:17:19.000000000,BENIGN,0,1.0,30.0,273.0,443135000000.0,50000000.0,9.1,0.0,6.0,lsnm2024_ddos_udp
2024-02-26 12:17:19.000000000,BENIGN,0,1.0,28.0,351.0,281929000000.0,50000000.0,12.535714285714286,0.0,6.0,lsnm2024_ddos_udp
2024-02-26 12:17:19.000000000,BENIGN,0,1.0,24.0,117.0,348749000000.0,50000000.0,4.875,0.0,6.0,lsnm2024_ddos_udp
2024-02-26 12:17:19.000000000,BENIGN,0,1.0,29.0,273.0,324399000000.0,50000000.0,9.413793103448276,0.0,6.0,lsnm2024_ddos_udp
2024-02-26 12:17:19.000000000,BENIGN,0,1.0,34.0,741.0,169595000000.0,50000000.0,21.794117647058822,0.0,6.0,lsnm2024_ddos_udp
2024-02-26 12:17:19.000000000,BENIGN,0,1.0,26.0,156.0,391782000000.0,50000000.0,6.0,0.0,6.0,lsnm2024_ddos_udp
2024-02-26 12:17:19.000000000,BENIGN,0,1.0,26.0,507.0,304691000000.0,50000000.0,19.5,0.0,6.0,lsnm2024_ddos_udp
2024-02-26 12:17:19.000000000,BENIGN,0,1.0,26.0,507.0,93619000000.0,50000000.0,19.5,0.0,6.0,lsnm2024_ddos_udp
2024-02-26 12:17:19.000000000,BENIGN,0,1.0,27.0,312.0,137530000000.0,50000000.0,11.555555555555555,0.0,6.0,lsnm2024_ddos_udp
2024-02-26 12:17:19.000000000,BENIGN,0,1.0,21.0,234.0,399320000000.0,50000000.0,11.142857142857142,0.0,6.0,lsnm2024_ddos_udp
2024-02-26 12:17:19.000000000,BENIGN,0,1.0,26.0,429.0,245025000000.0,50000000.0,16.5,0.0,6.0,lsnm2024_ddos_udp
2024-02-26 12:17:19.000000000,BENIGN,0,1.0,25.0,117.0,422597000000.0,50000000.0,4.68,0.0,6.0,lsnm2024_ddos_udp
2024-02-26 12:17:19.000000000,BENIGN,0,1.0,28.0,429.0,208379000000.0,50000000.0,15.321428571428571,0.0,6.0,lsnm2024_ddos_udp
2024-02-26 12:17:19.000000000,BENIGN,0,1.0,27.0,273.0,136605000000.0,50000000.0,10.11111111111111,0.0,6.0,lsnm2024_ddos_udp
2024-02-26 12:17:19.000000000,BENIGN,0,1.0,21.0,273.0,170465000000.0,50000000.0,13.0,0.0,6.0,lsnm2024_ddos_udp
2024-02-26 12:17:19.000000000,BENIGN,0,1.0,26.0,390.0,274392000000.0,50000000.0,15.0,0.0,6.0,lsnm2024_ddos_udp
2024-02-26 12:17:19.000000000,BENIGN,0,1.0,27.0,390.0,238748000000.0,50000000.0,14.444444444444445,0.0,6.0,lsnm2024_ddos_udp
2024-02-26 12:17:20.000000000,BENIGN,0,1.0,24.0,507.0,194197000000.0,50000000.0,21.125,0.0,6.0,lsnm2024_ddos_udp
2024-02-26 12:17:20.000000000,BENIGN,0,1.0,30.0,624.0,204896000000.0,50000000.0,20.8,0.0,6.0,lsnm2024_ddos_udp
2024-02-26 12:17:20.000000000,BENIGN,0,1.0,32.0,429.0,260061000000.0,50000000.0,13.40625,0.0,6.0,lsnm2024_ddos_udp
2024-02-26 12:17:20.000000000,BENIGN,0,1.0,33.0,663.0,187003000000.0,50000000.0,20.09090909090909,0.0,6.0,lsnm2024_ddos_udp
2024-02-26 12:17:20.000000000,BENIGN,0,1.0,27.0,429.0,376011000000.0,50000000.0,15.88888888888889,0.0,6.0,lsnm2024_ddos_udp
2024-02-26 12:17:20.000000000,BENIGN,0,1.0,33.0,780.0,121514000000.0,50000000.0,23.636363636363637,0.0,6.0,lsnm2024_ddos_udp
2024-02-26 12:17:20.000000000,BENIGN,0,1.0,31.0,741.0,66005000000.0,50000000.0,23.903225806451612,0.0,6.0,lsnm2024_ddos_udp
2024-02-26 12:17:20.000000000,BENIGN,0,1.0,31.0,624.0,157002000000.0,50000000.0,20.129032258064516,0.0,6.0,lsnm2024_ddos_udp
2024-02-26 12:17:20.000000000,BENIGN,0,1.0,27.0,351.0,150491000000.0,50000000.0,13.0,0.0,6.0,lsnm2024_ddos_udp
2024-02-26 12:17:20.000000000,BENIGN,0,1.0,30.0,507.0,258581000000.0,50000000.0,16.9,0.0,6.0,lsnm2024_ddos_udp
2024-02-26 12:17:20.000000000,BENIGN,0,1.0,25.0,156.0,441460000000.0,50000000.0,6.24,0.0,6.0,lsnm2024_ddos_udp
2024-02-26 12:17:20.000000000,BENIGN,0,1.0,28.0,312.0,465896000000.0,50000000.0,11.142857142857142,0.0,6.0,lsnm2024_ddos_udp
2024-02-26 12:17:20.000000000,BENIGN,0,1.0,27.0,234.0,373592000000.0,50000000.0,8.666666666666666,0.0,6.0,lsnm2024_ddos_udp
2024-02-26 12:17:20.000000000,BENIGN,0,1.0,26.0,468.0,274244000000.0,50000000.0,18.0,0.0,6.0,lsnm2024_ddos_udp
2024-02-26 12:17:20.000000000,BENIGN,0,1.0,28.0,546.0,219744000000.0,50000000.0,19.5,0.0,6.0,lsnm2024_ddos_udp
2024-02-26 12:17:20.000000000,BENIGN,0,1.0,31.0,585.0,201851000000.0,50000000.0,18.870967741935484,0.0,6.0,lsnm2024_ddos_udp
2024-02-26 12:17:20.000000000,BENIGN,0,1.0,29.0,273.0,442133000000.0,50000000.0,9.413793103448276,0.0,6.0,lsnm2024_ddos_udp
2024-02-26 12:17:20.000000000,BENIGN,0,1.0,28.0,39.0,422409000000.0,50000000.0,1.3928571428571428,0.0,6.0,lsnm2024_ddos_udp
2024-02-26 12:17:20.000000000,BENIGN,0,1.0,24.0,117.0,311767000000.0,50000000.0,4.875,0.0,6.0,lsnm2024_ddos_udp
2024-02-26 12:17:20.000000000,BENIGN,0,1.0,33.0,351.0,193265000000.0,50000000.0,10.636363636363637,0.0,6.0,lsnm2024_ddos_udp
2024-02-26 12:17:20.000000000,BENIGN,0,1.0,24.0,390.0,263920000000.0,50000000.0,16.25,0.0,6.0,lsnm2024_ddos_udp
2024-02-26 12:17:20.000000000,BENIGN,0,1.0,30.0,195.0,307391000000.0,50000000.0,6.5,0.0,6.0,lsnm2024_ddos_udp
2024-02-26 12:17:20.000000000,BENIGN,0,1.0,24.0,156.0,426534000000.0,50000000.0,6.5,0.0,6.0,lsnm2024_ddos_udp
2024-02-26 12:17:21.000000000,BENIGN,0,1.0,32.0,624.0,176828000000.0,50000000.0,19.5,0.0,6.0,lsnm2024_ddos_udp
2024-02-26 12:17:21.000000000,BENIGN,0,1.0,26.0,429.0,397957000000.0,50000000.0,16.5,0.0,6.0,lsnm2024_ddos_udp
2024-02-26 12:17:21.000000000,BENIGN,0,1.0,26.0,312.0,501204000000.0,50000000.0,12.0,0.0,6.0,lsnm2024_ddos_udp
2024-02-26 12:17:21.000000000,BENIGN,0,1.0,33.0,351.0,252652000000.0,50000000.0,10.636363636363637,0.0,6.0,lsnm2024_ddos_udp
2024-02-26 12:17:21.000000000,BENIGN,0,1.0,28.0,390.0,308698000000.0,50000000.0,13.928571428571429,0.0,6.0,lsnm2024_ddos_udp
2024-02-26 12:17:21.000000000,BENIGN,0,1.0,30.0,468.0,312137000000.0,50000000.0,15.6,0.0,6.0,lsnm2024_ddos_udp
2024-02-26 12:17:21.000000000,BENIGN,0,1.0,38.0,624.0,211360000000.0,50000000.0,16.42105263157895,0.0,6.0,lsnm2024_ddos_udp
2024-02-26 12:17:21.000000000,BENIGN,0,1.0,22.0,390.0,259796000000.0,50000000.0,17.727272727272727,0.0,6.0,lsnm2024_ddos_udp
2024-02-26 12:17:21.000000000,BENIGN,0,1.0,32.0,468.0,93134000000.0,50000000.0,14.625,0.0,6.0,lsnm2024_ddos_udp
2024-02-26 12:17:21.000000000,BENIGN,0,1.0,22.0,429.0,411985000000.0,50000000.0,19.5,0.0,6.0,lsnm2024_ddos_udp
2024-02-26 12:17:21.000000000,BENIGN,0,1.0,32.0,585.0,231703000000.0,50000000.0,18.28125,0.0,6.0,lsnm2024_ddos_udp
2024-02-26 12:17:21.000000000,BENIGN,0,1.0,26.0,468.0,332610000000.0,50000000.0,18.0,0.0,6.0,lsnm2024_ddos_udp
2024-02-26 12:17:21.000000000,BENIGN,0,1.0,25.0,390.0,376864000000.0,50000000.0,15.6,0.0,6.0,lsnm2024_ddos_udp
2024-02-26 12:17:21.000000000,BENIGN,0,1.0,31.0,468.0,287075000000.0,50000000.0,15.096774193548388,0.0,6.0,lsnm2024_ddos_udp
2024-02-26 12:17:21.000000000,BENIGN,0,1.0,24.0,312.0,348272000000.0,50000000.0,13.0,0.0,6.0,lsnm2024_ddos_udp
2024-02-26 12:17:21.000000000,BENIGN,0,1.0,35.0,624.0,93736000000.0,50000000.0,17.82857142857143,0.0,6.0,lsnm2024_ddos_udp
2024-02-26 12:17:21.000000000,BENIGN,0,1.0,27.0,468.0,260229000000.0,50000000.0,17.333333333333332,0.0,6.0,lsnm2024_ddos_udp
2024-02-26 12:17:21.000000000,BENIGN,0,1.0,32.0,663.0,241471000000.0,50000000.0,20.71875,0.0,6.0,lsnm2024_ddos_udp
2024-02-26 12:17:21.000000000,BENIGN,0,1.0,27.0,390.0,447706000000.0,50000000.0,14.444444444444445,0.0,6.0,lsnm2024_ddos_udp
2024-02-26 12:17:21.000000000,BENIGN,0,1.0,28.0,351.0,369921000000.0,50000000.0,12.535714285714286,0.0,6.0,lsnm2024_ddos_udp
2024-02-26 12:17:21.000000000,BENIGN,0,1.0,32.0,585.0,232705000000.0,50000000.0,18.28125,0.0,6.0,lsnm2024_ddos_udp
2024-02-26 12:17:21.000000000,BENIGN,0,1.0,30.0,546.0,160712000000.0,50000000.0,18.2,0.0,6.0,lsnm2024_ddos_udp
2024-02-26 12:17:21.000000000,BENIGN,0,1.0,29.0,312.0,348498000000.0,50000000.0,10.758620689655173,0.0,6.0,lsnm2024_ddos_udp
2024-02-26 12:17:21.000000000,BENIGN,0,1.0,35.0,780.0,212072000000.0,50000000.0,22.285714285714285,0.0,6.0,lsnm2024_ddos_udp
2024-02-26 12:17:21.000000000,BENIGN,0,1.0,18.0,273.0,431209000000.0,50000000.0,15.166666666666666,0.0,6.0,lsnm2024_ddos_udp
2024-02-26 12:17:21.000000000,BENIGN,0,1.0,28.0,390.0,403264000000.0,50000000.0,13.928571428571429,0.0,6.0,lsnm2024_ddos_udp
2024-02-26 12:17:21.000000000,BENIGN,0,1.0,29.0,351.0,338957000000.0,50000000.0,12.10344827586207,0.0,6.0,lsnm2024_ddos_udp
2024-02-26 12:17:21.000000000,BENIGN,0,1.0,27.0,390.0,293772000000.0,50000000.0,14.444444444444445,0.0,6.0,lsnm2024_ddos_udp
2024-02-26 12:17:21.000000000,BENIGN,0,1.0,32.0,468.0,331834000000.0,50000000.0,14.625,0.0,6.0,lsnm2024_ddos_udp
2024-02-26 12:17:21.000000000,BENIGN,0,1.0,26.0,351.0,262879000000.0,50000000.0,13.5,0.0,6.0,lsnm2024_ddos_udp
2024-02-26 12:17:21.000000000,BENIGN,0,1.0,24.0,273.0,461642000000.0,50000000.0,11.375,0.0,6.0,lsnm2024_ddos_udp
2024-02-26 12:17:21.000000000,BENIGN,0,1.0,30.0,624.0,280192000000.0,50000000.0,20.8,0.0,6.0,lsnm2024_ddos_udp
2024-02-26 12:17:21.000000000,BENIGN,0,1.0,32.0,585.0,184475000000.0,50000000.0,18.28125,0.0,6.0,lsnm2024_ddos_udp
2024-02-26 12:17:21.000000000,BENIGN,0,1.0,30.0,468.0,352662000000.0,50000000.0,15.6,0.0,6.0,lsnm2024_ddos_udp
2024-02-26 12:17:22.000000000,BENIGN,0,1.0,23.0,78.0,129060000000.0,50000000.0,3.391304347826087,0.0,6.0,lsnm2024_ddos_udp
2024-02-26 12:17:22.000000000,BENIGN,0,1.0,31.0,468.0,283824000000.0,50000000.0,15.096774193548388,0.0,6.0,lsnm2024_ddos_udp
2024-02-26 12:17:22.000000000,BENIGN,0,1.0,12.0,234.0,503369000000.0,50000000.0,19.5,0.0,6.0,lsnm2024_ddos_udp
2024-02-26 12:17:22.000000000,BENIGN,0,1.0,31.0,546.0,234670000000.0,50000000.0,17.612903225806452,0.0,6.0,lsnm2024_ddos_udp
2024-02-26 12:17:22.000000000,BENIGN,0,1.0,27.0,312.0,188772000000.0,50000000.0,11.555555555555555,0.0,6.0,lsnm2024_ddos_udp
2024-02-26 12:17:22.000000000,BENIGN,0,1.0,24.0,39.0,99505000000.0,50000000.0,1.625,0.0,6.0,lsnm2024_ddos_udp
2024-02-26 12:17:22.000000000,BENIGN,0,1.0,29.0,546.0,394952000000.0,50000000.0,18.82758620689655,0.0,6.0,lsnm2024_ddos_udp
2024-02-26 12:17:22.000000000,BENIGN,0,1.0,26.0,78.0,85064000000.0,50000000.0,3.0,0.0,6.0,lsnm2024_ddos_udp
2024-02-26 12:17:22.000000000,BENIGN,0,1.0,28.0,507.0,279073000000.0,50000000.0,18.107142857142858,0.0,6.0,lsnm2024_ddos_udp
2024-02-26 12:17:22.000000000,BENIGN,0,1.0,29.0,585.0,366031000000.0,50000000.0,20.17241379310345,0.0,6.0,lsnm2024_ddos_udp
2024-02-26 12:17:22.000000000,BENIGN,0,1.0,33.0,819.0,77673000000.0,50000000.0,24.818181818181817,0.0,6.0,lsnm2024_ddos_udp
2024-02-26 12:17:22.000000000,BENIGN,0,1.0,36.0,468.0,160078000000.0,50000000.0,13.0,0.0,6.0,lsnm2024_ddos_udp
2024-02-26 12:17:22.000000000,BENIGN,0,1.0,26.0,0.0,73848000000.0,50000000.0,0.0,0.0,6.0,lsnm2024_ddos_udp
2024-02-26 12:17:22.000000000,BENIGN,0,1.0,24.0,312.0,470906000000.0,50000000.0,13.0,0.0,6.0,lsnm2024_ddos_udp
2024-02-26 12:17:22.000000000,BENIGN,0,1.0,27.0,351.0,288833000000.0,50000000.0,13.0,0.0,6.0,lsnm2024_ddos_udp
2024-02-26 12:17:22.000000000,BENIGN,0,1.0,29.0,234.0,169534000000.0,50000000.0,8.068965517241379,0.0,6.0,lsnm2024_ddos_udp
2024-02-26 12:17:22.000000000,BENIGN,0,1.0,29.0,468.0,414034000000.0,50000000.0,16.137931034482758,0.0,6.0,lsnm2024_ddos_udp
2024-02-26 12:17:22.000000000,BENIGN,0,1.0,29.0,117.0,74075000000.0,50000000.0,4.0344827586206895,0.0,6.0,lsnm2024_ddos_udp
2024-02-26 12:17:22.000000000,BENIGN,0,1.0,26.0,0.0,64714000000.0,50000000.0,0.0,0.0,6.0,lsnm2024_ddos_udp
2024-02-26 12:17:22.000000000,BENIGN,0,1.0,29.0,351.0,140135000000.0,50000000.0,12.10344827586207,0.0,6.0,lsnm2024_ddos_udp
2024-02-26 12:17:22.000000000,BENIGN,0,1.0,31.0,351.0,96249000000.0,50000000.0,11.32258064516129,0.0,6.0,lsnm2024_ddos_udp
2024-02-26 12:17:22.000000000,BENIGN,0,1.0,23.0,78.0,111238000000.0,50000000.0,3.391304347826087,0.0,6.0,lsnm2024_ddos_udp
2024-02-26 12:17:22.000000000,BENIGN,0,1.0,26.0,468.0,431074000000.0,50000000.0,18.0,0.0,6.0,lsnm2024_ddos_udp
2024-02-26 12:17:22.000000000,BENIGN,0,1.0,32.0,624.0,224612000000.0,50000000.0,19.5,0.0,6.0,lsnm2024_ddos_udp
2024-02-26 12:17:22.000000000,BENIGN,0,1.0,31.0,546.0,227430000000.0,50000000.0,17.612903225806452,0.0,6.0,lsnm2024_ddos_udp
2024-02-26 12:17:22.000000000,BENIGN,0,1.0,31.0,468.0,189374000000.0,50000000.0,15.096774193548388,0.0,6.0,lsnm2024_ddos_udp
2024-02-26 12:17:22.000000000,BENIGN,0,1.0,28.0,507.0,240423000000.0,50000000.0,18.107142857142858,0.0,6.0,lsnm2024_ddos_udp
2024-02-26 12:17:22.000000000,BENIGN,0,1.0,31.0,546.0,299274000000.0,50000000.0,17.612903225806452,0.0,6.0,lsnm2024_ddos_udp
2024-02-26 12:17:22.000000000,BENIGN,0,1.0,27.0,273.0,133153000000.0,50000000.0,10.11111111111111,0.0,6.0,lsnm2024_ddos_udp
2024-02-26 12:17:22.000000000,BENIGN,0,1.0,31.0,468.0,296636000000.0,50000000.0,15.096774193548388,0.0,6.0,lsnm2024_ddos_udp
2024-02-26 12:17:22.000000000,BENIGN,0,1.0,17.0,312.0,133192000000.0,50000000.0,18.352941176470587,0.0,6.0,lsnm2024_ddos_udp
2024-02-26 12:17:22.000000000,BENIGN,0,1.0,24.0,78.0,98206000000.0,50000000.0,3.25,0.0,6.0,lsnm2024_ddos_udp
2024-02-26 12:17:22.000000000,BENIGN,0,1.0,28.0,312.0,244352000000.0,50000000.0,11.142857142857142,0.0,6.0,lsnm2024_ddos_udp
2024-02-26 12:17:22.000000000,BENIGN,0,1.0,29.0,468.0,389418000000.0,50000000.0,16.137931034482758,0.0,6.0,lsnm2024_ddos_udp
2024-02-26 12:17:22.000000000,BENIGN,0,1.0,26.0,312.0,431254000000.0,50000000.0,12.0,0.0,6.0,lsnm2024_ddos_udp
2024-02-26 12:17:22.000000000,BENIGN,0,1.0,27.0,312.0,165714000000.0,50000000.0,11.555555555555555,0.0,6.0,lsnm2024_ddos_udp
2024-02-26 12:17:22.000000000,BENIGN,0,1.0,25.0,312.0,287346000000.0,50000000.0,12.48,0.0,6.0,lsnm2024_ddos_udp
2024-02-26 12:17:22.000000000,BENIGN,0,1.0,30.0,273.0,113773000000.0,50000000.0,9.1,0.0,6.0,lsnm2024_ddos_udp
2024-02-26 12:17:23.000000000,BENIGN,0,1.0,24.0,312.0,303384000000.0,50000000.0,13.0,0.0,6.0,lsnm2024_ddos_udp
2024-02-26 12:17:23.000000000,BENIGN,0,1.0,27.0,351.0,301419000000.0,50000000.0,13.0,0.0,6.0,lsnm2024_ddos_udp
2024-02-26 12:17:23.000000000,BENIGN,0,1.0,27.0,546.0,147124000000.0,50000000.0,20.22222222222222,0.0,6.0,lsnm2024_ddos_udp
2024-02-26 12:17:23.000000000,BENIGN,0,1.0,29.0,429.0,203589000000.0,50000000.0,14.793103448275861,0.0,6.0,lsnm2024_ddos_udp
2024-02-26 12:17:23.000000000,BENIGN,0,1.0,30.0,351.0,218773000000.0,50000000.0,11.7,0.0,6.0,lsnm2024_ddos_udp
2024-02-26 12:17:23.000000000,BENIGN,0,1.0,30.0,312.0,330230000000.0,50000000.0,10.4,0.0,6.0,lsnm2024_ddos_udp
2024-02-26 12:17:23.000000000,BENIGN,0,1.0,29.0,390.0,248328000000.0,50000000.0,13.448275862068966,0.0,6.0,lsnm2024_ddos_udp
2024-02-26 12:17:23.000000000,BENIGN,0,1.0,33.0,312.0,242794000000.0,50000000.0,9.454545454545455,0.0,6.0,lsnm2024_ddos_udp
2024-02-26 12:17:23.000000000,BENIGN,0,1.0,27.0,273.0,250551000000.0,50000000.0,10.11111111111111,0.0,6.0,lsnm2024_ddos_udp
2024-02-26 12:17:23.000000000,BENIGN,0,1.0,35.0,468.0,85448000000.0,50000000.0,13.371428571428572,0.0,6.0,lsnm2024_ddos_udp
2024-02-26 12:17:23.000000000,BENIGN,0,1.0,34.0,585.0,120207000000.0,50000000.0,17.205882352941178,0.0,6.0,lsnm2024_ddos_udp
2024-02-26 12:17:23.000000000,BENIGN,0,1.0,27.0,312.0,301270000000.0,50000000.0,11.555555555555555,0.0,6.0,lsnm2024_ddos_udp
2024-02-26 12:17:23.000000000,BENIGN,0,1.0,23.0,312.0,257940000000.0,50000000.0,13.565217391304348,0.0,6.0,lsnm2024_ddos_udp
2024-02-26 12:17:23.000000000,BENIGN,0,1.0,27.0,195.0,337909000000.0,50000000.0,7.222222222222222,0.0,6.0,lsnm2024_ddos_udp
2024-02-26 12:17:23.000000000,BENIGN,0,1.0,34.0,546.0,125404000000.0,50000000.0,16.058823529411764,0.0,6.0,lsnm2024_ddos_udp
2024-02-26 12:17:23.000000000,BENIGN,0,1.0,27.0,429.0,249479000000.0,50000000.0,15.88888888888889,0.0,6.0,lsnm2024_ddos_udp
2024-02-26 12:17:23.000000000,BENIGN,0,1.0,32.0,429.0,68589000000.0,50000000.0,13.40625,0.0,6.0,lsnm2024_ddos_udp
2024-02-26 12:17:23.000000000,BENIGN,0,1.0,28.0,468.0,127776000000.0,50000000.0,16.714285714285715,0.0,6.0,lsnm2024_ddos_udp
2024-02-26 12:17:23.000000000,BENIGN,0,1.0,26.0,351.0,298523000000.0,50000000.0,13.5,0.0,6.0,lsnm2024_ddos_udp
2024-02-26 12:17:23.000000000,BENIGN,0,1.0,26.0,390.0,301458000000.0,50000000.0,15.0,0.0,6.0,lsnm2024_ddos_udp
2024-02-26 12:17:23.000000000,BENIGN,0,1.0,26.0,312.0,225528000000.0,50000000.0,12.0,0.0,6.0,lsnm2024_ddos_udp
2024-02-26 12:17:23.000000000,BENIGN,0,1.0,24.0,273.0,142843000000.0,50000000.0,11.375,0.0,6.0,lsnm2024_ddos_udp
2024-02-26 12:17:23.000000000,BENIGN,0,1.0,28.0,390.0,204888000000.0,50000000.0,13.928571428571429,0.0,6.0,lsnm2024_ddos_udp
2024-02-26 12:17:23.000000000,BENIGN,0,1.0,29.0,273.0,211901000000.0,50000000.0,9.413793103448276,0.0,6.0,lsnm2024_ddos_udp
2024-02-26 12:17:23.000000000,BENIGN,0,1.0,29.0,390.0,243874000000.0,50000000.0,13.448275862068966,0.0,6.0,lsnm2024_ddos_udp
2024-02-26 12:17:23.000000000,BENIGN,0,1.0,33.0,468.0,169768000000.0,50000000.0,14.181818181818182,0.0,6.0,lsnm2024_ddos_udp
2024-02-26 12:17:24.000000000,BENIGN,0,1.0,30.0,546.0,286132000000.0,50000000.0,18.2,0.0,6.0,lsnm2024_ddos_udp
2024-02-26 12:17:24.000000000,BENIGN,0,1.0,27.0,273.0,418519000000.0,50000000.0,10.11111111111111,0.0,6.0,lsnm2024_ddos_udp
2024-02-26 12:17:24.000000000,BENIGN,0,1.0,29.0,351.0,340515000000.0,50000000.0,12.10344827586207,0.0,6.0,lsnm2024_ddos_udp
2024-02-26 12:17:24.000000000,BENIGN,0,1.0,29.0,429.0,363315000000.0,50000000.0,14.793103448275861,0.0,6.0,lsnm2024_ddos_udp
2024-02-26 12:17:24.000000000,BENIGN,0,1.0,29.0,390.0,160000000000.0,50000000.0,13.448275862068966,0.0,6.0,lsnm2024_ddos_udp
2024-02-26 12:17:24.000000000,BENIGN,0,1.0,29.0,546.0,335920000000.0,50000000.0,18.82758620689655,0.0,6.0,lsnm2024_ddos_udp
2024-02-26 12:17:24.000000000,BENIGN,0,1.0,26.0,351.0,283597000000.0,50000000.0,13.5,0.0,6.0,lsnm2024_ddos_udp
2024-02-26 12:17:24.000000000,BENIGN,0,1.0,29.0,468.0,299642000000.0,50000000.0,16.137931034482758,0.0,6.0,lsnm2024_ddos_udp
2024-02-26 12:17:24.000000000,BENIGN,0,1.0,28.0,468.0,375384000000.0,50000000.0,16.714285714285715,0.0,6.0,lsnm2024_ddos_udp
2024-02-26 12:17:24.000000000,BENIGN,0,1.0,32.0,468.0,228024000000.0,50000000.0,14.625,0.0,6.0,lsnm2024_ddos_udp
2024-02-26 12:17:24.000000000,BENIGN,0,1.0,26.0,273.0,305685000000.0,50000000.0,10.5,0.0,6.0,lsnm2024_ddos_udp
2024-02-26 12:17:24.000000000,BENIGN,0,1.0,29.0,351.0,350651000000.0,50000000.0,12.10344827586207,0.0,6.0,lsnm2024_ddos_udp
2024-02-26 12:17:24.000000000,BENIGN,0,1.0,28.0,390.0,290210000000.0,50000000.0,13.928571428571429,0.0,6.0,lsnm2024_ddos_udp
2024-02-26 12:17:24.000000000,BENIGN,0,1.0,29.0,507.0,334543000000.0,50000000.0,17.482758620689655,0.0,6.0,lsnm2024_ddos_udp
2024-02-26 12:17:25.000000000,BENIGN,0,1.0,23.0,234.0,245961000000.0,50000000.0,10.173913043478262,0.0,6.0,lsnm2024_ddos_udp
2024-02-26 12:17:25.000000000,BENIGN,0,1.0,30.0,390.0,302014000000.0,50000000.0,13.0,0.0,6.0,lsnm2024_ddos_udp
2024-02-26 12:17:25.000000000,BENIGN,0,1.0,31.0,585.0,165651000000.0,50000000.0,18.870967741935484,0.0,6.0,lsnm2024_ddos_udp
2024-02-26 12:17:25.000000000,BENIGN,0,1.0,30.0,507.0,303915000000.0,50000000.0,16.9,0.0,6.0,lsnm2024_ddos_udp
2024-02-26 12:17:25.000000000,BENIGN,0,1.0,29.0,429.0,264295000000.0,50000000.0,14.793103448275861,0.0,6.0,lsnm2024_ddos_udp
2024-02-26 12:17:25.000000000,BENIGN,0,1.0,29.0,312.0,233660000000.0,50000000.0,10.758620689655173,0.0,6.0,lsnm2024_ddos_udp
2024-02-26 12:17:25.000000000,BENIGN,0,1.0,38.0,624.0,206460000000.0,50000000.0,16.42105263157895,0.0,6.0,lsnm2024_ddos_udp
2024-02-26 12:17:25.000000000,BENIGN,0,1.0,30.0,468.0,293184000000.0,50000000.0,15.6,0.0,6.0,lsnm2024_ddos_udp
2024-02-26 12:17:25.000000000,BENIGN,0,1.0,26.0,468.0,400666000000.0,50000000.0,18.0,0.0,6.0,lsnm2024_ddos_udp
2024-02-26 12:17:25.000000000,BENIGN,0,1.0,28.0,312.0,324548000000.0,50000000.0,11.142857142857142,0.0,6.0,lsnm2024_ddos_udp
2024-02-26 12:17:25.000000000,BENIGN,0,1.0,26.0,273.0,221811000000.0,50000000.0,10.5,0.0,6.0,lsnm2024_ddos_udp
2024-02-26 12:17:25.000000000,BENIGN,0,1000000.0,27.0,468.0,96140.0,50.0,17.333333333333332,0.0,6.0,lsnm2024_ddos_udp
2024-02-26 12:17:25.000000000,BENIGN,0,1.0,31.0,585.0,138585000000.0,50000000.0,18.870967741935484,0.0,6.0,lsnm2024_ddos_udp
2024-02-26 12:17:25.000000000,BENIGN,0,1.0,20.0,351.0,362565000000.0,50000000.0,17.55,0.0,6.0,lsnm2024_ddos_udp
2024-02-26 12:17:25.000000000,BENIGN,0,1.0,21.0,195.0,516349000000.0,50000000.0,9.285714285714286,0.0,6.0,lsnm2024_ddos_udp
2024-02-26 12:17:25.000000000,BENIGN,0,1.0,34.0,546.0,116826000000.0,50000000.0,16.058823529411764,0.0,6.0,lsnm2024_ddos_udp
2024-02-26 12:17:25.000000000,BENIGN,0,1.0,31.0,273.0,236963000000.0,50000000.0,8.806451612903226,0.0,6.0,lsnm2024_ddos_udp
2024-02-26 12:17:25.000000000,BENIGN,0,1.0,33.0,390.0,91052000000.0,50000000.0,11.818181818181818,0.0,6.0,lsnm2024_ddos_udp
2024-02-26 12:17:25.000000000,BENIGN,0,1.0,29.0,468.0,281264000000.0,50000000.0,16.137931034482758,0.0,6.0,lsnm2024_ddos_udp
2024-02-26 12:17:25.000000000,BENIGN,0,1.0,28.0,390.0,288536000000.0,50000000.0,13.928571428571429,0.0,6.0,lsnm2024_ddos_udp
2024-02-26 12:17:25.000000000,BENIGN,0,1.0,25.0,156.0,346467000000.0,50000000.0,6.24,0.0,6.0,lsnm2024_ddos_udp
2024-02-26 12:17:25.000000000,BENIGN,0,1.0,29.0,468.0,302984000000.0,50000000.0,16.137931034482758,0.0,6.0,lsnm2024_ddos_udp
2024-02-26 12:17:25.000000000,BENIGN,0,1.0,32.0,468.0,136574000000.0,50000000.0,14.625,0.0,6.0,lsnm2024_ddos_udp
2024-02-26 12:17:26.000000000,BENIGN,0,1.0,27.0,351.0,457247000000.0,50000000.0,13.0,0.0,6.0,lsnm2024_ddos_udp
2024-02-26 12:17:26.000000000,BENIGN,0,1.0,32.0,546.0,92766000000.0,50000000.0,17.0625,0.0,6.0,lsnm2024_ddos_udp
2024-02-26 12:17:26.000000000,BENIGN,0,1.0,38.0,546.0,121952000000.0,50000000.0,14.368421052631579,0.0,6.0,lsnm2024_ddos_udp
2024-02-26 12:17:26.000000000,BENIGN,0,1.0,22.0,351.0,535103000000.0,50000000.0,15.954545454545455,0.0,6.0,lsnm2024_ddos_udp
2024-02-26 12:17:26.000000000,BENIGN,0,1.0,31.0,468.0,106631000000.0,50000000.0,15.096774193548388,0.0,6.0,lsnm2024_ddos_udp
2024-02-26 12:17:26.000000000,BENIGN,0,1.0,24.0,195.0,477583000000.0,50000000.0,8.125,0.0,6.0,lsnm2024_ddos_udp
2024-02-26 12:17:26.000000000,BENIGN,0,1.0,34.0,624.0,54194000000.0,50000000.0,18.352941176470587,0.0,6.0,lsnm2024_ddos_udp
2024-02-26 12:17:26.000000000,BENIGN,0,1.0,36.0,663.0,206945000000.0,50000000.0,18.416666666666668,0.0,6.0,lsnm2024_ddos_udp
2024-02-26 12:17:26.000000000,BENIGN,0,1.0,27.0,468.0,380284000000.0,50000000.0,17.333333333333332,0.0,6.0,lsnm2024_ddos_udp
2024-02-26 12:17:26.000000000,BENIGN,0,1.0,6.0,0.0,781578000000.0,50000000.0,0.0,0.0,6.0,lsnm2024_ddos_udp
2024-02-26 12:17:26.000000000,BENIGN,0,1.0,30.0,507.0,322739000000.0,50000000.0,16.9,0.0,6.0,lsnm2024_ddos_udp
2024-02-26 12:17:26.000000000,BENIGN,0,1.0,29.0,390.0,311038000000.0,50000000.0,13.448275862068966,0.0,6.0,lsnm2024_ddos_udp
2024-02-26 12:17:26.000000000,BENIGN,0,1.0,28.0,507.0,245213000000.0,50000000.0,18.107142857142858,0.0,6.0,lsnm2024_ddos_udp
2024-02-26 12:17:26.000000000,BENIGN,0,1.0,22.0,351.0,335389000000.0,50000000.0,15.954545454545455,0.0,6.0,lsnm2024_ddos_udp
2024-02-26 12:17:26.000000000,BENIGN,0,1.0,31.0,546.0,144338000000.0,50000000.0,17.612903225806452,0.0,6.0,lsnm2024_ddos_udp
2024-02-26 12:17:26.000000000,BENIGN,0,1.0,34.0,663.0,219195000000.0,50000000.0,19.5,0.0,6.0,lsnm2024_ddos_udp
2024-02-26 12:17:26.000000000,BENIGN,0,1.0,31.0,390.0,46274000000.0,50000000.0,12.580645161290322,0.0,6.0,lsnm2024_ddos_udp
2024-02-26 12:17:26.000000000,BENIGN,0,1.0,34.0,663.0,228885000000.0,50000000.0,19.5,0.0,6.0,lsnm2024_ddos_udp
2024-02-26 12:17:26.000000000,BENIGN,0,1.0,25.0,429.0,491741000000.0,50000000.0,17.16,0.0,6.0,lsnm2024_ddos_udp
2024-02-26 12:17:26.000000000,BENIGN,0,1.0,23.0,312.0,455424000000.0,50000000.0,13.565217391304348,0.0,6.0,lsnm2024_ddos_udp
2024-02-26 12:17:26.000000000,BENIGN,0,1.0,27.0,585.0,235840000000.0,50000000.0,21.666666666666668,0.0,6.0,lsnm2024_ddos_udp
2024-02-26 12:17:26.000000000,BENIGN,0,1.0,32.0,546.0,271542000000.0,50000000.0,17.0625,0.0,6.0,lsnm2024_ddos_udp
2024-02-26 12:17:26.000000000,BENIGN,0,1.0,29.0,507.0,334879000000.0,50000000.0,17.482758620689655,0.0,6.0,lsnm2024_ddos_udp
2024-02-26 12:17:26.000000000,BENIGN,0,1.0,31.0,546.0,296934000000.0,50000000.0,17.612903225806452,0.0,6.0,lsnm2024_ddos_udp
2024-02-26 12:17:26.000000000,BENIGN,0,1.0,27.0,468.0,416930000000.0,50000000.0,17.333333333333332,0.0,6.0,lsnm2024_ddos_udp
2024-02-26 12:17:27.000000000,BENIGN,0,1.0,33.0,546.0,101900000000.0,50000000.0,16.545454545454547,0.0,6.0,lsnm2024_ddos_udp
2024-02-26 12:17:27.000000000,BENIGN,0,1.0,28.0,429.0,232549000000.0,50000000.0,15.321428571428571,0.0,6.0,lsnm2024_ddos_udp
2024-02-26 12:17:27.000000000,BENIGN,0,1.0,31.0,663.0,302397000000.0,50000000.0,21.387096774193548,0.0,6.0,lsnm2024_ddos_udp
2024-02-26 12:17:27.000000000,BENIGN,0,1.0,31.0,273.0,132261000000.0,50000000.0,8.806451612903226,0.0,6.0,lsnm2024_ddos_udp
2024-02-26 12:17:27.000000000,BENIGN,0,1.0,26.0,273.0,216264000000.0,50000000.0,10.5,0.0,6.0,lsnm2024_ddos_udp
2024-02-26 12:17:27.000000000,BENIGN,0,1.0,25.0,273.0,316732000000.0,50000000.0,10.92,0.0,6.0,lsnm2024_ddos_udp
2024-02-26 12:17:27.000000000,BENIGN,0,1.0,36.0,741.0,76031000000.0,50000000.0,20.583333333333332,0.0,6.0,lsnm2024_ddos_udp
2024-02-26 12:17:27.000000000,BENIGN,0,1.0,27.0,468.0,353774000000.0,50000000.0,17.333333333333332,0.0,6.0,lsnm2024_ddos_udp
2024-02-26 12:17:27.000000000,BENIGN,0,1.0,30.0,195.0,164039000000.0,50000000.0,6.5,0.0,6.0,lsnm2024_ddos_udp
2024-02-26 12:17:27.000000000,BENIGN,0,1.0,26.0,390.0,456504000000.0,50000000.0,15.0,0.0,6.0,lsnm2024_ddos_udp
2024-02-26 12:17:27.000000000,BENIGN,0,1.0,35.0,585.0,41569000000.0,50000000.0,16.714285714285715,0.0,6.0,lsnm2024_ddos_udp
2024-02-26 12:17:27.000000000,BENIGN,0,1.0,26.0,429.0,390271000000.0,50000000.0,16.5,0.0,6.0,lsnm2024_ddos_udp
2024-02-26 12:17:27.000000000,BENIGN,0,1.0,26.0,312.0,145552000000.0,50000000.0,12.0,0.0,6.0,lsnm2024_ddos_udp
2024-02-26 12:17:27.000000000,BENIGN,0,1.0,31.0,546.0,322461000000.0,50000000.0,17.612903225806452,0.0,6.0,lsnm2024_ddos_udp
2024-02-26 12:17:27.000000000,BENIGN,0,1.0,26.0,429.0,274095000000.0,50000000.0,16.5,0.0,6.0,lsnm2024_ddos_udp
2024-02-26 12:17:27.000000000,BENIGN,0,1.0,35.0,585.0,50813000000.0,50000000.0,16.714285714285715,0.0,6.0,lsnm2024_ddos_udp
2024-02-26 12:17:27.000000000,BENIGN,0,1.0,28.0,390.0,436232000000.0,50000000.0,13.928571428571429,0.0,6.0,lsnm2024_ddos_udp
2024-02-26 12:17:27.000000000,BENIGN,0,1.0,28.0,546.0,247812000000.0,50000000.0,19.5,0.0,6.0,lsnm2024_ddos_udp
2024-02-26 12:17:27.000000000,BENIGN,0,1.0,27.0,429.0,201249000000.0,50000000.0,15.88888888888889,0.0,6.0,lsnm2024_ddos_udp
2024-02-26 12:17:27.000000000,BENIGN,0,1.0,24.0,390.0,311704000000.0,50000000.0,16.25,0.0,6.0,lsnm2024_ddos_udp
2024-02-26 12:17:27.000000000,BENIGN,0,1.0,29.0,507.0,436349000000.0,50000000.0,17.482758620689655,0.0,6.0,lsnm2024_ddos_udp
2024-02-26 12:17:27.000000000,BENIGN,0,1.0,26.0,468.0,361460000000.0,50000000.0,18.0,0.0,6.0,lsnm2024_ddos_udp
2024-02-26 12:17:27.000000000,BENIGN,0,1.0,24.0,390.0,470984000000.0,50000000.0,16.25,0.0,6.0,lsnm2024_ddos_udp
2024-02-26 12:17:27.000000000,BENIGN,0,1.0,28.0,351.0,286383000000.0,50000000.0,12.535714285714286,0.0,6.0,lsnm2024_ddos_udp
2024-02-26 12:17:27.000000000,BENIGN,0,1.0,27.0,429.0,259505000000.0,50000000.0,15.88888888888889,0.0,6.0,lsnm2024_ddos_udp
2024-02-26 12:17:27.000000000,BENIGN,0,1.0,30.0,624.0,90950000000.0,50000000.0,20.8,0.0,6.0,lsnm2024_ddos_udp
2024-02-26 12:17:28.000000000,BENIGN,0,1.0,30.0,507.0,259473000000.0,50000000.0,16.9,0.0,6.0,lsnm2024_ddos_udp
2024-02-26 12:17:28.000000000,BENIGN,0,1.0,26.0,312.0,308956000000.0,50000000.0,12.0,0.0,6.0,lsnm2024_ddos_udp
2024-02-26 12:17:28.000000000,BENIGN,0,1.0,28.0,468.0,156865000000.0,50000000.0,16.714285714285715,0.0,6.0,lsnm2024_ddos_udp
2024-02-26 12:17:28.000000000,BENIGN,0,1.0,33.0,390.0,122462000000.0,50000000.0,11.818181818181818,0.0,6.0,lsnm2024_ddos_udp
2024-02-26 12:17:28.000000000,BENIGN,0,1.0,28.0,351.0,245412000000.0,50000000.0,12.535714285714286,0.0,6.0,lsnm2024_ddos_udp
2024-02-26 12:17:28.000000000,BENIGN,0,1.0,28.0,312.0,366986000000.0,50000000.0,11.142857142857142,0.0,6.0,lsnm2024_ddos_udp
2024-02-26 12:17:28.000000000,BENIGN,0,1.0,26.0,273.0,382765000000.0,50000000.0,10.5,0.0,6.0,lsnm2024_ddos_udp
2024-02-26 12:17:28.000000000,BENIGN,0,1.0,24.0,312.0,305278000000.0,50000000.0,13.0,0.0,6.0,lsnm2024_ddos_udp
2024-02-26 12:17:28.000000000,BENIGN,0,1.0,24.0,195.0,394381000000.0,50000000.0,8.125,0.0,6.0,lsnm2024_ddos_udp
2024-02-26 12:17:28.000000000,BENIGN,0,1.0,31.0,663.0,263191000000.0,50000000.0,21.387096774193548,0.0,6.0,lsnm2024_ddos_udp
2024-02-26 12:17:28.000000000,BENIGN,0,1.0,31.0,546.0,350400000000.0,50000000.0,17.612903225806452,0.0,6.0,lsnm2024_ddos_udp
2024-02-26 12:17:28.000000000,BENIGN,0,1.0,33.0,546.0,105242000000.0,50000000.0,16.545454545454547,0.0,6.0,lsnm2024_ddos_udp
2024-02-26 12:17:28.000000000,BENIGN,0,1.0,5.0,39.0,633585000000.0,50000000.0,7.8,0.0,6.0,lsnm2024_ddos_udp
2024-02-26 12:17:28.000000000,BENIGN,0,1.0,33.0,546.0,54226000000.0,50000000.0,16.545454545454547,0.0,6.0,lsnm2024_ddos_udp
2024-02-26 12:17:28.000000000,BENIGN,0,1.0,27.0,312.0,332234000000.0,50000000.0,11.555555555555555,0.0,6.0,lsnm2024_ddos_udp
2024-02-26 12:17:28.000000000,BENIGN,0,1.0,30.0,468.0,343082000000.0,50000000.0,15.6,0.0,6.0,lsnm2024_ddos_udp
2024-02-26 12:17:28.000000000,BENIGN,0,1.0,28.0,351.0,135009000000.0,50000000.0,12.535714285714286,0.0,6.0,lsnm2024_ddos_udp
2024-02-26 12:17:28.000000000,BENIGN,0,1.0,24.0,585.0,243953000000.0,50000000.0,24.375,0.0,6.0,lsnm2024_ddos_udp
2024-02-26 12:17:28.000000000,BENIGN,0,1.0,34.0,663.0,119729000000.0,50000000.0,19.5,0.0,6.0,lsnm2024_ddos_udp
2024-02-26 12:17:28.000000000,BENIGN,0,1.0,6.0,117.0,470155000000.0,50000000.0,19.5,0.0,6.0,lsnm2024_ddos_udp
2024-02-26 12:17:28.000000000,BENIGN,0,1.0,25.0,351.0,396987000000.0,50000000.0,14.04,0.0,6.0,lsnm2024_ddos_udp
2024-02-26 12:17:28.000000000,BENIGN,0,1.0,32.0,351.0,161855000000.0,50000000.0,10.96875,0.0,6.0,lsnm2024_ddos_udp
2024-02-26 12:17:28.000000000,BENIGN,0,1.0,28.0,468.0,113962000000.0,50000000.0,16.714285714285715,0.0,6.0,lsnm2024_ddos_udp
2024-02-26 12:17:28.000000000,BENIGN,0,1.0,35.0,507.0,78137000000.0,50000000.0,14.485714285714286,0.0,6.0,lsnm2024_ddos_udp
2024-02-26 12:17:28.000000000,BENIGN,0,1.0,26.0,273.0,315711000000.0,50000000.0,10.5,0.0,6.0,lsnm2024_ddos_udp
2024-02-26 12:17:28.000000000,BENIGN,0,1.0,29.0,507.0,397699000000.0,50000000.0,17.482758620689655,0.0,6.0,lsnm2024_ddos_udp
2024-02-26 12:17:28.000000000,BENIGN,0,1.0,27.0,234.0,370696000000.0,50000000.0,8.666666666666666,0.0,6.0,lsnm2024_ddos_udp
2024-02-26 12:17:28.000000000,BENIGN,0,1.0,31.0,507.0,288543000000.0,50000000.0,16.35483870967742,0.0,6.0,lsnm2024_ddos_udp
2024-02-26 12:17:28.000000000,BENIGN,0,1.0,28.0,351.0,254973000000.0,50000000.0,12.535714285714286,0.0,6.0,lsnm2024_ddos_udp
2024-02-26 12:17:28.000000000,BENIGN,0,1.0,31.0,507.0,283753000000.0,50000000.0,16.35483870967742,0.0,6.0,lsnm2024_ddos_udp
2024-02-26 12:17:28.000000000,BENIGN,0,1.0,34.0,585.0,291517000000.0,50000000.0,17.205882352941178,0.0,6.0,lsnm2024_ddos_udp
2024-02-26 12:17:28.000000000,BENIGN,0,1.0,35.0,546.0,214643000000.0,50000000.0,15.6,0.0,6.0,lsnm2024_ddos_udp
2024-02-26 12:17:28.000000000,BENIGN,0,1.0,29.0,507.0,97627000000.0,50000000.0,17.482758620689655,0.0,6.0,lsnm2024_ddos_udp
2024-02-26 12:17:28.000000000,BENIGN,0,1.0,35.0,351.0,131447000000.0,50000000.0,10.028571428571428,0.0,6.0,lsnm2024_ddos_udp
2024-02-26 12:17:29.000000000,BENIGN,0,1.0,28.0,390.0,411060000000.0,50000000.0,13.928571428571429,0.0,6.0,lsnm2024_ddos_udp
2024-02-26 12:17:29.000000000,BENIGN,0,1.0,33.0,546.0,237792000000.0,50000000.0,16.545454545454547,0.0,6.0,lsnm2024_ddos_udp
2024-02-26 12:17:29.000000000,BENIGN,0,1.0,28.0,585.0,136801000000.0,50000000.0,20.892857142857142,0.0,6.0,lsnm2024_ddos_udp
2024-02-26 12:17:29.000000000,BENIGN,0,1.0,21.0,195.0,299149000000.0,50000000.0,9.285714285714286,0.0,6.0,lsnm2024_ddos_udp
2024-02-26 12:17:29.000000000,BENIGN,0,1.0,30.0,468.0,132340000000.0,50000000.0,15.6,0.0,6.0,lsnm2024_ddos_udp
2024-02-26 12:17:29.000000000,BENIGN,0,1.0,26.0,390.0,351136000000.0,50000000.0,15.0,0.0,6.0,lsnm2024_ddos_udp
2024-02-26 12:17:29.000000000,BENIGN,0,1.0,25.0,351.0,361343000000.0,50000000.0,14.04,0.0,6.0,lsnm2024_ddos_udp
2024-02-26 12:17:29.000000000,BENIGN,0,1.0,35.0,507.0,111441000000.0,50000000.0,14.485714285714286,0.0,6.0,lsnm2024_ddos_udp
2024-02-26 12:17:29.000000000,BENIGN,0,1.0,35.0,468.0,52144000000.0,50000000.0,13.371428571428572,0.0,6.0,lsnm2024_ddos_udp
2024-02-26 12:17:29.000000000,BENIGN,0,1.0,37.0,546.0,103684000000.0,50000000.0,14.756756756756756,0.0,6.0,lsnm2024_ddos_udp
2024-02-26 12:17:29.000000000,BENIGN,0,1.0,29.0,429.0,256719000000.0,50000000.0,14.793103448275861,0.0,6.0,lsnm2024_ddos_udp
2024-02-26 12:17:29.000000000,BENIGN,0,1.0,26.0,585.0,204301000000.0,50000000.0,22.5,0.0,6.0,lsnm2024_ddos_udp
2024-02-26 12:17:29.000000000,BENIGN,0,1.0,36.0,585.0,115307000000.0,50000000.0,16.25,0.0,6.0,lsnm2024_ddos_udp
2024-02-26 12:17:29.000000000,BENIGN,0,1.0,29.0,507.0,321511000000.0,50000000.0,17.482758620689655,0.0,6.0,lsnm2024_ddos_udp
2024-02-26 12:17:29.000000000,BENIGN,0,1.0,30.0,507.0,265485000000.0,50000000.0,16.9,0.0,6.0,lsnm2024_ddos_udp
2024-02-26 12:17:29.000000000,BENIGN,0,1.0,34.0,429.0,94989000000.0,50000000.0,12.617647058823529,0.0,6.0,lsnm2024_ddos_udp
2024-02-26 12:17:29.000000000,BENIGN,0,1.0,30.0,507.0,293889000000.0,50000000.0,16.9,0.0,6.0,lsnm2024_ddos_udp
2024-02-26 12:17:29.000000000,BENIGN,0,1.0,18.0,156.0,351813000000.0,50000000.0,8.666666666666666,0.0,6.0,lsnm2024_ddos_udp
2024-02-26 12:17:29.000000000,BENIGN,0,1.0,36.0,351.0,103379000000.0,50000000.0,9.75,0.0,6.0,lsnm2024_ddos_udp
2024-02-26 12:17:29.000000000,BENIGN,0,1.0,28.0,468.0,339740000000.0,50000000.0,16.714285714285715,0.0,6.0,lsnm2024_ddos_udp
2024-02-26 12:17:29.000000000,BENIGN,0,1.0,28.0,429.0,121053000000.0,50000000.0,15.321428571428571,0.0,6.0,lsnm2024_ddos_udp
2024-02-26 12:17:29.000000000,BENIGN,0,1.0,32.0,507.0,329087000000.0,50000000.0,15.84375,0.0,6.0,lsnm2024_ddos_udp
2024-02-26 12:17:29.000000000,BENIGN,0,1.0,36.0,507.0,96515000000.0,50000000.0,14.083333333333334,0.0,6.0,lsnm2024_ddos_udp
2024-02-26 12:17:29.000000000,BENIGN,0,1.0,27.0,507.0,210461000000.0,50000000.0,18.77777777777778,0.0,6.0,lsnm2024_ddos_udp
2024-02-26 12:17:29.000000000,BENIGN,0,1.0,28.0,390.0,369404000000.0,50000000.0,13.928571428571429,0.0,6.0,lsnm2024_ddos_udp
2024-02-26 12:17:30.000000000,BENIGN,0,1.0,28.0,351.0,411357000000.0,50000000.0,12.535714285714286,0.0,6.0,lsnm2024_ddos_udp
2024-02-26 12:17:30.000000000,BENIGN,0,1.0,31.0,507.0,199323000000.0,50000000.0,16.35483870967742,0.0,6.0,lsnm2024_ddos_udp
2024-02-26 12:17:30.000000000,BENIGN,0,1.0,28.0,429.0,388933000000.0,50000000.0,15.321428571428571,0.0,6.0,lsnm2024_ddos_udp
2024-02-26 12:17:30.000000000,BENIGN,0,1.0,24.0,390.0,357484000000.0,50000000.0,16.25,0.0,6.0,lsnm2024_ddos_udp
2024-02-26 12:17:30.000000000,BENIGN,0,1.0,34.0,624.0,263152000000.0,50000000.0,18.352941176470587,0.0,6.0,lsnm2024_ddos_udp
2024-02-26 12:17:30.000000000,BENIGN,0,1.0,27.0,351.0,362235000000.0,50000000.0,13.0,0.0,6.0,lsnm2024_ddos_udp
2024-02-26 12:17:30.000000000,BENIGN,0,1.0,24.0,351.0,338175000000.0,50000000.0,14.625,0.0,6.0,lsnm2024_ddos_udp
2024-02-26 12:17:30.000000000,BENIGN,0,1.0,31.0,546.0,221638000000.0,50000000.0,17.612903225806452,0.0,6.0,lsnm2024_ddos_udp
2024-02-26 12:17:30.000000000,BENIGN,0,1.0,31.0,624.0,275738000000.0,50000000.0,20.129032258064516,0.0,6.0,lsnm2024_ddos_udp
2024-02-26 12:17:30.000000000,BENIGN,0,1.0,32.0,468.0,117323000000.0,50000000.0,14.625,0.0,6.0,lsnm2024_ddos_udp
2024-02-26 12:17:30.000000000,BENIGN,0,1.0,23.0,351.0,386515000000.0,50000000.0,15.26086956521739,0.0,6.0,lsnm2024_ddos_udp
2024-02-26 12:17:30.000000000,BENIGN,0,1.0,32.0,585.0,176343000000.0,50000000.0,18.28125,0.0,6.0,lsnm2024_ddos_udp
2024-02-26 12:17:30.000000000,BENIGN,0,1.0,29.0,429.0,314658000000.0,50000000.0,14.793103448275861,0.0,6.0,lsnm2024_ddos_udp
2024-02-26 12:17:30.000000000,BENIGN,0,1.0,29.0,507.0,177603000000.0,50000000.0,17.482758620689655,0.0,6.0,lsnm2024_ddos_udp
2024-02-26 12:17:30.000000000,BENIGN,0,1.0,24.0,390.0,353586000000.0,50000000.0,16.25,0.0,6.0,lsnm2024_ddos_udp
2024-02-26 12:17:30.000000000,BENIGN,0,1.0,32.0,624.0,78028000000.0,50000000.0,19.5,0.0,6.0,lsnm2024_ddos_udp
2024-02-26 12:17:30.000000000,BENIGN,0,1.0,30.0,351.0,159553000000.0,50000000.0,11.7,0.0,6.0,lsnm2024_ddos_udp
2024-02-26 12:17:30.000000000,BENIGN,0,1.0,27.0,390.0,433672000000.0,50000000.0,14.444444444444445,0.0,6.0,lsnm2024_ddos_udp
2024-02-26 12:17:30.000000000,BENIGN,0,1.0,32.0,429.0,261845000000.0,50000000.0,13.40625,0.0,6.0,lsnm2024_ddos_udp
2024-02-26 12:17:30.000000000,BENIGN,0,1.0,30.0,585.0,263669000000.0,50000000.0,19.5,0.0,6.0,lsnm2024_ddos_udp
2024-02-26 12:17:30.000000000,BENIGN,0,1.0,25.0,351.0,458805000000.0,50000000.0,14.04,0.0,6.0,lsnm2024_ddos_udp
2024-02-26 12:17:30.000000000,BENIGN,0,1.0,24.0,351.0,212089000000.0,50000000.0,14.625,0.0,6.0,lsnm2024_ddos_udp
2024-02-26 12:17:30.000000000,BENIGN,0,1.0,28.0,390.0,323844000000.0,50000000.0,13.928571428571429,0.0,6.0,lsnm2024_ddos_udp
2024-02-26 12:17:31.000000000,BENIGN,0,1.0,32.0,507.0,312713000000.0,50000000.0,15.84375,0.0,6.0,lsnm2024_ddos_udp
2024-02-26 12:17:31.000000000,BENIGN,0,1.0,26.0,195.0,195449000000.0,50000000.0,7.5,0.0,6.0,lsnm2024_ddos_udp
2024-02-26 12:17:31.000000000,BENIGN,0,1.0,23.0,234.0,335052000000.0,50000000.0,10.173913043478262,0.0,6.0,lsnm2024_ddos_udp
2024-02-26 12:17:31.000000000,BENIGN,0,1.0,30.0,585.0,299869000000.0,50000000.0,19.5,0.0,6.0,lsnm2024_ddos_udp
2024-02-26 12:17:31.000000000,BENIGN,0,1.0,26.0,195.0,188099000000.0,50000000.0,7.5,0.0,6.0,lsnm2024_ddos_udp
2024-02-26 12:17:31.000000000,BENIGN,0,1.0,29.0,390.0,270177000000.0,50000000.0,13.448275862068966,0.0,6.0,lsnm2024_ddos_udp
2024-02-26 12:17:31.000000000,BENIGN,0,1.0,31.0,507.0,249893000000.0,50000000.0,16.35483870967742,0.0,6.0,lsnm2024_ddos_udp
2024-02-26 12:17:31.000000000,BENIGN,0,1.0,34.0,624.0,250566000000.0,50000000.0,18.352941176470587,0.0,6.0,lsnm2024_ddos_udp
2024-02-26 12:17:31.000000000,BENIGN,0,1.0,27.0,507.0,298343000000.0,50000000.0,18.77777777777778,0.0,6.0,lsnm2024_ddos_udp
2024-02-26 12:17:31.000000000,BENIGN,0,1.0,30.0,273.0,189735000000.0,50000000.0,9.1,0.0,6.0,lsnm2024_ddos_udp
2024-02-26 12:17:31.000000000,BENIGN,0,1.0,33.0,312.0,86074000000.0,50000000.0,9.454545454545455,0.0,6.0,lsnm2024_ddos_udp
2024-02-26 12:17:31.000000000,BENIGN,0,1.0,30.0,546.0,245698000000.0,50000000.0,18.2,0.0,6.0,lsnm2024_ddos_udp
2024-02-26 12:17:31.000000000,BENIGN,0,1.0,33.0,468.0,249854000000.0,50000000.0,14.181818181818182,0.0,6.0,lsnm2024_ddos_udp
2024-02-26 12:17:31.000000000,BENIGN,0,1.0,37.0,663.0,108255000000.0,50000000.0,17.91891891891892,0.0,6.0,lsnm2024_ddos_udp
2024-02-26 12:17:31.000000000,BENIGN,0,1.0,25.0,312.0,255936000000.0,50000000.0,12.48,0.0,6.0,lsnm2024_ddos_udp
2024-02-26 12:17:31.000000000,BENIGN,0,1.0,31.0,429.0,211947000000.0,50000000.0,13.838709677419354,0.0,6.0,lsnm2024_ddos_udp
2024-02-26 12:17:31.000000000,BENIGN,0,1.0,30.0,351.0,265665000000.0,50000000.0,11.7,0.0,6.0,lsnm2024_ddos_udp
2024-02-26 12:17:31.000000000,BENIGN,0,1.0,30.0,429.0,325221000000.0,50000000.0,14.3,0.0,6.0,lsnm2024_ddos_udp
2024-02-26 12:17:31.000000000,BENIGN,0,1.0,27.0,390.0,394686000000.0,50000000.0,14.444444444444445,0.0,6.0,lsnm2024_ddos_udp
2024-02-26 12:17:31.000000000,BENIGN,0,1.0,26.0,273.0,181493000000.0,50000000.0,10.5,0.0,6.0,lsnm2024_ddos_udp
2024-02-26 12:17:31.000000000,BENIGN,0,1.0,29.0,273.0,175255000000.0,50000000.0,9.413793103448276,0.0,6.0,lsnm2024_ddos_udp
2024-02-26 12:17:31.000000000,BENIGN,0,1.0,26.0,351.0,330935000000.0,50000000.0,13.5,0.0,6.0,lsnm2024_ddos_udp
2024-02-26 12:17:32.000000000,BENIGN,0,1.0,27.0,429.0,349281000000.0,50000000.0,15.88888888888889,0.0,6.0,lsnm2024_ddos_udp
2024-02-26 12:17:32.000000000,BENIGN,0,1.0,29.0,468.0,287612000000.0,50000000.0,16.137931034482758,0.0,6.0,lsnm2024_ddos_udp
2024-02-26 12:17:32.000000000,BENIGN,0,1.0,38.0,390.0,33132000000.0,50000000.0,10.263157894736842,0.0,6.0,lsnm2024_ddos_udp
2024-02-26 12:17:32.000000000,BENIGN,0,1.0,27.0,507.0,233965000000.0,50000000.0,18.77777777777778,0.0,6.0,lsnm2024_ddos_udp
2024-02-26 12:17:32.000000000,BENIGN,0,1.0,17.0,234.0,402552000000.0,50000000.0,13.764705882352942,0.0,6.0,lsnm2024_ddos_udp
2024-02-26 12:17:32.000000000,BENIGN,0,1.0,25.0,429.0,229207000000.0,50000000.0,17.16,0.0,6.0,lsnm2024_ddos_udp
2024-02-26 12:17:32.000000000,BENIGN,0,1.0,33.0,507.0,248555000000.0,50000000.0,15.363636363636363,0.0,6.0,lsnm2024_ddos_udp
2024-02-26 12:17:32.000000000,BENIGN,0,1.0,23.0,273.0,463517000000.0,50000000.0,11.869565217391305,0.0,6.0,lsnm2024_ddos_udp
2024-02-26 12:17:32.000000000,BENIGN,0,1.0,30.0,468.0,55486000000.0,50000000.0,15.6,0.0,6.0,lsnm2024_ddos_udp
2024-02-26 12:17:32.000000000,BENIGN,0,1.0,30.0,585.0,324931000000.0,50000000.0,19.5,0.0,6.0,lsnm2024_ddos_udp
2024-02-26 12:17:32.000000000,BENIGN,0,1.0,25.0,390.0,210790000000.0,50000000.0,15.6,0.0,6.0,lsnm2024_ddos_udp
2024-02-26 12:17:32.000000000,BENIGN,0,1.0,29.0,585.0,77323000000.0,50000000.0,20.17241379310345,0.0,6.0,lsnm2024_ddos_udp
2024-02-26 12:17:32.000000000,BENIGN,0,1.0,28.0,351.0,384401000000.0,50000000.0,12.535714285714286,0.0,6.0,lsnm2024_ddos_udp
2024-02-26 12:17:32.000000000,BENIGN,0,1.0,13.0,234.0,46790000000.0,50000000.0,18.0,0.0,6.0,lsnm2024_ddos_udp
2024-02-26 12:17:32.000000000,BENIGN,0,1.0,28.0,507.0,234631000000.0,50000000.0,18.107142857142858,0.0,6.0,lsnm2024_ddos_udp
2024-02-26 12:17:32.000000000,BENIGN,0,1.0,28.0,390.0,297004000000.0,50000000.0,13.928571428571429,0.0,6.0,lsnm2024_ddos_udp
2024-02-26 12:17:32.000000000,BENIGN,0,1.0,32.0,390.0,311038000000.0,50000000.0,12.1875,0.0,6.0,lsnm2024_ddos_udp
2024-02-26 12:17:32.000000000,BENIGN,0,1.0,26.0,312.0,364090000000.0,50000000.0,12.0,0.0,6.0,lsnm2024_ddos_udp
2024-02-26 12:17:32.000000000,BENIGN,0,1.0,29.0,546.0,202704000000.0,50000000.0,18.82758620689655,0.0,6.0,lsnm2024_ddos_udp
2024-02-26 12:17:32.000000000,BENIGN,0,1.0,31.0,507.0,276959000000.0,50000000.0,16.35483870967742,0.0,6.0,lsnm2024_ddos_udp
2024-02-26 12:17:32.000000000,BENIGN,0,1.0,27.0,468.0,248290000000.0,50000000.0,17.333333333333332,0.0,6.0,lsnm2024_ddos_udp
2024-02-26 12:17:32.000000000,BENIGN,0,1.0,25.0,351.0,370031000000.0,50000000.0,14.04,0.0,6.0,lsnm2024_ddos_udp
2024-02-26 12:17:32.000000000,BENIGN,0,1.0,29.0,390.0,254230000000.0,50000000.0,13.448275862068966,0.0,6.0,lsnm2024_ddos_udp
2024-02-26 12:17:32.000000000,BENIGN,0,1.0,27.0,351.0,300863000000.0,50000000.0,13.0,0.0,6.0,lsnm2024_ddos_udp
2024-02-26 12:17:32.000000000,BENIGN,0,1.0,29.0,546.0,247256000000.0,50000000.0,18.82758620689655,0.0,6.0,lsnm2024_ddos_udp
2024-02-26 12:17:32.000000000,BENIGN,0,1.0,26.0,351.0,328039000000.0,50000000.0,13.5,0.0,6.0,lsnm2024_ddos_udp
2024-02-26 12:17:33.000000000,BENIGN,0,1.0,27.0,195.0,136637000000.0,50000000.0,7.222222222222222,0.0,6.0,lsnm2024_ddos_udp
2024-02-26 12:17:33.000000000,BENIGN,0,1.0,27.0,195.0,150451000000.0,50000000.0,7.222222222222222,0.0,6.0,lsnm2024_ddos_udp
2024-02-26 12:17:33.000000000,BENIGN,0,1.0,29.0,195.0,142319000000.0,50000000.0,6.724137931034483,0.0,6.0,lsnm2024_ddos_udp
2024-02-26 12:17:33.000000000,BENIGN,0,1.0,29.0,312.0,228424000000.0,50000000.0,10.758620689655173,0.0,6.0,lsnm2024_ddos_udp
2024-02-26 12:17:33.000000000,BENIGN,0,1.0,24.0,234.0,284262000000.0,50000000.0,9.75,0.0,6.0,lsnm2024_ddos_udp
2024-02-26 12:17:33.000000000,BENIGN,0,1.0,33.0,546.0,197804000000.0,50000000.0,16.545454545454547,0.0,6.0,lsnm2024_ddos_udp
2024-02-26 12:17:33.000000000,BENIGN,0,1.0,29.0,234.0,128770000000.0,50000000.0,8.068965517241379,0.0,6.0,lsnm2024_ddos_udp
2024-02-26 12:17:33.000000000,BENIGN,0,1.0,35.0,39.0,61521000000.0,50000000.0,1.1142857142857143,0.0,6.0,lsnm2024_ddos_udp
2024-02-26 12:17:33.000000000,BENIGN,0,1.0,28.0,351.0,217771000000.0,50000000.0,12.535714285714286,0.0,6.0,lsnm2024_ddos_udp
2024-02-26 12:17:33.000000000,BENIGN,0,1.0,27.0,234.0,193594000000.0,50000000.0,8.666666666666666,0.0,6.0,lsnm2024_ddos_udp
2024-02-26 12:17:33.000000000,BENIGN,0,1.0,29.0,468.0,223680000000.0,50000000.0,16.137931034482758,0.0,6.0,lsnm2024_ddos_udp
2024-02-26 12:17:33.000000000,BENIGN,0,1.0,25.0,195.0,188099000000.0,50000000.0,7.8,0.0,6.0,lsnm2024_ddos_udp
2024-02-26 12:17:33.000000000,BENIGN,0,1.0,31.0,273.0,171803000000.0,50000000.0,8.806451612903226,0.0,6.0,lsnm2024_ddos_udp
2024-02-26 12:17:33.000000000,BENIGN,0,1.0,27.0,195.0,99771000000.0,50000000.0,7.222222222222222,0.0,6.0,lsnm2024_ddos_udp
2024-02-26 12:17:33.000000000,BENIGN,0,1.0,30.0,390.0,206226000000.0,50000000.0,13.0,0.0,6.0,lsnm2024_ddos_udp
2024-02-26 12:17:33.000000000,BENIGN,0,1.0,34.0,468.0,90574000000.0,50000000.0,13.764705882352942,0.0,6.0,lsnm2024_ddos_udp
2024-02-26 12:17:33.000000000,BENIGN,0,1.0,1.0,0.0,350856000000.0,50000000.0,0.0,0.0,6.0,lsnm2024_ddos_udp
2024-02-26 12:17:33.000000000,BENIGN,0,1.0,29.0,429.0,94433000000.0,50000000.0,14.793103448275861,0.0,6.0,lsnm2024_ddos_udp
2024-02-26 12:17:33.000000000,BENIGN,0,1.0,25.0,234.0,321910000000.0,50000000.0,9.36,0.0,6.0,lsnm2024_ddos_udp
2024-02-26 12:17:33.000000000,BENIGN,0,1.0,27.0,195.0,159805000000.0,50000000.0,7.222222222222222,0.0,6.0,lsnm2024_ddos_udp
2024-02-26 12:17:33.000000000,BENIGN,0,1.0,30.0,312.0,208152000000.0,50000000.0,10.4,0.0,6.0,lsnm2024_ddos_udp
2024-02-26 12:17:33.000000000,BENIGN,0,1.0,28.0,390.0,151538000000.0,50000000.0,13.928571428571429,0.0,6.0,lsnm2024_ddos_udp
2024-02-26 12:17:33.000000000,BENIGN,0,1.0,28.0,351.0,58937000000.0,50000000.0,12.535714285714286,0.0,6.0,lsnm2024_ddos_udp
2024-02-26 12:17:33.000000000,BENIGN,0,1.0,19.0,117.0,220989000000.0,50000000.0,6.157894736842105,0.0,6.0,lsnm2024_ddos_udp
2024-02-26 12:17:33.000000000,BENIGN,0,1.0,28.0,195.0,142765000000.0,50000000.0,6.964285714285714,0.0,6.0,lsnm2024_ddos_udp
2024-02-26 12:17:34.000000000,BENIGN,0,1.0,31.0,234.0,184350000000.0,50000000.0,7.548387096774194,0.0,6.0,lsnm2024_ddos_udp
2024-02-26 12:17:34.000000000,BENIGN,0,1.0,31.0,273.0,125913000000.0,50000000.0,8.806451612903226,0.0,6.0,lsnm2024_ddos_udp
2024-02-26 12:17:34.000000000,BENIGN,0,1.0,27.0,156.0,128692000000.0,50000000.0,5.777777777777778,0.0,6.0,lsnm2024_ddos_udp
2024-02-26 12:17:34.000000000,BENIGN,0,1.0,28.0,273.0,155429000000.0,50000000.0,9.75,0.0,6.0,lsnm2024_ddos_udp
2024-02-26 12:17:34.000000000,BENIGN,0,1.0,26.0,195.0,184867000000.0,50000000.0,7.5,0.0,6.0,lsnm2024_ddos_udp
2024-02-26 12:17:34.000000000,BENIGN,0,1.0,30.0,234.0,134226000000.0,50000000.0,7.8,0.0,6.0,lsnm2024_ddos_udp
2024-02-26 12:17:34.000000000,BENIGN,0,1.0,29.0,234.0,187692000000.0,50000000.0,8.068965517241379,0.0,6.0,lsnm2024_ddos_udp
2024-02-26 12:17:34.000000000,BENIGN,0,1.0,32.0,234.0,164078000000.0,50000000.0,7.3125,0.0,6.0,lsnm2024_ddos_udp
2024-02-26 12:17:34.000000000,BENIGN,0,1.0,32.0,156.0,132590000000.0,50000000.0,4.875,0.0,6.0,lsnm2024_ddos_udp
2024-02-26 12:17:34.000000000,BENIGN,0,1.0,27.0,234.0,175552000000.0,50000000.0,8.666666666666666,0.0,6.0,lsnm2024_ddos_udp
2024-02-26 12:17:34.000000000,BENIGN,0,1.0,28.0,312.0,209044000000.0,50000000.0,11.142857142857142,0.0,6.0,lsnm2024_ddos_udp
2024-02-26 12:17:34.000000000,BENIGN,0,1.0,28.0,273.0,144291000000.0,50000000.0,9.75,0.0,6.0,lsnm2024_ddos_udp
2024-02-26 12:17:34.000000000,BENIGN,0,1.0,26.0,234.0,190698000000.0,50000000.0,9.0,0.0,6.0,lsnm2024_ddos_udp
2024-02-26 12:17:34.000000000,BENIGN,0,1.0,28.0,312.0,116372000000.0,50000000.0,11.142857142857142,0.0,6.0,lsnm2024_ddos_udp
2024-02-26 12:17:34.000000000,BENIGN,0,1.0,26.0,195.0,115253000000.0,50000000.0,7.5,0.0,6.0,lsnm2024_ddos_udp
2024-02-26 12:17:34.000000000,BENIGN,0,1.0,42.0,195.0,35057000000.0,50000000.0,4.642857142857143,0.0,6.0,lsnm2024_ddos_udp
2024-02-26 12:17:34.000000000,BENIGN,0,1.0,33.0,351.0,67735000000.0,50000000.0,10.636363636363637,0.0,6.0,lsnm2024_ddos_udp
2024-02-26 12:17:34.000000000,BENIGN,0,1.0,30.0,234.0,184350000000.0,50000000.0,7.8,0.0,6.0,lsnm2024_ddos_udp
2024-02-26 12:17:34.000000000,BENIGN,0,1.0,28.0,234.0,134562000000.0,50000000.0,8.357142857142858,0.0,6.0,lsnm2024_ddos_udp
2024-02-26 12:17:34.000000000,BENIGN,0,1.0,31.0,273.0,150419000000.0,50000000.0,8.806451612903226,0.0,6.0,lsnm2024_ddos_udp
2024-02-26 12:17:34.000000000,BENIGN,0,1.0,40.0,390.0,41154000000.0,50000000.0,9.75,0.0,6.0,lsnm2024_ddos_udp
2024-02-26 12:17:34.000000000,BENIGN,0,1.0,26.0,390.0,102416000000.0,50000000.0,15.0,0.0,6.0,lsnm2024_ddos_udp
2024-02-26 12:17:34.000000000,BENIGN,0,1.0,24.0,273.0,185501000000.0,50000000.0,11.375,0.0,6.0,lsnm2024_ddos_udp
2024-02-26 12:17:34.000000000,BENIGN,0,1.0,21.0,234.0,106604000000.0,50000000.0,11.142857142857142,0.0,6.0,lsnm2024_ddos_udp
2024-02-26 12:17:35.000000000,BENIGN,0,1.0,28.0,312.0,219290000000.0,50000000.0,11.142857142857142,0.0,6.0,lsnm2024_ddos_udp
2024-02-26 12:17:35.000000000,BENIGN,0,1.0,30.0,507.0,143743000000.0,50000000.0,16.9,0.0,6.0,lsnm2024_ddos_udp
2024-02-26 12:17:35.000000000,BENIGN,0,1.0,36.0,390.0,143516000000.0,50000000.0,10.833333333333334,0.0,6.0,lsnm2024_ddos_udp
2024-02-26 12:17:35.000000000,BENIGN,0,1.0,41.0,585.0,89023000000.0,50000000.0,14.268292682926829,0.0,6.0,lsnm2024_ddos_udp
2024-02-26 12:17:35.000000000,BENIGN,0,1.0,28.0,234.0,192482000000.0,50000000.0,8.357142857142858,0.0,6.0,lsnm2024_ddos_udp
2024-02-26 12:17:35.000000000,BENIGN,0,1.0,26.0,195.0,243569000000.0,50000000.0,7.5,0.0,6.0,lsnm2024_ddos_udp
2024-02-26 12:17:35.000000000,BENIGN,0,1.0,25.0,351.0,216989000000.0,50000000.0,14.04,0.0,6.0,lsnm2024_ddos_udp
2024-02-26 12:17:35.000000000,BENIGN,0,1.0,26.0,156.0,305904000000.0,50000000.0,6.0,0.0,6.0,lsnm2024_ddos_udp
2024-02-26 12:17:35.000000000,BENIGN,0,1.0,29.0,312.0,261728000000.0,50000000.0,10.758620689655173,0.0,6.0,lsnm2024_ddos_udp
2024-02-26 12:17:35.000000000,BENIGN,0,1.0,20.0,78.0,307274000000.0,50000000.0,3.9,0.0,6.0,lsnm2024_ddos_udp
2024-02-26 12:58:08.000000000,BENIGN,0,1.0,1.0,0.0,0.0,2000000.0,0.0,0.0,6.0,lsnm2024_ddos_udp
2024-02-26 12:58:09.000000000,BENIGN,0,1.0,25.0,440.0,3410000000.0,50000000.0,17.6,0.0,6.0,lsnm2024_ddos_udp
2024-02-26 12:58:10.000000000,BENIGN,0,1.0,25.0,440.0,3410000000.0,50000000.0,17.6,0.0,6.0,lsnm2024_ddos_udp
2024-02-26 12:58:10.000000000,BENIGN,0,1.0,25.0,440.0,3410000000.0,50000000.0,17.6,0.0,6.0,lsnm2024_ddos_udp
2024-02-26 12:58:10.000000000,BENIGN,0,1.0,25.0,440.0,3410000000.0,50000000.0,17.6,0.0,6.0,lsnm2024_ddos_udp
2024-02-26 12:58:10.000000000,BENIGN,0,1.0,25.0,440.0,3410000000.0,50000000.0,17.6,0.0,6.0,lsnm2024_ddos_udp
2024-02-26 12:58:10.000000000,BENIGN,0,1.0,25.0,440.0,3410000000.0,50000000.0,17.6,0.0,6.0,lsnm2024_ddos_udp
2024-02-26 12:58:10.000000000,BENIGN,0,1.0,25.0,440.0,3410000000.0,50000000.0,17.6,0.0,6.0,lsnm2024_ddos_udp
2024-02-26 12:58:10.000000000,BENIGN,0,1.0,25.0,440.0,3410000000.0,50000000.0,17.6,0.0,6.0,lsnm2024_ddos_udp
2024-02-26 12:58:10.000000000,BENIGN,0,1.0,25.0,440.0,3410000000.0,50000000.0,17.6,0.0,6.0,lsnm2024_ddos_udp
2024-02-26 12:58:10.000000000,BENIGN,0,1.0,25.0,440.0,3410000000.0,50000000.0,17.6,0.0,6.0,lsnm2024_ddos_udp
2024-02-26 12:58:10.000000000,BENIGN,0,1.0,25.0,440.0,3410000000.0,50000000.0,17.6,0.0,6.0,lsnm2024_ddos_udp
2024-02-26 12:58:10.000000000,BENIGN,0,1.0,25.0,440.0,3410000000.0,50000000.0,17.6,0.0,6.0,lsnm2024_ddos_udp
2024-02-26 12:58:10.000000000,BENIGN,0,1.0,25.0,440.0,3410000000.0,50000000.0,17.6,0.0,6.0,lsnm2024_ddos_udp
2024-02-26 12:58:10.000000000,BENIGN,0,1.0,25.0,440.0,3410000000.0,50000000.0,17.6,0.0,6.0,lsnm2024_ddos_udp
2024-02-26 12:58:10.000000000,BENIGN,0,1.0,25.0,440.0,3410000000.0,50000000.0,17.6,0.0,6.0,lsnm2024_ddos_udp
2024-02-26 12:58:10.000000000,BENIGN,0,1.0,25.0,440.0,3410000000.0,50000000.0,17.6,0.0,6.0,lsnm2024_ddos_udp
2024-02-26 12:58:10.000000000,BENIGN,0,1.0,25.0,440.0,3410000000.0,50000000.0,17.6,0.0,6.0,lsnm2024_ddos_udp
2024-02-26 12:58:10.000000000,BENIGN,0,1.0,25.0,440.0,3410000000.0,50000000.0,17.6,0.0,6.0,lsnm2024_ddos_udp
2024-02-26 12:58:10.000000000,BENIGN,0,1.0,25.0,440.0,3410000000.0,50000000.0,17.6,0.0,6.0,lsnm2024_ddos_udp
2024-02-26 12:58:10.000000000,BENIGN,0,1.0,25.0,440.0,3410000000.0,50000000.0,17.6,0.0,6.0,lsnm2024_ddos_udp
2024-02-26 12:58:10.000000000,BENIGN,0,1.0,25.0,440.0,3410000000.0,50000000.0,17.6,0.0,6.0,lsnm2024_ddos_udp
2024-02-26 12:58:10.000000000,BENIGN,0,1.0,25.0,440.0,3410000000.0,50000000.0,17.6,0.0,6.0,lsnm2024_ddos_udp
2024-02-26 12:58:10.000000000,BENIGN,0,1.0,25.0,440.0,3410000000.0,50000000.0,17.6,0.0,6.0,lsnm2024_ddos_udp
2024-02-26 12:58:10.000000000,BENIGN,0,1.0,25.0,440.0,3410000000.0,50000000.0,17.6,0.0,6.0,lsnm2024_ddos_udp
2024-02-26 12:58:10.000000000,BENIGN,0,1.0,25.0,440.0,3410000000.0,50000000.0,17.6,0.0,6.0,lsnm2024_ddos_udp
2024-02-26 12:58:10.000000000,BENIGN,0,1.0,25.0,440.0,3410000000.0,50000000.0,17.6,0.0,6.0,lsnm2024_ddos_udp
2024-02-26 12:58:10.000000000,BENIGN,0,1.0,25.0,440.0,3410000000.0,50000000.0,17.6,0.0,6.0,lsnm2024_ddos_udp
2024-02-26 12:58:10.000000000,BENIGN,0,1.0,25.0,440.0,3410000000.0,50000000.0,17.6,0.0,6.0,lsnm2024_ddos_udp
2024-02-26 12:58:10.000000000,BENIGN,0,1.0,25.0,440.0,3410000000.0,50000000.0,17.6,0.0,6.0,lsnm2024_ddos_udp
2024-02-26 12:58:10.000000000,BENIGN,0,1.0,25.0,440.0,3410000000.0,50000000.0,17.6,0.0,6.0,lsnm2024_ddos_udp
2024-02-26 12:58:10.000000000,BENIGN,0,1.0,25.0,440.0,3410000000.0,50000000.0,17.6,0.0,6.0,lsnm2024_ddos_udp
2024-02-26 12:58:11.000000000,BENIGN,0,1.0,25.0,440.0,3410000000.0,50000000.0,17.6,0.0,6.0,lsnm2024_ddos_udp
2024-02-26 12:58:11.000000000,BENIGN,0,1.0,25.0,440.0,3410000000.0,50000000.0,17.6,0.0,6.0,lsnm2024_ddos_udp
2024-02-26 12:58:11.000000000,BENIGN,0,1.0,25.0,440.0,3410000000.0,50000000.0,17.6,0.0,6.0,lsnm2024_ddos_udp
2024-02-26 12:58:11.000000000,BENIGN,0,1.0,25.0,440.0,3410000000.0,50000000.0,17.6,0.0,6.0,lsnm2024_ddos_udp
2024-02-26 12:58:11.000000000,BENIGN,0,1.0,25.0,440.0,3410000000.0,50000000.0,17.6,0.0,6.0,lsnm2024_ddos_udp
2024-02-26 12:58:11.000000000,BENIGN,0,1.0,25.0,440.0,3410000000.0,50000000.0,17.6,0.0,6.0,lsnm2024_ddos_udp
2024-02-26 12:58:11.000000000,BENIGN,0,1.0,25.0,440.0,3410000000.0,50000000.0,17.6,0.0,6.0,lsnm2024_ddos_udp
2024-02-26 12:58:11.000000000,BENIGN,0,1.0,25.0,440.0,3410000000.0,50000000.0,17.6,0.0,6.0,lsnm2024_ddos_udp
2024-02-26 12:58:11.000000000,BENIGN,0,1.0,25.0,440.0,3410000000.0,50000000.0,17.6,0.0,6.0,lsnm2024_ddos_udp
2024-02-26 12:58:11.000000000,BENIGN,0,1.0,25.0,440.0,3410000000.0,50000000.0,17.6,0.0,6.0,lsnm2024_ddos_udp
2024-02-26 12:58:11.000000000,BENIGN,0,1.0,25.0,440.0,3410000000.0,50000000.0,17.6,0.0,6.0,lsnm2024_ddos_udp
2024-02-26 12:58:11.000000000,BENIGN,0,1.0,25.0,440.0,3410000000.0,50000000.0,17.6,0.0,6.0,lsnm2024_ddos_udp
2024-02-26 12:58:11.000000000,BENIGN,0,1.0,25.0,440.0,3410000000.0,50000000.0,17.6,0.0,6.0,lsnm2024_ddos_udp
2024-02-26 12:58:11.000000000,BENIGN,0,1.0,25.0,440.0,3410000000.0,50000000.0,17.6,0.0,6.0,lsnm2024_ddos_udp
2024-02-26 12:58:11.000000000,BENIGN,0,1.0,25.0,440.0,3410000000.0,50000000.0,17.6,0.0,6.0,lsnm2024_ddos_udp
2024-02-26 12:58:11.000000000,BENIGN,0,1.0,25.0,440.0,3410000000.0,50000000.0,17.6,0.0,6.0,lsnm2024_ddos_udp
2024-02-26 12:58:11.000000000,BENIGN,0,1.0,25.0,440.0,3410000000.0,50000000.0,17.6,0.0,6.0,lsnm2024_ddos_udp
2024-02-26 12:58:11.000000000,BENIGN,0,1.0,25.0,440.0,3410000000.0,50000000.0,17.6,0.0,6.0,lsnm2024_ddos_udp
2024-02-26 12:58:11.000000000,BENIGN,0,1.0,25.0,440.0,3410000000.0,50000000.0,17.6,0.0,6.0,lsnm2024_ddos_udp
2024-02-26 12:58:11.000000000,BENIGN,0,1.0,25.0,440.0,3410000000.0,50000000.0,17.6,0.0,6.0,lsnm2024_ddos_udp
2024-02-26 12:58:11.000000000,BENIGN,0,1.0,25.0,440.0,3410000000.0,50000000.0,17.6,0.0,6.0,lsnm2024_ddos_udp
2024-02-26 12:58:12.000000000,BENIGN,0,1.0,25.0,440.0,3410000000.0,50000000.0,17.6,0.0,6.0,lsnm2024_ddos_udp
2024-02-26 12:58:12.000000000,BENIGN,0,1.0,25.0,440.0,3410000000.0,50000000.0,17.6,0.0,6.0,lsnm2024_ddos_udp
2024-02-26 12:58:12.000000000,BENIGN,0,1.0,25.0,440.0,3410000000.0,50000000.0,17.6,0.0,6.0,lsnm2024_ddos_udp
2024-02-26 12:58:12.000000000,BENIGN,0,1.0,25.0,440.0,3410000000.0,50000000.0,17.6,0.0,6.0,lsnm2024_ddos_udp
2024-02-26 12:58:12.000000000,BENIGN,0,1.0,25.0,440.0,3410000000.0,50000000.0,17.6,0.0,6.0,lsnm2024_ddos_udp
2024-02-26 12:58:12.000000000,BENIGN,0,1.0,25.0,440.0,3410000000.0,50000000.0,17.6,0.0,6.0,lsnm2024_ddos_udp
2024-02-26 12:58:12.000000000,BENIGN,0,1.0,25.0,440.0,3410000000.0,50000000.0,17.6,0.0,6.0,lsnm2024_ddos_udp
2024-02-26 12:58:12.000000000,BENIGN,0,1.0,25.0,440.0,3410000000.0,50000000.0,17.6,0.0,6.0,lsnm2024_ddos_udp
2024-02-26 12:58:12.000000000,BENIGN,0,1.0,25.0,440.0,3410000000.0,50000000.0,17.6,0.0,6.0,lsnm2024_ddos_udp
2024-02-26 12:58:12.000000000,BENIGN,0,1.0,25.0,440.0,3410000000.0,50000000.0,17.6,0.0,6.0,lsnm2024_ddos_udp
2024-02-26 12:58:12.000000000,BENIGN,0,1.0,25.0,440.0,3410000000.0,50000000.0,17.6,0.0,6.0,lsnm2024_ddos_udp
2024-02-26 12:58:12.000000000,BENIGN,0,1.0,25.0,440.0,3410000000.0,50000000.0,17.6,0.0,6.0,lsnm2024_ddos_udp
2024-02-26 12:58:12.000000000,BENIGN,0,1.0,25.0,440.0,3410000000.0,50000000.0,17.6,0.0,6.0,lsnm2024_ddos_udp
2024-02-26 12:58:12.000000000,BENIGN,0,1.0,25.0,440.0,3410000000.0,50000000.0,17.6,0.0,6.0,lsnm2024_ddos_udp
2024-02-26 12:58:12.000000000,BENIGN,0,1.0,25.0,440.0,3410000000.0,50000000.0,17.6,0.0,6.0,lsnm2024_ddos_udp
2024-02-26 12:58:12.000000000,BENIGN,0,1.0,25.0,440.0,3410000000.0,50000000.0,17.6,0.0,6.0,lsnm2024_ddos_udp
2024-02-26 12:58:12.000000000,BENIGN,0,1.0,25.0,440.0,3410000000.0,50000000.0,17.6,0.0,6.0,lsnm2024_ddos_udp
2024-02-26 12:58:12.000000000,BENIGN,0,1.0,25.0,440.0,3410000000.0,50000000.0,17.6,0.0,6.0,lsnm2024_ddos_udp
2024-02-26 12:58:12.000000000,BENIGN,0,1.0,25.0,440.0,3410000000.0,50000000.0,17.6,0.0,6.0,lsnm2024_ddos_udp
2024-02-26 12:58:12.000000000,BENIGN,0,1.0,25.0,440.0,3410000000.0,50000000.0,17.6,0.0,6.0,lsnm2024_ddos_udp
2024-02-26 12:58:12.000000000,BENIGN,0,1.0,25.0,440.0,3410000000.0,50000000.0,17.6,0.0,6.0,lsnm2024_ddos_udp
2024-02-26 12:58:12.000000000,BENIGN,0,1.0,25.0,440.0,3410000000.0,50000000.0,17.6,0.0,6.0,lsnm2024_ddos_udp
2024-02-26 12:58:12.000000000,BENIGN,0,1.0,25.0,440.0,3410000000.0,50000000.0,17.6,0.0,6.0,lsnm2024_ddos_udp
2024-02-26 12:58:12.000000000,BENIGN,0,1.0,25.0,440.0,3410000000.0,50000000.0,17.6,0.0,6.0,lsnm2024_ddos_udp
2024-02-26 12:58:12.000000000,BENIGN,0,1.0,25.0,440.0,3410000000.0,50000000.0,17.6,0.0,6.0,lsnm2024_ddos_udp
2024-02-26 12:58:12.000000000,BENIGN,0,1.0,1.0,0.0,0.0,2000000.0,0.0,0.0,6.0,lsnm2024_ddos_udp
2024-02-26 12:58:12.000000000,BENIGN,0,1.0,25.0,440.0,3410000000.0,50000000.0,17.6,0.0,6.0,lsnm2024_ddos_udp
2024-02-26 12:58:12.000000000,BENIGN,0,1.0,25.0,440.0,3410000000.0,50000000.0,17.6,0.0,6.0,lsnm2024_ddos_udp
2024-02-26 12:58:12.000000000,BENIGN,0,1.0,25.0,440.0,3410000000.0,50000000.0,17.6,0.0,6.0,lsnm2024_ddos_udp
2024-02-26 12:58:12.000000000,BENIGN,0,1.0,25.0,440.0,3410000000.0,50000000.0,17.6,0.0,6.0,lsnm2024_ddos_udp
2024-02-26 12:58:12.000000000,BENIGN,0,1.0,25.0,440.0,3410000000.0,50000000.0,17.6,0.0,6.0,lsnm2024_ddos_udp
2024-02-26 12:58:12.000000000,BENIGN,0,1.0,25.0,440.0,3410000000.0,50000000.0,17.6,0.0,6.0,lsnm2024_ddos_udp
2024-02-26 12:58:12.000000000,BENIGN,0,1.0,25.0,440.0,3410000000.0,50000000.0,17.6,0.0,6.0,lsnm2024_ddos_udp
2024-02-26 12:58:13.000000000,BENIGN,0,1.0,25.0,440.0,3410000000.0,50000000.0,17.6,0.0,6.0,lsnm2024_ddos_udp
2024-02-26 12:58:13.000000000,BENIGN,0,1.0,25.0,440.0,3410000000.0,50000000.0,17.6,0.0,6.0,lsnm2024_ddos_udp
2024-02-26 12:58:13.000000000,BENIGN,0,1.0,25.0,440.0,3410000000.0,50000000.0,17.6,0.0,6.0,lsnm2024_ddos_udp
2024-02-26 12:58:13.000000000,BENIGN,0,1.0,25.0,440.0,3410000000.0,50000000.0,17.6,0.0,6.0,lsnm2024_ddos_udp
2024-02-26 12:58:13.000000000,BENIGN,0,1.0,25.0,440.0,3410000000.0,50000000.0,17.6,0.0,6.0,lsnm2024_ddos_udp
2024-02-26 12:58:13.000000000,BENIGN,0,1.0,25.0,440.0,3410000000.0,50000000.0,17.6,0.0,6.0,lsnm2024_ddos_udp
2024-02-26 12:58:13.000000000,BENIGN,0,1.0,25.0,440.0,3410000000.0,50000000.0,17.6,0.0,6.0,lsnm2024_ddos_udp
2024-02-26 12:58:13.000000000,BENIGN,0,1.0,25.0,440.0,3410000000.0,50000000.0,17.6,0.0,6.0,lsnm2024_ddos_udp
2024-02-26 12:58:13.000000000,BENIGN,0,1.0,25.0,440.0,3410000000.0,50000000.0,17.6,0.0,6.0,lsnm2024_ddos_udp
2024-02-26 12:58:13.000000000,BENIGN,0,1.0,25.0,440.0,3410000000.0,50000000.0,17.6,0.0,6.0,lsnm2024_ddos_udp
2024-02-26 12:58:13.000000000,BENIGN,0,1.0,25.0,440.0,3410000000.0,50000000.0,17.6,0.0,6.0,lsnm2024_ddos_udp
2024-02-26 12:58:13.000000000,BENIGN,0,1.0,25.0,440.0,3410000000.0,50000000.0,17.6,0.0,6.0,lsnm2024_ddos_udp
2024-02-26 12:58:13.000000000,BENIGN,0,1.0,25.0,440.0,3410000000.0,50000000.0,17.6,0.0,6.0,lsnm2024_ddos_udp
2024-02-26 12:58:13.000000000,BENIGN,0,1.0,25.0,440.0,3410000000.0,50000000.0,17.6,0.0,6.0,lsnm2024_ddos_udp
2024-02-26 12:58:13.000000000,BENIGN,0,1.0,25.0,440.0,3410000000.0,50000000.0,17.6,0.0,6.0,lsnm2024_ddos_udp
2024-02-26 12:58:13.000000000,BENIGN,0,1.0,25.0,440.0,3410000000.0,50000000.0,17.6,0.0,6.0,lsnm2024_ddos_udp
2024-02-26 12:58:13.000000000,BENIGN,0,1.0,25.0,440.0,3410000000.0,50000000.0,17.6,0.0,6.0,lsnm2024_ddos_udp
2024-02-26 12:58:13.000000000,BENIGN,0,1.0,25.0,440.0,3410000000.0,50000000.0,17.6,0.0,6.0,lsnm2024_ddos_udp
2024-02-26 12:58:13.000000000,BENIGN,0,1.0,25.0,440.0,3410000000.0,50000000.0,17.6,0.0,6.0,lsnm2024_ddos_udp
2024-02-26 12:58:14.000000000,BENIGN,0,1.0,25.0,440.0,3410000000.0,50000000.0,17.6,0.0,6.0,lsnm2024_ddos_udp
2024-02-26 12:58:14.000000000,BENIGN,0,1.0,25.0,440.0,3410000000.0,50000000.0,17.6,0.0,6.0,lsnm2024_ddos_udp
2024-02-26 12:58:14.000000000,BENIGN,0,1.0,25.0,440.0,3410000000.0,50000000.0,17.6,0.0,6.0,lsnm2024_ddos_udp
2024-02-26 12:58:14.000000000,BENIGN,0,1.0,25.0,440.0,3410000000.0,50000000.0,17.6,0.0,6.0,lsnm2024_ddos_udp
2024-02-26 12:58:14.000000000,BENIGN,0,1.0,25.0,440.0,3410000000.0,50000000.0,17.6,0.0,6.0,lsnm2024_ddos_udp
2024-02-26 12:58:14.000000000,BENIGN,0,1.0,25.0,440.0,3410000000.0,50000000.0,17.6,0.0,6.0,lsnm2024_ddos_udp
2024-02-26 12:58:14.000000000,BENIGN,0,1.0,25.0,440.0,3410000000.0,50000000.0,17.6,0.0,6.0,lsnm2024_ddos_udp
2024-02-26 12:58:14.000000000,BENIGN,0,1.0,25.0,440.0,3410000000.0,50000000.0,17.6,0.0,6.0,lsnm2024_ddos_udp
2024-02-26 12:58:14.000000000,BENIGN,0,1.0,25.0,440.0,3410000000.0,50000000.0,17.6,0.0,6.0,lsnm2024_ddos_udp
2024-02-26 12:58:14.000000000,BENIGN,0,1.0,25.0,440.0,3410000000.0,50000000.0,17.6,0.0,6.0,lsnm2024_ddos_udp
2024-02-26 12:58:14.000000000,BENIGN,0,1.0,25.0,440.0,3410000000.0,50000000.0,17.6,0.0,6.0,lsnm2024_ddos_udp
2024-02-26 12:58:14.000000000,BENIGN,0,1.0,25.0,440.0,3410000000.0,50000000.0,17.6,0.0,6.0,lsnm2024_ddos_udp
2024-02-26 12:58:14.000000000,BENIGN,0,1.0,25.0,440.0,3410000000.0,50000000.0,17.6,0.0,6.0,lsnm2024_ddos_udp
2024-02-26 12:58:14.000000000,BENIGN,0,1.0,25.0,440.0,3410000000.0,50000000.0,17.6,0.0,6.0,lsnm2024_ddos_udp
2024-02-26 12:58:14.000000000,BENIGN,0,1.0,25.0,440.0,3410000000.0,50000000.0,17.6,0.0,6.0,lsnm2024_ddos_udp
2024-02-26 12:58:14.000000000,BENIGN,0,1.0,25.0,440.0,3410000000.0,50000000.0,17.6,0.0,6.0,lsnm2024_ddos_udp
2024-02-26 12:58:14.000000000,BENIGN,0,1.0,25.0,440.0,3410000000.0,50000000.0,17.6,0.0,6.0,lsnm2024_ddos_udp
2024-02-26 12:58:14.000000000,BENIGN,0,1.0,25.0,440.0,3410000000.0,50000000.0,17.6,0.0,6.0,lsnm2024_ddos_udp
2024-02-26 12:58:14.000000000,BENIGN,0,1.0,25.0,440.0,3410000000.0,50000000.0,17.6,0.0,6.0,lsnm2024_ddos_udp
2024-02-26 12:58:14.000000000,BENIGN,0,1.0,25.0,440.0,3410000000.0,50000000.0,17.6,0.0,6.0,lsnm2024_ddos_udp
2024-02-26 12:58:14.000000000,BENIGN,0,1.0,25.0,440.0,3410000000.0,50000000.0,17.6,0.0,6.0,lsnm2024_ddos_udp
2024-02-26 12:58:14.000000000,BENIGN,0,1.0,25.0,440.0,3410000000.0,50000000.0,17.6,0.0,6.0,lsnm2024_ddos_udp
2024-02-26 12:58:14.000000000,BENIGN,0,1.0,25.0,440.0,3410000000.0,50000000.0,17.6,0.0,6.0,lsnm2024_ddos_udp
2024-02-26 12:58:14.000000000,BENIGN,0,1.0,25.0,440.0,3410000000.0,50000000.0,17.6,0.0,6.0,lsnm2024_ddos_udp
2024-02-26 12:58:14.000000000,BENIGN,0,1.0,25.0,440.0,3410000000.0,50000000.0,17.6,0.0,6.0,lsnm2024_ddos_udp
2024-02-26 12:58:15.000000000,BENIGN,0,1.0,25.0,440.0,3410000000.0,50000000.0,17.6,0.0,6.0,lsnm2024_ddos_udp
2024-02-26 12:58:15.000000000,BENIGN,0,1.0,25.0,440.0,3410000000.0,50000000.0,17.6,0.0,6.0,lsnm2024_ddos_udp
2024-02-26 12:58:15.000000000,BENIGN,0,1.0,25.0,440.0,3410000000.0,50000000.0,17.6,0.0,6.0,lsnm2024_ddos_udp
2024-02-26 12:58:15.000000000,BENIGN,0,1.0,25.0,440.0,3410000000.0,50000000.0,17.6,0.0,6.0,lsnm2024_ddos_udp
2024-02-26 12:58:15.000000000,BENIGN,0,1.0,25.0,440.0,3410000000.0,50000000.0,17.6,0.0,6.0,lsnm2024_ddos_udp
2024-02-26 12:58:15.000000000,BENIGN,0,1000000.0,25.0,440.0,3410.0,50.0,17.6,0.0,6.0,lsnm2024_ddos_udp
2024-02-26 12:58:15.000000000,BENIGN,0,1.0,25.0,440.0,3410000000.0,50000000.0,17.6,0.0,6.0,lsnm2024_ddos_udp
2024-02-26 12:58:15.000000000,BENIGN,0,1.0,25.0,440.0,3410000000.0,50000000.0,17.6,0.0,6.0,lsnm2024_ddos_udp
2024-02-26 12:58:15.000000000,BENIGN,0,1.0,25.0,440.0,3410000000.0,50000000.0,17.6,0.0,6.0,lsnm2024_ddos_udp
2024-02-26 12:58:15.000000000,BENIGN,0,1.0,25.0,440.0,3410000000.0,50000000.0,17.6,0.0,6.0,lsnm2024_ddos_udp
2024-02-26 12:58:15.000000000,BENIGN,0,1.0,25.0,440.0,3410000000.0,50000000.0,17.6,0.0,6.0,lsnm2024_ddos_udp
2024-02-26 12:58:15.000000000,BENIGN,0,1.0,25.0,440.0,3410000000.0,50000000.0,17.6,0.0,6.0,lsnm2024_ddos_udp
2024-02-26 12:58:15.000000000,BENIGN,0,1.0,25.0,440.0,3410000000.0,50000000.0,17.6,0.0,6.0,lsnm2024_ddos_udp
2024-02-26 12:58:15.000000000,BENIGN,0,1.0,25.0,440.0,3410000000.0,50000000.0,17.6,0.0,6.0,lsnm2024_ddos_udp
2024-02-26 12:58:15.000000000,BENIGN,0,1.0,25.0,440.0,3410000000.0,50000000.0,17.6,0.0,6.0,lsnm2024_ddos_udp
2024-02-26 12:58:15.000000000,BENIGN,0,1.0,25.0,440.0,3410000000.0,50000000.0,17.6,0.0,6.0,lsnm2024_ddos_udp
2024-02-26 12:58:15.000000000,BENIGN,0,1.0,25.0,440.0,3410000000.0,50000000.0,17.6,0.0,6.0,lsnm2024_ddos_udp
2024-02-26 12:58:15.000000000,BENIGN,0,1.0,25.0,440.0,3410000000.0,50000000.0,17.6,0.0,6.0,lsnm2024_ddos_udp
2024-02-26 12:58:15.000000000,BENIGN,0,1.0,25.0,440.0,3410000000.0,50000000.0,17.6,0.0,6.0,lsnm2024_ddos_udp
2024-02-26 12:58:15.000000000,BENIGN,0,1.0,25.0,440.0,3410000000.0,50000000.0,17.6,0.0,6.0,lsnm2024_ddos_udp
2024-02-26 12:58:15.000000000,BENIGN,0,1.0,25.0,440.0,3410000000.0,50000000.0,17.6,0.0,6.0,lsnm2024_ddos_udp
2024-02-26 12:58:15.000000000,BENIGN,0,1.0,25.0,440.0,3410000000.0,50000000.0,17.6,0.0,6.0,lsnm2024_ddos_udp
2024-02-26 12:58:15.000000000,BENIGN,0,1.0,25.0,440.0,3410000000.0,50000000.0,17.6,0.0,6.0,lsnm2024_ddos_udp
2024-02-26 12:58:16.000000000,BENIGN,0,1.0,25.0,440.0,3410000000.0,50000000.0,17.6,0.0,6.0,lsnm2024_ddos_udp
2024-02-26 12:58:16.000000000,BENIGN,0,1.0,25.0,440.0,3410000000.0,50000000.0,17.6,0.0,6.0,lsnm2024_ddos_udp
2024-02-26 12:58:16.000000000,BENIGN,0,1.0,25.0,440.0,3410000000.0,50000000.0,17.6,0.0,6.0,lsnm2024_ddos_udp
2024-02-26 12:58:16.000000000,BENIGN,0,1.0,25.0,440.0,3410000000.0,50000000.0,17.6,0.0,6.0,lsnm2024_ddos_udp
2024-02-26 12:58:16.000000000,BENIGN,0,1.0,25.0,440.0,3410000000.0,50000000.0,17.6,0.0,6.0,lsnm2024_ddos_udp
2024-02-26 12:58:16.000000000,BENIGN,0,1.0,25.0,440.0,3410000000.0,50000000.0,17.6,0.0,6.0,lsnm2024_ddos_udp
2024-02-26 12:58:16.000000000,BENIGN,0,1.0,25.0,440.0,3410000000.0,50000000.0,17.6,0.0,6.0,lsnm2024_ddos_udp
2024-02-26 12:58:16.000000000,BENIGN,0,1.0,25.0,440.0,3410000000.0,50000000.0,17.6,0.0,6.0,lsnm2024_ddos_udp
2024-02-26 12:58:16.000000000,BENIGN,0,1.0,25.0,440.0,3410000000.0,50000000.0,17.6,0.0,6.0,lsnm2024_ddos_udp
2024-02-26 12:58:16.000000000,BENIGN,0,1.0,25.0,440.0,3410000000.0,50000000.0,17.6,0.0,6.0,lsnm2024_ddos_udp
2024-02-26 12:58:16.000000000,BENIGN,0,1.0,25.0,440.0,3410000000.0,50000000.0,17.6,0.0,6.0,lsnm2024_ddos_udp
2024-02-26 12:58:16.000000000,BENIGN,0,1.0,25.0,440.0,3410000000.0,50000000.0,17.6,0.0,6.0,lsnm2024_ddos_udp
2024-02-26 12:58:16.000000000,BENIGN,0,1.0,25.0,440.0,3410000000.0,50000000.0,17.6,0.0,6.0,lsnm2024_ddos_udp
2024-02-26 12:58:16.000000000,BENIGN,0,1.0,25.0,440.0,3410000000.0,50000000.0,17.6,0.0,6.0,lsnm2024_ddos_udp
2024-02-26 12:58:16.000000000,BENIGN,0,1.0,25.0,440.0,3410000000.0,50000000.0,17.6,0.0,6.0,lsnm2024_ddos_udp
2024-02-26 12:58:16.000000000,BENIGN,0,1.0,25.0,440.0,3410000000.0,50000000.0,17.6,0.0,6.0,lsnm2024_ddos_udp
2024-02-26 12:58:16.000000000,BENIGN,0,1.0,25.0,440.0,3410000000.0,50000000.0,17.6,0.0,6.0,lsnm2024_ddos_udp
2024-02-26 12:58:16.000000000,BENIGN,0,1.0,25.0,440.0,3410000000.0,50000000.0,17.6,0.0,6.0,lsnm2024_ddos_udp
2024-02-26 12:58:16.000000000,BENIGN,0,1.0,25.0,440.0,3410000000.0,50000000.0,17.6,0.0,6.0,lsnm2024_ddos_udp
2024-02-26 12:58:16.000000000,BENIGN,0,1.0,25.0,440.0,3410000000.0,50000000.0,17.6,0.0,6.0,lsnm2024_ddos_udp
2024-02-26 12:58:16.000000000,BENIGN,0,1.0,25.0,440.0,3410000000.0,50000000.0,17.6,0.0,6.0,lsnm2024_ddos_udp
2024-02-26 12:58:16.000000000,BENIGN,0,1.0,25.0,440.0,3410000000.0,50000000.0,17.6,0.0,6.0,lsnm2024_ddos_udp
2024-02-26 12:58:16.000000000,BENIGN,0,1.0,25.0,440.0,3410000000.0,50000000.0,17.6,0.0,6.0,lsnm2024_ddos_udp
2024-02-26 12:58:16.000000000,BENIGN,0,1.0,25.0,440.0,3410000000.0,50000000.0,17.6,0.0,6.0,lsnm2024_ddos_udp
2024-02-26 12:58:16.000000000,BENIGN,0,1.0,25.0,440.0,3410000000.0,50000000.0,17.6,0.0,6.0,lsnm2024_ddos_udp
2024-02-26 12:58:17.000000000,BENIGN,0,1.0,25.0,440.0,3410000000.0,50000000.0,17.6,0.0,6.0,lsnm2024_ddos_udp
2024-02-26 12:58:17.000000000,BENIGN,0,1.0,25.0,440.0,3410000000.0,50000000.0,17.6,0.0,6.0,lsnm2024_ddos_udp
2024-02-26 12:58:17.000000000,BENIGN,0,1.0,25.0,440.0,3410000000.0,50000000.0,17.6,0.0,6.0,lsnm2024_ddos_udp
2024-02-26 12:58:17.000000000,BENIGN,0,1.0,25.0,440.0,3410000000.0,50000000.0,17.6,0.0,6.0,lsnm2024_ddos_udp
2024-02-26 12:58:17.000000000,BENIGN,0,1.0,25.0,440.0,3410000000.0,50000000.0,17.6,0.0,6.0,lsnm2024_ddos_udp
2024-02-26 12:58:17.000000000,BENIGN,0,1.0,25.0,440.0,3410000000.0,50000000.0,17.6,0.0,6.0,lsnm2024_ddos_udp
2024-02-26 12:58:17.000000000,BENIGN,0,1.0,25.0,440.0,3410000000.0,50000000.0,17.6,0.0,6.0,lsnm2024_ddos_udp
2024-02-26 12:58:17.000000000,BENIGN,0,1.0,25.0,440.0,3410000000.0,50000000.0,17.6,0.0,6.0,lsnm2024_ddos_udp
2024-02-26 12:58:17.000000000,BENIGN,0,1.0,25.0,440.0,3410000000.0,50000000.0,17.6,0.0,6.0,lsnm2024_ddos_udp
2024-02-26 12:58:17.000000000,BENIGN,0,1.0,25.0,440.0,3410000000.0,50000000.0,17.6,0.0,6.0,lsnm2024_ddos_udp
2024-02-26 12:58:17.000000000,BENIGN,0,1.0,25.0,440.0,3410000000.0,50000000.0,17.6,0.0,6.0,lsnm2024_ddos_udp
2024-02-26 12:58:17.000000000,BENIGN,0,1.0,25.0,440.0,3410000000.0,50000000.0,17.6,0.0,6.0,lsnm2024_ddos_udp
2024-02-26 12:58:17.000000000,BENIGN,0,1.0,25.0,440.0,3410000000.0,50000000.0,17.6,0.0,6.0,lsnm2024_ddos_udp
2024-02-26 12:58:17.000000000,BENIGN,0,1.0,25.0,440.0,3410000000.0,50000000.0,17.6,0.0,6.0,lsnm2024_ddos_udp
2024-02-26 12:58:17.000000000,BENIGN,0,1.0,25.0,440.0,3410000000.0,50000000.0,17.6,0.0,6.0,lsnm2024_ddos_udp
2024-02-26 12:58:18.000000000,BENIGN,0,1.0,25.0,440.0,3410000000.0,50000000.0,17.6,0.0,6.0,lsnm2024_ddos_udp
2024-02-26 12:58:18.000000000,BENIGN,0,1.0,25.0,440.0,3410000000.0,50000000.0,17.6,0.0,6.0,lsnm2024_ddos_udp
2024-02-26 12:58:18.000000000,BENIGN,0,1.0,25.0,440.0,3410000000.0,50000000.0,17.6,0.0,6.0,lsnm2024_ddos_udp
2024-02-26 12:58:18.000000000,BENIGN,0,1.0,25.0,440.0,3410000000.0,50000000.0,17.6,0.0,6.0,lsnm2024_ddos_udp
2024-02-26 12:58:18.000000000,BENIGN,0,1.0,25.0,440.0,3410000000.0,50000000.0,17.6,0.0,6.0,lsnm2024_ddos_udp
2024-02-26 12:58:18.000000000,BENIGN,0,1.0,25.0,440.0,3410000000.0,50000000.0,17.6,0.0,6.0,lsnm2024_ddos_udp
2024-02-26 12:58:18.000000000,BENIGN,0,1.0,25.0,440.0,3410000000.0,50000000.0,17.6,0.0,6.0,lsnm2024_ddos_udp
2024-02-26 12:58:18.000000000,BENIGN,0,1.0,25.0,440.0,3410000000.0,50000000.0,17.6,0.0,6.0,lsnm2024_ddos_udp
2024-02-26 12:58:18.000000000,BENIGN,0,1.0,25.0,440.0,3410000000.0,50000000.0,17.6,0.0,6.0,lsnm2024_ddos_udp
2024-02-26 12:58:18.000000000,BENIGN,0,1.0,25.0,440.0,3410000000.0,50000000.0,17.6,0.0,6.0,lsnm2024_ddos_udp
2024-02-26 12:58:18.000000000,BENIGN,0,1.0,25.0,440.0,3410000000.0,50000000.0,17.6,0.0,6.0,lsnm2024_ddos_udp
2024-02-26 12:58:18.000000000,BENIGN,0,1.0,25.0,440.0,3410000000.0,50000000.0,17.6,0.0,6.0,lsnm2024_ddos_udp
2024-02-26 12:58:18.000000000,BENIGN,0,1.0,25.0,440.0,3410000000.0,50000000.0,17.6,0.0,6.0,lsnm2024_ddos_udp
2024-02-26 12:58:18.000000000,BENIGN,0,1.0,25.0,440.0,3410000000.0,50000000.0,17.6,0.0,6.0,lsnm2024_ddos_udp
2024-02-26 12:58:18.000000000,BENIGN,0,1.0,25.0,440.0,3410000000.0,50000000.0,17.6,0.0,6.0,lsnm2024_ddos_udp
2024-02-26 12:58:18.000000000,BENIGN,0,1.0,25.0,440.0,3410000000.0,50000000.0,17.6,0.0,6.0,lsnm2024_ddos_udp
2024-02-26 12:58:18.000000000,BENIGN,0,1.0,25.0,440.0,3410000000.0,50000000.0,17.6,0.0,6.0,lsnm2024_ddos_udp
2024-02-26 12:58:18.000000000,BENIGN,0,1000000.0,25.0,440.0,3410.0,50.0,17.6,0.0,6.0,lsnm2024_ddos_udp
2024-02-26 12:58:18.000000000,BENIGN,0,1.0,25.0,440.0,3410000000.0,50000000.0,17.6,0.0,6.0,lsnm2024_ddos_udp
2024-02-26 12:58:18.000000000,BENIGN,0,1.0,25.0,440.0,3410000000.0,50000000.0,17.6,0.0,6.0,lsnm2024_ddos_udp
2024-02-26 12:58:18.000000000,BENIGN,0,1.0,25.0,440.0,3410000000.0,50000000.0,17.6,0.0,6.0,lsnm2024_ddos_udp
2024-02-26 12:58:18.000000000,BENIGN,0,1.0,25.0,440.0,3410000000.0,50000000.0,17.6,0.0,6.0,lsnm2024_ddos_udp
2024-02-26 12:58:18.000000000,BENIGN,0,1.0,25.0,440.0,3410000000.0,50000000.0,17.6,0.0,6.0,lsnm2024_ddos_udp
2024-02-26 12:58:18.000000000,BENIGN,0,1.0,25.0,440.0,3410000000.0,50000000.0,17.6,0.0,6.0,lsnm2024_ddos_udp
2024-02-26 12:58:18.000000000,BENIGN,0,1.0,25.0,440.0,3410000000.0,50000000.0,17.6,0.0,6.0,lsnm2024_ddos_udp
2024-02-26 12:58:18.000000000,BENIGN,0,1.0,25.0,440.0,3410000000.0,50000000.0,17.6,0.0,6.0,lsnm2024_ddos_udp
2024-02-26 12:58:18.000000000,BENIGN,0,1.0,25.0,440.0,3410000000.0,50000000.0,17.6,0.0,6.0,lsnm2024_ddos_udp
2024-02-26 12:58:18.000000000,BENIGN,0,1.0,25.0,440.0,3410000000.0,50000000.0,17.6,0.0,6.0,lsnm2024_ddos_udp
2024-02-26 12:58:18.000000000,BENIGN,0,1.0,25.0,440.0,3410000000.0,50000000.0,17.6,0.0,6.0,lsnm2024_ddos_udp
2024-02-26 12:58:19.000000000,BENIGN,0,1.0,25.0,440.0,3410000000.0,50000000.0,17.6,0.0,6.0,lsnm2024_ddos_udp
2024-02-26 12:58:19.000000000,BENIGN,0,1.0,25.0,440.0,3410000000.0,50000000.0,17.6,0.0,6.0,lsnm2024_ddos_udp
2024-02-26 12:58:19.000000000,BENIGN,0,1.0,25.0,440.0,3410000000.0,50000000.0,17.6,0.0,6.0,lsnm2024_ddos_udp
2024-02-26 12:58:19.000000000,BENIGN,0,1.0,25.0,440.0,3410000000.0,50000000.0,17.6,0.0,6.0,lsnm2024_ddos_udp
2024-02-26 12:58:19.000000000,BENIGN,0,1.0,25.0,440.0,3410000000.0,50000000.0,17.6,0.0,6.0,lsnm2024_ddos_udp
2024-02-26 12:58:19.000000000,BENIGN,0,1.0,25.0,440.0,3410000000.0,50000000.0,17.6,0.0,6.0,lsnm2024_ddos_udp
2024-02-26 12:58:19.000000000,BENIGN,0,1.0,25.0,440.0,3410000000.0,50000000.0,17.6,0.0,6.0,lsnm2024_ddos_udp
2024-02-26 12:58:19.000000000,BENIGN,0,1.0,25.0,440.0,3410000000.0,50000000.0,17.6,0.0,6.0,lsnm2024_ddos_udp
2024-02-26 12:58:19.000000000,BENIGN,0,1.0,25.0,440.0,3410000000.0,50000000.0,17.6,0.0,6.0,lsnm2024_ddos_udp
2024-02-26 12:58:19.000000000,BENIGN,0,1.0,25.0,440.0,3410000000.0,50000000.0,17.6,0.0,6.0,lsnm2024_ddos_udp
2024-02-26 12:58:19.000000000,BENIGN,0,1.0,25.0,440.0,3410000000.0,50000000.0,17.6,0.0,6.0,lsnm2024_ddos_udp
2024-02-26 12:58:19.000000000,BENIGN,0,1.0,25.0,440.0,3410000000.0,50000000.0,17.6,0.0,6.0,lsnm2024_ddos_udp
2024-02-26 12:58:19.000000000,BENIGN,0,1.0,25.0,440.0,3410000000.0,50000000.0,17.6,0.0,6.0,lsnm2024_ddos_udp
2024-02-26 12:58:19.000000000,BENIGN,0,1.0,25.0,440.0,3410000000.0,50000000.0,17.6,0.0,6.0,lsnm2024_ddos_udp
2024-02-26 12:58:19.000000000,BENIGN,0,1.0,25.0,440.0,3410000000.0,50000000.0,17.6,0.0,6.0,lsnm2024_ddos_udp
2024-02-26 12:58:19.000000000,BENIGN,0,1.0,25.0,440.0,3410000000.0,50000000.0,17.6,0.0,6.0,lsnm2024_ddos_udp
2024-02-26 12:58:19.000000000,BENIGN,0,1.0,25.0,440.0,3410000000.0,50000000.0,17.6,0.0,6.0,lsnm2024_ddos_udp
2024-02-26 12:58:19.000000000,BENIGN,0,1.0,25.0,440.0,3410000000.0,50000000.0,17.6,0.0,6.0,lsnm2024_ddos_udp
2024-02-26 12:58:19.000000000,BENIGN,0,1.0,25.0,440.0,3410000000.0,50000000.0,17.6,0.0,6.0,lsnm2024_ddos_udp
2024-02-26 12:58:19.000000000,BENIGN,0,1.0,25.0,440.0,3410000000.0,50000000.0,17.6,0.0,6.0,lsnm2024_ddos_udp
2024-02-26 12:58:19.000000000,BENIGN,0,1.0,25.0,440.0,3410000000.0,50000000.0,17.6,0.0,6.0,lsnm2024_ddos_udp
2024-02-26 12:58:19.000000000,BENIGN,0,1.0,25.0,440.0,3410000000.0,50000000.0,17.6,0.0,6.0,lsnm2024_ddos_udp
2024-02-26 12:58:20.000000000,BENIGN,0,1.0,25.0,440.0,3410000000.0,50000000.0,17.6,0.0,6.0,lsnm2024_ddos_udp
2024-02-26 12:58:20.000000000,BENIGN,0,1.0,25.0,440.0,3410000000.0,50000000.0,17.6,0.0,6.0,lsnm2024_ddos_udp
2024-02-26 12:58:20.000000000,BENIGN,0,1.0,25.0,440.0,3410000000.0,50000000.0,17.6,0.0,6.0,lsnm2024_ddos_udp
2024-02-26 12:58:20.000000000,BENIGN,0,1.0,25.0,440.0,3410000000.0,50000000.0,17.6,0.0,6.0,lsnm2024_ddos_udp
2024-02-26 12:58:20.000000000,BENIGN,0,1.0,25.0,440.0,3410000000.0,50000000.0,17.6,0.0,6.0,lsnm2024_ddos_udp
2024-02-26 12:58:20.000000000,BENIGN,0,1.0,25.0,440.0,3410000000.0,50000000.0,17.6,0.0,6.0,lsnm2024_ddos_udp
2024-02-26 12:58:20.000000000,BENIGN,0,1.0,25.0,440.0,3410000000.0,50000000.0,17.6,0.0,6.0,lsnm2024_ddos_udp
2024-02-26 12:58:20.000000000,BENIGN,0,1.0,25.0,440.0,3410000000.0,50000000.0,17.6,0.0,6.0,lsnm2024_ddos_udp
2024-02-26 12:58:20.000000000,BENIGN,0,1.0,25.0,440.0,3410000000.0,50000000.0,17.6,0.0,6.0,lsnm2024_ddos_udp
2024-02-26 12:58:20.000000000,BENIGN,0,1.0,25.0,440.0,3410000000.0,50000000.0,17.6,0.0,6.0,lsnm2024_ddos_udp
2024-02-26 12:58:20.000000000,BENIGN,0,1.0,25.0,440.0,3410000000.0,50000000.0,17.6,0.0,6.0,lsnm2024_ddos_udp
2024-02-26 12:58:20.000000000,BENIGN,0,1.0,25.0,440.0,3410000000.0,50000000.0,17.6,0.0,6.0,lsnm2024_ddos_udp
2024-02-26 12:58:20.000000000,BENIGN,0,1.0,25.0,440.0,3410000000.0,50000000.0,17.6,0.0,6.0,lsnm2024_ddos_udp
2024-02-26 12:58:20.000000000,BENIGN,0,1.0,25.0,440.0,3410000000.0,50000000.0,17.6,0.0,6.0,lsnm2024_ddos_udp
2024-02-26 12:58:20.000000000,BENIGN,0,1.0,25.0,440.0,3410000000.0,50000000.0,17.6,0.0,6.0,lsnm2024_ddos_udp
2024-02-26 12:58:20.000000000,BENIGN,0,1.0,25.0,440.0,3410000000.0,50000000.0,17.6,0.0,6.0,lsnm2024_ddos_udp
2024-02-26 12:58:20.000000000,BENIGN,0,1.0,25.0,440.0,3410000000.0,50000000.0,17.6,0.0,6.0,lsnm2024_ddos_udp
2024-02-26 12:58:20.000000000,BENIGN,0,1.0,25.0,440.0,3410000000.0,50000000.0,17.6,0.0,6.0,lsnm2024_ddos_udp
2024-02-26 12:58:20.000000000,BENIGN,0,1.0,25.0,440.0,3410000000.0,50000000.0,17.6,0.0,6.0,lsnm2024_ddos_udp
2024-02-26 12:58:20.000000000,BENIGN,0,1.0,25.0,440.0,3410000000.0,50000000.0,17.6,0.0,6.0,lsnm2024_ddos_udp
2024-02-26 12:58:20.000000000,BENIGN,0,1.0,25.0,440.0,3410000000.0,50000000.0,17.6,0.0,6.0,lsnm2024_ddos_udp
2024-02-26 12:58:20.000000000,BENIGN,0,1.0,25.0,440.0,3410000000.0,50000000.0,17.6,0.0,6.0,lsnm2024_ddos_udp
2024-02-26 12:58:20.000000000,BENIGN,0,1.0,25.0,440.0,3410000000.0,50000000.0,17.6,0.0,6.0,lsnm2024_ddos_udp
2024-02-26 12:58:20.000000000,BENIGN,0,1.0,25.0,440.0,3410000000.0,50000000.0,17.6,0.0,6.0,lsnm2024_ddos_udp
2024-02-26 12:58:20.000000000,BENIGN,0,1.0,25.0,440.0,3410000000.0,50000000.0,17.6,0.0,6.0,lsnm2024_ddos_udp
2024-02-26 12:58:20.000000000,BENIGN,0,1.0,25.0,440.0,3410000000.0,50000000.0,17.6,0.0,6.0,lsnm2024_ddos_udp
2024-02-26 12:58:20.000000000,BENIGN,0,1.0,25.0,440.0,3410000000.0,50000000.0,17.6,0.0,6.0,lsnm2024_ddos_udp
2024-02-26 12:58:20.000000000,BENIGN,0,1.0,25.0,440.0,3410000000.0,50000000.0,17.6,0.0,6.0,lsnm2024_ddos_udp
2024-02-26 12:58:21.000000000,BENIGN,0,1.0,25.0,440.0,3410000000.0,50000000.0,17.6,0.0,6.0,lsnm2024_ddos_udp
2024-02-26 12:58:21.000000000,BENIGN,0,1.0,25.0,440.0,3410000000.0,50000000.0,17.6,0.0,6.0,lsnm2024_ddos_udp
2024-02-26 12:58:21.000000000,BENIGN,0,1.0,25.0,440.0,3410000000.0,50000000.0,17.6,0.0,6.0,lsnm2024_ddos_udp
2024-02-26 12:58:21.000000000,BENIGN,0,1.0,25.0,440.0,3410000000.0,50000000.0,17.6,0.0,6.0,lsnm2024_ddos_udp
2024-02-26 12:58:21.000000000,BENIGN,0,1000000.0,25.0,440.0,3410.0,50.0,17.6,0.0,6.0,lsnm2024_ddos_udp
2024-02-26 12:58:21.000000000,BENIGN,0,1.0,25.0,440.0,3410000000.0,50000000.0,17.6,0.0,6.0,lsnm2024_ddos_udp
2024-02-26 12:58:21.000000000,BENIGN,0,1.0,25.0,440.0,3410000000.0,50000000.0,17.6,0.0,6.0,lsnm2024_ddos_udp
2024-02-26 12:58:21.000000000,BENIGN,0,1.0,25.0,440.0,3410000000.0,50000000.0,17.6,0.0,6.0,lsnm2024_ddos_udp
2024-02-26 12:58:21.000000000,BENIGN,0,1.0,25.0,440.0,3410000000.0,50000000.0,17.6,0.0,6.0,lsnm2024_ddos_udp
2024-02-26 12:58:21.000000000,BENIGN,0,1.0,25.0,440.0,3410000000.0,50000000.0,17.6,0.0,6.0,lsnm2024_ddos_udp
2024-02-26 12:58:21.000000000,BENIGN,0,1.0,25.0,440.0,3410000000.0,50000000.0,17.6,0.0,6.0,lsnm2024_ddos_udp
2024-02-26 12:58:21.000000000,BENIGN,0,1.0,25.0,440.0,3410000000.0,50000000.0,17.6,0.0,6.0,lsnm2024_ddos_udp
2024-02-26 12:58:21.000000000,BENIGN,0,1.0,25.0,440.0,3410000000.0,50000000.0,17.6,0.0,6.0,lsnm2024_ddos_udp
2024-02-26 12:58:21.000000000,BENIGN,0,1.0,25.0,440.0,3410000000.0,50000000.0,17.6,0.0,6.0,lsnm2024_ddos_udp
2024-02-26 12:58:21.000000000,BENIGN,0,1.0,25.0,440.0,3410000000.0,50000000.0,17.6,0.0,6.0,lsnm2024_ddos_udp
2024-02-26 12:58:21.000000000,BENIGN,0,1.0,25.0,440.0,3410000000.0,50000000.0,17.6,0.0,6.0,lsnm2024_ddos_udp
2024-02-26 12:58:21.000000000,BENIGN,0,1.0,25.0,440.0,3410000000.0,50000000.0,17.6,0.0,6.0,lsnm2024_ddos_udp
2024-02-26 12:58:21.000000000,BENIGN,0,1.0,25.0,440.0,3410000000.0,50000000.0,17.6,0.0,6.0,lsnm2024_ddos_udp
2024-02-26 12:58:21.000000000,BENIGN,0,1.0,25.0,440.0,3410000000.0,50000000.0,17.6,0.0,6.0,lsnm2024_ddos_udp
2024-02-26 12:58:21.000000000,BENIGN,0,1.0,25.0,440.0,3410000000.0,50000000.0,17.6,0.0,6.0,lsnm2024_ddos_udp
2024-02-26 12:58:21.000000000,BENIGN,0,1.0,25.0,440.0,3410000000.0,50000000.0,17.6,0.0,6.0,lsnm2024_ddos_udp
2024-02-26 12:58:21.000000000,BENIGN,0,1.0,25.0,440.0,3410000000.0,50000000.0,17.6,0.0,6.0,lsnm2024_ddos_udp
2024-02-26 12:58:21.000000000,BENIGN,0,1.0,25.0,440.0,3410000000.0,50000000.0,17.6,0.0,6.0,lsnm2024_ddos_udp
2024-02-26 12:58:22.000000000,BENIGN,0,1.0,25.0,440.0,3410000000.0,50000000.0,17.6,0.0,6.0,lsnm2024_ddos_udp
2024-02-26 12:58:22.000000000,BENIGN,0,1.0,25.0,440.0,3410000000.0,50000000.0,17.6,0.0,6.0,lsnm2024_ddos_udp
2024-02-26 12:58:22.000000000,BENIGN,0,1.0,25.0,440.0,3410000000.0,50000000.0,17.6,0.0,6.0,lsnm2024_ddos_udp
2024-02-26 12:58:22.000000000,BENIGN,0,1.0,25.0,440.0,3410000000.0,50000000.0,17.6,0.0,6.0,lsnm2024_ddos_udp
2024-02-26 12:58:22.000000000,BENIGN,0,1.0,25.0,440.0,3410000000.0,50000000.0,17.6,0.0,6.0,lsnm2024_ddos_udp
2024-02-26 12:58:22.000000000,BENIGN,0,1.0,25.0,440.0,3410000000.0,50000000.0,17.6,0.0,6.0,lsnm2024_ddos_udp
2024-02-26 12:58:22.000000000,BENIGN,0,1.0,25.0,440.0,3410000000.0,50000000.0,17.6,0.0,6.0,lsnm2024_ddos_udp
2024-02-26 12:58:22.000000000,BENIGN,0,1.0,25.0,440.0,3410000000.0,50000000.0,17.6,0.0,6.0,lsnm2024_ddos_udp
2024-02-26 12:58:22.000000000,BENIGN,0,1.0,25.0,440.0,3410000000.0,50000000.0,17.6,0.0,6.0,lsnm2024_ddos_udp
2024-02-26 12:58:22.000000000,BENIGN,0,1.0,25.0,440.0,3410000000.0,50000000.0,17.6,0.0,6.0,lsnm2024_ddos_udp
2024-02-26 12:58:22.000000000,BENIGN,0,1.0,25.0,440.0,3410000000.0,50000000.0,17.6,0.0,6.0,lsnm2024_ddos_udp
2024-02-26 12:58:22.000000000,BENIGN,0,1.0,25.0,440.0,3410000000.0,50000000.0,17.6,0.0,6.0,lsnm2024_ddos_udp
2024-02-26 12:58:22.000000000,BENIGN,0,1.0,25.0,440.0,3410000000.0,50000000.0,17.6,0.0,6.0,lsnm2024_ddos_udp
2024-02-26 12:58:22.000000000,BENIGN,0,1.0,25.0,440.0,3410000000.0,50000000.0,17.6,0.0,6.0,lsnm2024_ddos_udp
2024-02-26 12:58:22.000000000,BENIGN,0,1.0,25.0,440.0,3410000000.0,50000000.0,17.6,0.0,6.0,lsnm2024_ddos_udp
2024-02-26 12:58:22.000000000,BENIGN,0,1.0,25.0,440.0,3410000000.0,50000000.0,17.6,0.0,6.0,lsnm2024_ddos_udp
2024-02-26 12:58:22.000000000,BENIGN,0,1.0,25.0,440.0,3410000000.0,50000000.0,17.6,0.0,6.0,lsnm2024_ddos_udp
2024-02-26 12:58:22.000000000,BENIGN,0,1.0,25.0,440.0,3410000000.0,50000000.0,17.6,0.0,6.0,lsnm2024_ddos_udp
2024-02-26 12:58:22.000000000,BENIGN,0,1.0,25.0,440.0,3410000000.0,50000000.0,17.6,0.0,6.0,lsnm2024_ddos_udp
2024-02-26 12:58:22.000000000,BENIGN,0,1.0,25.0,440.0,3410000000.0,50000000.0,17.6,0.0,6.0,lsnm2024_ddos_udp
2024-02-26 12:58:22.000000000,BENIGN,0,1.0,25.0,440.0,3410000000.0,50000000.0,17.6,0.0,6.0,lsnm2024_ddos_udp
2024-02-26 12:58:22.000000000,BENIGN,0,1.0,25.0,440.0,3410000000.0,50000000.0,17.6,0.0,6.0,lsnm2024_ddos_udp
2024-02-26 12:58:22.000000000,BENIGN,0,1.0,25.0,440.0,3410000000.0,50000000.0,17.6,0.0,6.0,lsnm2024_ddos_udp
2024-02-26 12:58:22.000000000,BENIGN,0,1.0,25.0,440.0,3410000000.0,50000000.0,17.6,0.0,6.0,lsnm2024_ddos_udp
2024-02-26 12:58:22.000000000,BENIGN,0,1.0,25.0,440.0,3410000000.0,50000000.0,17.6,0.0,6.0,lsnm2024_ddos_udp
2024-02-26 12:58:22.000000000,BENIGN,0,1.0,25.0,440.0,3410000000.0,50000000.0,17.6,0.0,6.0,lsnm2024_ddos_udp
2024-02-26 12:58:22.000000000,BENIGN,0,1.0,25.0,440.0,3410000000.0,50000000.0,17.6,0.0,6.0,lsnm2024_ddos_udp
2024-02-26 12:58:22.000000000,BENIGN,0,1.0,25.0,440.0,3410000000.0,50000000.0,17.6,0.0,6.0,lsnm2024_ddos_udp
2024-02-26 12:58:22.000000000,BENIGN,0,1.0,25.0,440.0,3410000000.0,50000000.0,17.6,0.0,6.0,lsnm2024_ddos_udp
2024-02-26 12:58:23.000000000,BENIGN,0,1.0,25.0,440.0,3410000000.0,50000000.0,17.6,0.0,6.0,lsnm2024_ddos_udp
2024-02-26 12:58:23.000000000,BENIGN,0,1.0,25.0,440.0,3410000000.0,50000000.0,17.6,0.0,6.0,lsnm2024_ddos_udp
2024-02-26 12:58:23.000000000,BENIGN,0,1.0,25.0,440.0,3410000000.0,50000000.0,17.6,0.0,6.0,lsnm2024_ddos_udp
2024-02-26 12:58:23.000000000,BENIGN,0,1.0,25.0,440.0,3410000000.0,50000000.0,17.6,0.0,6.0,lsnm2024_ddos_udp
2024-02-26 12:58:23.000000000,BENIGN,0,1.0,25.0,440.0,3410000000.0,50000000.0,17.6,0.0,6.0,lsnm2024_ddos_udp
2024-02-26 12:58:23.000000000,BENIGN,0,1.0,25.0,440.0,3410000000.0,50000000.0,17.6,0.0,6.0,lsnm2024_ddos_udp
2024-02-26 12:58:23.000000000,BENIGN,0,1.0,25.0,440.0,3410000000.0,50000000.0,17.6,0.0,6.0,lsnm2024_ddos_udp
2024-02-26 12:58:23.000000000,BENIGN,0,1.0,25.0,440.0,3410000000.0,50000000.0,17.6,0.0,6.0,lsnm2024_ddos_udp
2024-02-26 12:58:23.000000000,BENIGN,0,1.0,25.0,440.0,3410000000.0,50000000.0,17.6,0.0,6.0,lsnm2024_ddos_udp
2024-02-26 12:58:23.000000000,BENIGN,0,1.0,25.0,440.0,3410000000.0,50000000.0,17.6,0.0,6.0,lsnm2024_ddos_udp
2024-02-26 12:58:23.000000000,BENIGN,0,1.0,25.0,440.0,3410000000.0,50000000.0,17.6,0.0,6.0,lsnm2024_ddos_udp
2024-02-26 12:58:23.000000000,BENIGN,0,1.0,25.0,440.0,3410000000.0,50000000.0,17.6,0.0,6.0,lsnm2024_ddos_udp
2024-02-26 12:58:23.000000000,BENIGN,0,1.0,25.0,440.0,3410000000.0,50000000.0,17.6,0.0,6.0,lsnm2024_ddos_udp
2024-02-26 12:58:23.000000000,BENIGN,0,1.0,25.0,440.0,3410000000.0,50000000.0,17.6,0.0,6.0,lsnm2024_ddos_udp
2024-02-26 12:58:23.000000000,BENIGN,0,1.0,25.0,440.0,3410000000.0,50000000.0,17.6,0.0,6.0,lsnm2024_ddos_udp
2024-02-26 12:58:23.000000000,BENIGN,0,1.0,25.0,440.0,3410000000.0,50000000.0,17.6,0.0,6.0,lsnm2024_ddos_udp
2024-02-26 12:58:23.000000000,BENIGN,0,1.0,25.0,440.0,3410000000.0,50000000.0,17.6,0.0,6.0,lsnm2024_ddos_udp
2024-02-26 12:58:23.000000000,BENIGN,0,1.0,25.0,440.0,3410000000.0,50000000.0,17.6,0.0,6.0,lsnm2024_ddos_udp
2024-02-26 12:58:23.000000000,BENIGN,0,1.0,25.0,440.0,3410000000.0,50000000.0,17.6,0.0,6.0,lsnm2024_ddos_udp
2024-02-26 12:58:23.000000000,BENIGN,0,1.0,25.0,440.0,3410000000.0,50000000.0,17.6,0.0,6.0,lsnm2024_ddos_udp
2024-02-26 12:58:23.000000000,BENIGN,0,1.0,25.0,440.0,3410000000.0,50000000.0,17.6,0.0,6.0,lsnm2024_ddos_udp
2024-02-26 12:58:23.000000000,BENIGN,0,1.0,25.0,440.0,3410000000.0,50000000.0,17.6,0.0,6.0,lsnm2024_ddos_udp
2024-02-26 12:58:23.000000000,BENIGN,0,1.0,25.0,440.0,3410000000.0,50000000.0,17.6,0.0,6.0,lsnm2024_ddos_udp
2024-02-26 12:58:23.000000000,BENIGN,0,1.0,25.0,440.0,3410000000.0,50000000.0,17.6,0.0,6.0,lsnm2024_ddos_udp
2024-02-26 12:58:23.000000000,BENIGN,0,1.0,25.0,440.0,3410000000.0,50000000.0,17.6,0.0,6.0,lsnm2024_ddos_udp
2024-02-26 12:58:23.000000000,BENIGN,0,1.0,25.0,440.0,3410000000.0,50000000.0,17.6,0.0,6.0,lsnm2024_ddos_udp
2024-02-26 12:58:23.000000000,BENIGN,0,1.0,25.0,440.0,3410000000.0,50000000.0,17.6,0.0,6.0,lsnm2024_ddos_udp
2024-02-26 12:58:23.000000000,BENIGN,0,1.0,25.0,440.0,3410000000.0,50000000.0,17.6,0.0,6.0,lsnm2024_ddos_udp
2024-02-26 12:58:23.000000000,BENIGN,0,1.0,25.0,440.0,3410000000.0,50000000.0,17.6,0.0,6.0,lsnm2024_ddos_udp
2024-02-26 12:58:23.000000000,BENIGN,0,1.0,25.0,440.0,3410000000.0,50000000.0,17.6,0.0,6.0,lsnm2024_ddos_udp
2024-02-26 12:58:24.000000000,BENIGN,0,1.0,25.0,440.0,3410000000.0,50000000.0,17.6,0.0,6.0,lsnm2024_ddos_udp
2024-02-26 12:58:24.000000000,BENIGN,0,1.0,25.0,440.0,3410000000.0,50000000.0,17.6,0.0,6.0,lsnm2024_ddos_udp
2024-02-26 12:58:24.000000000,BENIGN,0,1.0,25.0,440.0,3410000000.0,50000000.0,17.6,0.0,6.0,lsnm2024_ddos_udp
2024-02-26 12:58:24.000000000,BENIGN,0,1.0,25.0,440.0,3410000000.0,50000000.0,17.6,0.0,6.0,lsnm2024_ddos_udp
2024-02-26 12:58:24.000000000,BENIGN,0,1.0,25.0,440.0,3410000000.0,50000000.0,17.6,0.0,6.0,lsnm2024_ddos_udp
2024-02-26 12:58:24.000000000,BENIGN,0,1.0,25.0,440.0,3410000000.0,50000000.0,17.6,0.0,6.0,lsnm2024_ddos_udp
2024-02-26 12:58:24.000000000,BENIGN,0,1.0,25.0,440.0,3410000000.0,50000000.0,17.6,0.0,6.0,lsnm2024_ddos_udp
2024-02-26 12:58:24.000000000,BENIGN,0,1.0,25.0,440.0,3410000000.0,50000000.0,17.6,0.0,6.0,lsnm2024_ddos_udp
2024-02-26 12:58:24.000000000,BENIGN,0,1.0,25.0,440.0,3410000000.0,50000000.0,17.6,0.0,6.0,lsnm2024_ddos_udp
2024-02-26 12:58:24.000000000,BENIGN,0,1.0,25.0,440.0,3410000000.0,50000000.0,17.6,0.0,6.0,lsnm2024_ddos_udp
2024-02-26 12:58:24.000000000,BENIGN,0,1.0,25.0,440.0,3410000000.0,50000000.0,17.6,0.0,6.0,lsnm2024_ddos_udp
2024-02-26 12:58:24.000000000,BENIGN,0,1.0,25.0,440.0,3410000000.0,50000000.0,17.6,0.0,6.0,lsnm2024_ddos_udp
2024-02-26 12:58:24.000000000,BENIGN,0,1.0,25.0,440.0,3410000000.0,50000000.0,17.6,0.0,6.0,lsnm2024_ddos_udp
2024-02-26 12:58:24.000000000,BENIGN,0,1.0,25.0,440.0,3410000000.0,50000000.0,17.6,0.0,6.0,lsnm2024_ddos_udp
2024-02-26 12:58:24.000000000,BENIGN,0,1.0,25.0,440.0,3410000000.0,50000000.0,17.6,0.0,6.0,lsnm2024_ddos_udp
2024-02-26 12:58:24.000000000,BENIGN,0,1.0,25.0,440.0,3410000000.0,50000000.0,17.6,0.0,6.0,lsnm2024_ddos_udp
2024-02-26 12:58:24.000000000,BENIGN,0,1.0,25.0,440.0,3410000000.0,50000000.0,17.6,0.0,6.0,lsnm2024_ddos_udp
2024-02-26 12:58:24.000000000,BENIGN,0,1.0,25.0,440.0,3410000000.0,50000000.0,17.6,0.0,6.0,lsnm2024_ddos_udp
2024-02-26 12:58:24.000000000,BENIGN,0,1.0,25.0,440.0,3410000000.0,50000000.0,17.6,0.0,6.0,lsnm2024_ddos_udp
2024-02-26 12:58:24.000000000,BENIGN,0,1.0,25.0,440.0,3410000000.0,50000000.0,17.6,0.0,6.0,lsnm2024_ddos_udp
2024-02-26 12:58:24.000000000,BENIGN,0,1.0,25.0,440.0,3410000000.0,50000000.0,17.6,0.0,6.0,lsnm2024_ddos_udp
2024-02-26 12:58:24.000000000,BENIGN,0,1.0,25.0,440.0,3410000000.0,50000000.0,17.6,0.0,6.0,lsnm2024_ddos_udp
2024-02-26 12:58:24.000000000,BENIGN,0,1.0,25.0,440.0,3410000000.0,50000000.0,17.6,0.0,6.0,lsnm2024_ddos_udp
2024-02-26 12:58:25.000000000,BENIGN,0,1.0,25.0,440.0,3410000000.0,50000000.0,17.6,0.0,6.0,lsnm2024_ddos_udp
2024-02-26 12:58:25.000000000,BENIGN,0,1.0,25.0,440.0,3410000000.0,50000000.0,17.6,0.0,6.0,lsnm2024_ddos_udp
2024-02-26 12:58:25.000000000,BENIGN,0,1.0,25.0,440.0,3410000000.0,50000000.0,17.6,0.0,6.0,lsnm2024_ddos_udp
2024-02-26 12:58:25.000000000,BENIGN,0,1.0,25.0,440.0,3410000000.0,50000000.0,17.6,0.0,6.0,lsnm2024_ddos_udp
2024-02-26 12:58:25.000000000,BENIGN,0,1.0,25.0,440.0,3410000000.0,50000000.0,17.6,0.0,6.0,lsnm2024_ddos_udp
2024-02-26 12:58:25.000000000,BENIGN,0,1.0,25.0,440.0,3410000000.0,50000000.0,17.6,0.0,6.0,lsnm2024_ddos_udp
2024-02-26 12:58:25.000000000,BENIGN,0,1.0,25.0,440.0,3410000000.0,50000000.0,17.6,0.0,6.0,lsnm2024_ddos_udp
2024-02-26 12:58:25.000000000,BENIGN,0,1.0,25.0,440.0,3410000000.0,50000000.0,17.6,0.0,6.0,lsnm2024_ddos_udp
2024-02-26 12:58:25.000000000,BENIGN,0,4000000.0,26.0,542.0,879.75,12.5,20.846153846153847,0.0,6.0,lsnm2024_ddos_udp
2024-02-26 12:58:25.000000000,BENIGN,0,1.0,25.0,440.0,3410000000.0,50000000.0,17.6,0.0,6.0,lsnm2024_ddos_udp
2024-02-26 12:58:25.000000000,BENIGN,0,1.0,25.0,440.0,3410000000.0,50000000.0,17.6,0.0,6.0,lsnm2024_ddos_udp
2024-02-26 12:58:29.000000000,BENIGN,0,1.0,25.0,475.0,3480000000.0,50000000.0,19.0,0.0,6.0,lsnm2024_ddos_udp
2024-02-26 12:58:29.000000000,BENIGN,0,1.0,25.0,475.0,3480000000.0,50000000.0,19.0,0.0,6.0,lsnm2024_ddos_udp
2024-02-26 12:58:29.000000000,BENIGN,0,1.0,25.0,475.0,3480000000.0,50000000.0,19.0,0.0,6.0,lsnm2024_ddos_udp
2024-02-26 12:58:29.000000000,BENIGN,0,1.0,25.0,475.0,3480000000.0,50000000.0,19.0,0.0,6.0,lsnm2024_ddos_udp
2024-02-26 12:58:29.000000000,BENIGN,0,1.0,25.0,475.0,3480000000.0,50000000.0,19.0,0.0,6.0,lsnm2024_ddos_udp
2024-02-26 12:58:29.000000000,BENIGN,0,1.0,25.0,475.0,3480000000.0,50000000.0,19.0,0.0,6.0,lsnm2024_ddos_udp
2024-02-26 12:58:29.000000000,BENIGN,0,1.0,25.0,475.0,3480000000.0,50000000.0,19.0,0.0,6.0,lsnm2024_ddos_udp
2024-02-26 12:58:29.000000000,BENIGN,0,1.0,25.0,475.0,3480000000.0,50000000.0,19.0,0.0,6.0,lsnm2024_ddos_udp
2024-02-26 12:58:29.000000000,BENIGN,0,1.0,25.0,475.0,3480000000.0,50000000.0,19.0,0.0,6.0,lsnm2024_ddos_udp
2024-02-26 12:58:29.000000000,BENIGN,0,1.0,25.0,475.0,3480000000.0,50000000.0,19.0,0.0,6.0,lsnm2024_ddos_udp
2024-02-26 12:58:29.000000000,BENIGN,0,1.0,25.0,475.0,3480000000.0,50000000.0,19.0,0.0,6.0,lsnm2024_ddos_udp
2024-02-26 12:58:29.000000000,BENIGN,0,1.0,25.0,475.0,3480000000.0,50000000.0,19.0,0.0,6.0,lsnm2024_ddos_udp
2024-02-26 12:58:30.000000000,BENIGN,0,1.0,25.0,475.0,3480000000.0,50000000.0,19.0,0.0,6.0,lsnm2024_ddos_udp
2024-02-26 12:58:30.000000000,BENIGN,0,1.0,25.0,475.0,3480000000.0,50000000.0,19.0,0.0,6.0,lsnm2024_ddos_udp
2024-02-26 12:58:30.000000000,BENIGN,0,1.0,25.0,475.0,3480000000.0,50000000.0,19.0,0.0,6.0,lsnm2024_ddos_udp
2024-02-26 12:58:30.000000000,BENIGN,0,1.0,25.0,475.0,3480000000.0,50000000.0,19.0,0.0,6.0,lsnm2024_ddos_udp
2024-02-26 12:58:30.000000000,BENIGN,0,1.0,25.0,475.0,3480000000.0,50000000.0,19.0,0.0,6.0,lsnm2024_ddos_udp
2024-02-26 12:58:30.000000000,BENIGN,0,1.0,25.0,475.0,3480000000.0,50000000.0,19.0,0.0,6.0,lsnm2024_ddos_udp
2024-02-26 12:58:30.000000000,BENIGN,0,1.0,25.0,475.0,3480000000.0,50000000.0,19.0,0.0,6.0,lsnm2024_ddos_udp
2024-02-26 12:58:30.000000000,BENIGN,0,1.0,25.0,475.0,3480000000.0,50000000.0,19.0,0.0,6.0,lsnm2024_ddos_udp
2024-02-26 12:58:30.000000000,BENIGN,0,1.0,25.0,475.0,3480000000.0,50000000.0,19.0,0.0,6.0,lsnm2024_ddos_udp
2024-02-26 12:58:30.000000000,BENIGN,0,1.0,25.0,475.0,3480000000.0,50000000.0,19.0,0.0,6.0,lsnm2024_ddos_udp
2024-02-26 12:58:30.000000000,BENIGN,0,1.0,25.0,475.0,3480000000.0,50000000.0,19.0,0.0,6.0,lsnm2024_ddos_udp
2024-02-26 12:58:30.000000000,BENIGN,0,1.0,25.0,475.0,3480000000.0,50000000.0,19.0,0.0,6.0,lsnm2024_ddos_udp
2024-02-26 12:58:30.000000000,BENIGN,0,1.0,25.0,475.0,3480000000.0,50000000.0,19.0,0.0,6.0,lsnm2024_ddos_udp
2024-02-26 12:58:30.000000000,BENIGN,0,1.0,25.0,475.0,3480000000.0,50000000.0,19.0,0.0,6.0,lsnm2024_ddos_udp
2024-02-26 12:58:30.000000000,BENIGN,0,1.0,25.0,475.0,3480000000.0,50000000.0,19.0,0.0,6.0,lsnm2024_ddos_udp
2024-02-26 12:58:30.000000000,BENIGN,0,1.0,25.0,475.0,3480000000.0,50000000.0,19.0,0.0,6.0,lsnm2024_ddos_udp
2024-02-26 12:58:30.000000000,BENIGN,0,1.0,25.0,475.0,3480000000.0,50000000.0,19.0,0.0,6.0,lsnm2024_ddos_udp
2024-02-26 12:58:30.000000000,BENIGN,0,1.0,25.0,475.0,3480000000.0,50000000.0,19.0,0.0,6.0,lsnm2024_ddos_udp
2024-02-26 12:58:30.000000000,BENIGN,0,1.0,25.0,475.0,3480000000.0,50000000.0,19.0,0.0,6.0,lsnm2024_ddos_udp
2024-02-26 12:58:30.000000000,BENIGN,0,1.0,25.0,475.0,3480000000.0,50000000.0,19.0,0.0,6.0,lsnm2024_ddos_udp
2024-02-26 12:58:30.000000000,BENIGN,0,1.0,25.0,475.0,3480000000.0,50000000.0,19.0,0.0,6.0,lsnm2024_ddos_udp
2024-02-26 12:58:30.000000000,BENIGN,0,1.0,25.0,475.0,3480000000.0,50000000.0,19.0,0.0,6.0,lsnm2024_ddos_udp
2024-02-26 12:58:30.000000000,BENIGN,0,1.0,25.0,475.0,3480000000.0,50000000.0,19.0,0.0,6.0,lsnm2024_ddos_udp
2024-02-26 12:58:31.000000000,BENIGN,0,1.0,25.0,475.0,3480000000.0,50000000.0,19.0,0.0,6.0,lsnm2024_ddos_udp
2024-02-26 12:58:31.000000000,BENIGN,0,1.0,25.0,475.0,3480000000.0,50000000.0,19.0,0.0,6.0,lsnm2024_ddos_udp
2024-02-26 12:58:31.000000000,BENIGN,0,1.0,25.0,475.0,3480000000.0,50000000.0,19.0,0.0,6.0,lsnm2024_ddos_udp
2024-02-26 12:58:31.000000000,BENIGN,0,1.0,25.0,475.0,3480000000.0,50000000.0,19.0,0.0,6.0,lsnm2024_ddos_udp
2024-02-26 12:58:31.000000000,BENIGN,0,1.0,25.0,475.0,3480000000.0,50000000.0,19.0,0.0,6.0,lsnm2024_ddos_udp
2024-02-26 12:58:31.000000000,BENIGN,0,1.0,25.0,475.0,3480000000.0,50000000.0,19.0,0.0,6.0,lsnm2024_ddos_udp
2024-02-26 12:58:31.000000000,BENIGN,0,1.0,25.0,475.0,3480000000.0,50000000.0,19.0,0.0,6.0,lsnm2024_ddos_udp
2024-02-26 12:58:31.000000000,BENIGN,0,1.0,25.0,475.0,3480000000.0,50000000.0,19.0,0.0,6.0,lsnm2024_ddos_udp
2024-02-26 12:58:31.000000000,BENIGN,0,1.0,25.0,475.0,3480000000.0,50000000.0,19.0,0.0,6.0,lsnm2024_ddos_udp
2024-02-26 12:58:31.000000000,BENIGN,0,1.0,25.0,475.0,3480000000.0,50000000.0,19.0,0.0,6.0,lsnm2024_ddos_udp
2024-02-26 12:58:31.000000000,BENIGN,0,1.0,25.0,475.0,3480000000.0,50000000.0,19.0,0.0,6.0,lsnm2024_ddos_udp
2024-02-26 12:58:31.000000000,BENIGN,0,1.0,25.0,475.0,3480000000.0,50000000.0,19.0,0.0,6.0,lsnm2024_ddos_udp
2024-02-26 12:58:31.000000000,BENIGN,0,1.0,25.0,475.0,3480000000.0,50000000.0,19.0,0.0,6.0,lsnm2024_ddos_udp
2024-02-26 12:58:31.000000000,BENIGN,0,1.0,25.0,475.0,3480000000.0,50000000.0,19.0,0.0,6.0,lsnm2024_ddos_udp
2024-02-26 12:58:31.000000000,BENIGN,0,1.0,25.0,475.0,3480000000.0,50000000.0,19.0,0.0,6.0,lsnm2024_ddos_udp
2024-02-26 12:58:31.000000000,BENIGN,0,1.0,25.0,475.0,3480000000.0,50000000.0,19.0,0.0,6.0,lsnm2024_ddos_udp
2024-02-26 12:58:31.000000000,BENIGN,0,1000000.0,25.0,475.0,3480.0,50.0,19.0,0.0,6.0,lsnm2024_ddos_udp
2024-02-26 12:58:31.000000000,BENIGN,0,1.0,25.0,475.0,3480000000.0,50000000.0,19.0,0.0,6.0,lsnm2024_ddos_udp
2024-02-26 12:58:31.000000000,BENIGN,0,1.0,25.0,475.0,3480000000.0,50000000.0,19.0,0.0,6.0,lsnm2024_ddos_udp
2024-02-26 12:58:31.000000000,BENIGN,0,1.0,25.0,475.0,3480000000.0,50000000.0,19.0,0.0,6.0,lsnm2024_ddos_udp
2024-02-26 12:58:32.000000000,BENIGN,0,1.0,25.0,475.0,3480000000.0,50000000.0,19.0,0.0,6.0,lsnm2024_ddos_udp
2024-02-26 12:58:32.000000000,BENIGN,0,1.0,25.0,475.0,3480000000.0,50000000.0,19.0,0.0,6.0,lsnm2024_ddos_udp
2024-02-26 12:58:32.000000000,BENIGN,0,1.0,25.0,475.0,3480000000.0,50000000.0,19.0,0.0,6.0,lsnm2024_ddos_udp
2024-02-26 12:58:32.000000000,BENIGN,0,1.0,25.0,475.0,3480000000.0,50000000.0,19.0,0.0,6.0,lsnm2024_ddos_udp
2024-02-26 12:58:32.000000000,BENIGN,0,1.0,25.0,380.0,3385000000.0,50000000.0,15.2,0.0,6.0,lsnm2024_ddos_udp
2024-02-26 12:58:32.000000000,BENIGN,0,1.0,25.0,475.0,3480000000.0,50000000.0,19.0,0.0,6.0,lsnm2024_ddos_udp
2024-02-26 12:58:32.000000000,BENIGN,0,1.0,25.0,475.0,3480000000.0,50000000.0,19.0,0.0,6.0,lsnm2024_ddos_udp
2024-02-26 12:58:32.000000000,BENIGN,0,1.0,25.0,475.0,3480000000.0,50000000.0,19.0,0.0,6.0,lsnm2024_ddos_udp
2024-02-26 12:58:32.000000000,BENIGN,0,1.0,25.0,475.0,3480000000.0,50000000.0,19.0,0.0,6.0,lsnm2024_ddos_udp
2024-02-26 12:58:32.000000000,BENIGN,0,1.0,25.0,475.0,3480000000.0,50000000.0,19.0,0.0,6.0,lsnm2024_ddos_udp
2024-02-26 12:58:32.000000000,BENIGN,0,1000000.0,25.0,475.0,3480.0,50.0,19.0,0.0,6.0,lsnm2024_ddos_udp
2024-02-26 12:58:32.000000000,BENIGN,0,1.0,25.0,475.0,3480000000.0,50000000.0,19.0,0.0,6.0,lsnm2024_ddos_udp
2024-02-26 12:58:32.000000000,BENIGN,0,1.0,25.0,475.0,3480000000.0,50000000.0,19.0,0.0,6.0,lsnm2024_ddos_udp
2024-02-26 12:58:32.000000000,BENIGN,0,1.0,25.0,475.0,3480000000.0,50000000.0,19.0,0.0,6.0,lsnm2024_ddos_udp
2024-02-26 12:58:32.000000000,BENIGN,0,1.0,25.0,475.0,3480000000.0,50000000.0,19.0,0.0,6.0,lsnm2024_ddos_udp
2024-02-26 12:58:33.000000000,BENIGN,0,1.0,25.0,475.0,3480000000.0,50000000.0,19.0,0.0,6.0,lsnm2024_ddos_udp
2024-02-26 12:58:33.000000000,BENIGN,0,1.0,25.0,475.0,3480000000.0,50000000.0,19.0,0.0,6.0,lsnm2024_ddos_udp
2024-02-26 12:58:33.000000000,BENIGN,0,1.0,25.0,475.0,3480000000.0,50000000.0,19.0,0.0,6.0,lsnm2024_ddos_udp
2024-02-26 12:58:33.000000000,BENIGN,0,1.0,25.0,475.0,3480000000.0,50000000.0,19.0,0.0,6.0,lsnm2024_ddos_udp
2024-02-26 12:58:33.000000000,BENIGN,0,1.0,25.0,475.0,3480000000.0,50000000.0,19.0,0.0,6.0,lsnm2024_ddos_udp
2024-02-26 12:58:33.000000000,BENIGN,0,1.0,25.0,475.0,3480000000.0,50000000.0,19.0,0.0,6.0,lsnm2024_ddos_udp
2024-02-26 12:58:33.000000000,BENIGN,0,1.0,25.0,475.0,3480000000.0,50000000.0,19.0,0.0,6.0,lsnm2024_ddos_udp
2024-02-26 12:58:33.000000000,BENIGN,0,1.0,25.0,475.0,3480000000.0,50000000.0,19.0,0.0,6.0,lsnm2024_ddos_udp
2024-02-26 12:58:33.000000000,BENIGN,0,1.0,25.0,475.0,3480000000.0,50000000.0,19.0,0.0,6.0,lsnm2024_ddos_udp
2024-02-26 12:58:33.000000000,BENIGN,0,1.0,25.0,475.0,3480000000.0,50000000.0,19.0,0.0,6.0,lsnm2024_ddos_udp
2024-02-26 12:58:33.000000000,BENIGN,0,1.0,25.0,475.0,3480000000.0,50000000.0,19.0,0.0,6.0,lsnm2024_ddos_udp
2024-02-26 12:58:33.000000000,BENIGN,0,1.0,25.0,475.0,3480000000.0,50000000.0,19.0,0.0,6.0,lsnm2024_ddos_udp
2024-02-26 12:58:33.000000000,BENIGN,0,1.0,25.0,475.0,3480000000.0,50000000.0,19.0,0.0,6.0,lsnm2024_ddos_udp
2024-02-26 12:58:33.000000000,BENIGN,0,1.0,25.0,475.0,3480000000.0,50000000.0,19.0,0.0,6.0,lsnm2024_ddos_udp
2024-02-26 12:58:33.000000000,BENIGN,0,1.0,25.0,475.0,3480000000.0,50000000.0,19.0,0.0,6.0,lsnm2024_ddos_udp
2024-02-26 12:58:33.000000000,BENIGN,0,1.0,25.0,475.0,3480000000.0,50000000.0,19.0,0.0,6.0,lsnm2024_ddos_udp
2024-02-26 12:58:33.000000000,BENIGN,0,1.0,25.0,475.0,3480000000.0,50000000.0,19.0,0.0,6.0,lsnm2024_ddos_udp
2024-02-26 12:58:33.000000000,BENIGN,0,1.0,25.0,475.0,3480000000.0,50000000.0,19.0,0.0,6.0,lsnm2024_ddos_udp
2024-02-26 12:58:33.000000000,BENIGN,0,1.0,25.0,475.0,3480000000.0,50000000.0,19.0,0.0,6.0,lsnm2024_ddos_udp
2024-02-26 12:58:34.000000000,BENIGN,0,1.0,25.0,475.0,3480000000.0,50000000.0,19.0,0.0,6.0,lsnm2024_ddos_udp
2024-02-26 12:58:34.000000000,BENIGN,0,1.0,25.0,475.0,3480000000.0,50000000.0,19.0,0.0,6.0,lsnm2024_ddos_udp
2024-02-26 12:58:34.000000000,BENIGN,0,1.0,25.0,475.0,3480000000.0,50000000.0,19.0,0.0,6.0,lsnm2024_ddos_udp
2024-02-26 12:58:34.000000000,BENIGN,0,1.0,25.0,475.0,3480000000.0,50000000.0,19.0,0.0,6.0,lsnm2024_ddos_udp
2024-02-26 12:58:34.000000000,BENIGN,0,1.0,25.0,475.0,3480000000.0,50000000.0,19.0,0.0,6.0,lsnm2024_ddos_udp
2024-02-26 12:58:34.000000000,BENIGN,0,1.0,25.0,475.0,3480000000.0,50000000.0,19.0,0.0,6.0,lsnm2024_ddos_udp
2024-02-26 12:58:34.000000000,BENIGN,0,1.0,25.0,475.0,3480000000.0,50000000.0,19.0,0.0,6.0,lsnm2024_ddos_udp
2024-02-26 12:58:34.000000000,BENIGN,0,1.0,25.0,475.0,3480000000.0,50000000.0,19.0,0.0,6.0,lsnm2024_ddos_udp
2024-02-26 12:58:34.000000000,BENIGN,0,1.0,25.0,475.0,3480000000.0,50000000.0,19.0,0.0,6.0,lsnm2024_ddos_udp
2024-02-26 12:58:34.000000000,BENIGN,0,1.0,25.0,475.0,3480000000.0,50000000.0,19.0,0.0,6.0,lsnm2024_ddos_udp
2024-02-26 12:58:34.000000000,BENIGN,0,1.0,25.0,475.0,3480000000.0,50000000.0,19.0,0.0,6.0,lsnm2024_ddos_udp
2024-02-26 12:58:34.000000000,BENIGN,0,1.0,25.0,475.0,3480000000.0,50000000.0,19.0,0.0,6.0,lsnm2024_ddos_udp
2024-02-26 12:58:34.000000000,BENIGN,0,1.0,25.0,475.0,3480000000.0,50000000.0,19.0,0.0,6.0,lsnm2024_ddos_udp
2024-02-26 12:58:34.000000000,BENIGN,0,1.0,25.0,475.0,3480000000.0,50000000.0,19.0,0.0,6.0,lsnm2024_ddos_udp
2024-02-26 12:58:34.000000000,BENIGN,0,1.0,25.0,475.0,3480000000.0,50000000.0,19.0,0.0,6.0,lsnm2024_ddos_udp
2024-02-26 12:58:34.000000000,BENIGN,0,1.0,25.0,475.0,3480000000.0,50000000.0,19.0,0.0,6.0,lsnm2024_ddos_udp
2024-02-26 12:58:34.000000000,BENIGN,0,1.0,25.0,475.0,3480000000.0,50000000.0,19.0,0.0,6.0,lsnm2024_ddos_udp
2024-02-26 12:58:34.000000000,BENIGN,0,1.0,25.0,475.0,3480000000.0,50000000.0,19.0,0.0,6.0,lsnm2024_ddos_udp
2024-02-26 12:58:34.000000000,BENIGN,0,1.0,25.0,475.0,3480000000.0,50000000.0,19.0,0.0,6.0,lsnm2024_ddos_udp
2024-02-26 12:58:34.000000000,BENIGN,0,1.0,25.0,475.0,3480000000.0,50000000.0,19.0,0.0,6.0,lsnm2024_ddos_udp
2024-02-26 12:58:34.000000000,BENIGN,0,1.0,25.0,475.0,3480000000.0,50000000.0,19.0,0.0,6.0,lsnm2024_ddos_udp
2024-02-26 12:58:34.000000000,BENIGN,0,1.0,25.0,475.0,3480000000.0,50000000.0,19.0,0.0,6.0,lsnm2024_ddos_udp
2024-02-26 12:58:34.000000000,BENIGN,0,1.0,25.0,475.0,3480000000.0,50000000.0,19.0,0.0,6.0,lsnm2024_ddos_udp
2024-02-26 12:58:34.000000000,BENIGN,0,1.0,25.0,475.0,3480000000.0,50000000.0,19.0,0.0,6.0,lsnm2024_ddos_udp
2024-02-26 12:58:34.000000000,BENIGN,0,1.0,25.0,475.0,3480000000.0,50000000.0,19.0,0.0,6.0,lsnm2024_ddos_udp
2024-02-26 12:58:34.000000000,BENIGN,0,1.0,25.0,475.0,3480000000.0,50000000.0,19.0,0.0,6.0,lsnm2024_ddos_udp
2024-02-26 12:58:35.000000000,BENIGN,0,1.0,25.0,475.0,3480000000.0,50000000.0,19.0,0.0,6.0,lsnm2024_ddos_udp
2024-02-26 12:58:35.000000000,BENIGN,0,1.0,25.0,475.0,3480000000.0,50000000.0,19.0,0.0,6.0,lsnm2024_ddos_udp
2024-02-26 12:58:35.000000000,BENIGN,0,1.0,25.0,475.0,3480000000.0,50000000.0,19.0,0.0,6.0,lsnm2024_ddos_udp
2024-02-26 12:58:35.000000000,BENIGN,0,1.0,25.0,475.0,3480000000.0,50000000.0,19.0,0.0,6.0,lsnm2024_ddos_udp
2024-02-26 12:58:35.000000000,BENIGN,0,1.0,25.0,475.0,3480000000.0,50000000.0,19.0,0.0,6.0,lsnm2024_ddos_udp
2024-02-26 12:58:35.000000000,BENIGN,0,1.0,25.0,475.0,3480000000.0,50000000.0,19.0,0.0,6.0,lsnm2024_ddos_udp
2024-02-26 12:58:35.000000000,BENIGN,0,1.0,25.0,475.0,3480000000.0,50000000.0,19.0,0.0,6.0,lsnm2024_ddos_udp
2024-02-26 12:58:35.000000000,BENIGN,0,1.0,25.0,475.0,3480000000.0,50000000.0,19.0,0.0,6.0,lsnm2024_ddos_udp
2024-02-26 12:58:35.000000000,BENIGN,0,1.0,25.0,475.0,3480000000.0,50000000.0,19.0,0.0,6.0,lsnm2024_ddos_udp
2024-02-26 12:58:35.000000000,BENIGN,0,1.0,25.0,475.0,3480000000.0,50000000.0,19.0,0.0,6.0,lsnm2024_ddos_udp
2024-02-26 12:58:35.000000000,BENIGN,0,1.0,25.0,475.0,3480000000.0,50000000.0,19.0,0.0,6.0,lsnm2024_ddos_udp
2024-02-26 12:58:35.000000000,BENIGN,0,1.0,25.0,475.0,3480000000.0,50000000.0,19.0,0.0,6.0,lsnm2024_ddos_udp
2024-02-26 12:58:35.000000000,BENIGN,0,1.0,25.0,475.0,3480000000.0,50000000.0,19.0,0.0,6.0,lsnm2024_ddos_udp
2024-02-26 12:58:35.000000000,BENIGN,0,1.0,25.0,475.0,3480000000.0,50000000.0,19.0,0.0,6.0,lsnm2024_ddos_udp
2024-02-26 12:58:35.000000000,BENIGN,0,1.0,25.0,475.0,3480000000.0,50000000.0,19.0,0.0,6.0,lsnm2024_ddos_udp
2024-02-26 12:58:35.000000000,BENIGN,0,1.0,25.0,475.0,3480000000.0,50000000.0,19.0,0.0,6.0,lsnm2024_ddos_udp
2024-02-26 12:58:35.000000000,BENIGN,0,1.0,25.0,475.0,3480000000.0,50000000.0,19.0,0.0,6.0,lsnm2024_ddos_udp
2024-02-26 12:58:35.000000000,BENIGN,0,1.0,25.0,475.0,3480000000.0,50000000.0,19.0,0.0,6.0,lsnm2024_ddos_udp
2024-02-26 12:58:35.000000000,BENIGN,0,1.0,25.0,475.0,3480000000.0,50000000.0,19.0,0.0,6.0,lsnm2024_ddos_udp
2024-02-26 12:58:35.000000000,BENIGN,0,1.0,25.0,475.0,3480000000.0,50000000.0,19.0,0.0,6.0,lsnm2024_ddos_udp
2024-02-26 12:58:35.000000000,BENIGN,0,1.0,25.0,475.0,3480000000.0,50000000.0,19.0,0.0,6.0,lsnm2024_ddos_udp
2024-02-26 12:58:35.000000000,BENIGN,0,1.0,25.0,475.0,3480000000.0,50000000.0,19.0,0.0,6.0,lsnm2024_ddos_udp
2024-02-26 12:58:35.000000000,BENIGN,0,1.0,25.0,475.0,3480000000.0,50000000.0,19.0,0.0,6.0,lsnm2024_ddos_udp
2024-02-26 12:58:35.000000000,BENIGN,0,1.0,25.0,475.0,3480000000.0,50000000.0,19.0,0.0,6.0,lsnm2024_ddos_udp
2024-02-26 12:58:35.000000000,BENIGN,0,1.0,25.0,475.0,3480000000.0,50000000.0,19.0,0.0,6.0,lsnm2024_ddos_udp
2024-02-26 12:58:35.000000000,BENIGN,0,1.0,25.0,475.0,3480000000.0,50000000.0,19.0,0.0,6.0,lsnm2024_ddos_udp
2024-02-26 12:58:35.000000000,BENIGN,0,1.0,25.0,475.0,3480000000.0,50000000.0,19.0,0.0,6.0,lsnm2024_ddos_udp
2024-02-26 12:58:35.000000000,BENIGN,0,1.0,25.0,475.0,3480000000.0,50000000.0,19.0,0.0,6.0,lsnm2024_ddos_udp
2024-02-26 12:58:36.000000000,BENIGN,0,1.0,25.0,475.0,3480000000.0,50000000.0,19.0,0.0,6.0,lsnm2024_ddos_udp
2024-02-26 12:58:36.000000000,BENIGN,0,1.0,25.0,475.0,3480000000.0,50000000.0,19.0,0.0,6.0,lsnm2024_ddos_udp
2024-02-26 12:58:36.000000000,BENIGN,0,1.0,25.0,475.0,3480000000.0,50000000.0,19.0,0.0,6.0,lsnm2024_ddos_udp
2024-02-26 12:58:36.000000000,BENIGN,0,1.0,25.0,475.0,3480000000.0,50000000.0,19.0,0.0,6.0,lsnm2024_ddos_udp
2024-02-26 12:58:36.000000000,BENIGN,0,1.0,25.0,475.0,3480000000.0,50000000.0,19.0,0.0,6.0,lsnm2024_ddos_udp
2024-02-26 12:58:36.000000000,BENIGN,0,1.0,25.0,475.0,3480000000.0,50000000.0,19.0,0.0,6.0,lsnm2024_ddos_udp
2024-02-26 12:58:36.000000000,BENIGN,0,1.0,25.0,475.0,3480000000.0,50000000.0,19.0,0.0,6.0,lsnm2024_ddos_udp
2024-02-26 12:58:36.000000000,BENIGN,0,1.0,25.0,475.0,3480000000.0,50000000.0,19.0,0.0,6.0,lsnm2024_ddos_udp
2024-02-26 12:58:36.000000000,BENIGN,0,1.0,26.0,2788.0,6703000000.0,50000000.0,107.23076923076923,0.0,6.0,lsnm2024_ddos_udp
2024-02-26 12:58:36.000000000,BENIGN,0,1.0,25.0,475.0,3480000000.0,50000000.0,19.0,0.0,6.0,lsnm2024_ddos_udp
2024-02-26 12:58:36.000000000,BENIGN,0,1.0,25.0,475.0,3480000000.0,50000000.0,19.0,0.0,6.0,lsnm2024_ddos_udp
2024-02-26 12:58:36.000000000,BENIGN,0,1.0,27.0,380.0,3385000000.0,50000000.0,14.074074074074074,0.0,6.0,lsnm2024_ddos_udp
2024-02-26 12:58:36.000000000,BENIGN,0,1.0,25.0,475.0,3480000000.0,50000000.0,19.0,0.0,6.0,lsnm2024_ddos_udp
2024-02-26 12:58:36.000000000,BENIGN,0,1.0,25.0,475.0,3480000000.0,50000000.0,19.0,0.0,6.0,lsnm2024_ddos_udp
2024-02-26 12:58:36.000000000,BENIGN,0,1.0,25.0,475.0,3480000000.0,50000000.0,19.0,0.0,6.0,lsnm2024_ddos_udp
2024-02-26 12:58:36.000000000,BENIGN,0,1.0,25.0,475.0,3480000000.0,50000000.0,19.0,0.0,6.0,lsnm2024_ddos_udp
2024-02-26 12:58:36.000000000,BENIGN,0,1.0,25.0,475.0,3480000000.0,50000000.0,19.0,0.0,6.0,lsnm2024_ddos_udp
2024-02-26 12:58:36.000000000,BENIGN,0,1.0,25.0,475.0,3480000000.0,50000000.0,19.0,0.0,6.0,lsnm2024_ddos_udp
2024-02-26 12:58:36.000000000,BENIGN,0,1.0,25.0,475.0,3480000000.0,50000000.0,19.0,0.0,6.0,lsnm2024_ddos_udp
2024-02-26 12:58:36.000000000,BENIGN,0,1.0,25.0,475.0,3480000000.0,50000000.0,19.0,0.0,6.0,lsnm2024_ddos_udp
2024-02-26 12:58:36.000000000,BENIGN,0,1.0,25.0,475.0,3480000000.0,50000000.0,19.0,0.0,6.0,lsnm2024_ddos_udp
2024-02-26 12:58:37.000000000,BENIGN,0,1.0,25.0,475.0,3480000000.0,50000000.0,19.0,0.0,6.0,lsnm2024_ddos_udp
2024-02-26 12:58:37.000000000,BENIGN,0,1.0,25.0,475.0,3480000000.0,50000000.0,19.0,0.0,6.0,lsnm2024_ddos_udp
2024-02-26 12:58:37.000000000,BENIGN,0,1.0,25.0,475.0,3480000000.0,50000000.0,19.0,0.0,6.0,lsnm2024_ddos_udp
2024-02-26 12:58:37.000000000,BENIGN,0,1.0,25.0,475.0,3480000000.0,50000000.0,19.0,0.0,6.0,lsnm2024_ddos_udp
2024-02-26 12:58:37.000000000,BENIGN,0,1000000.0,25.0,475.0,3480.0,50.0,19.0,0.0,6.0,lsnm2024_ddos_udp
2024-02-26 12:58:37.000000000,BENIGN,0,1.0,25.0,475.0,3480000000.0,50000000.0,19.0,0.0,6.0,lsnm2024_ddos_udp
2024-02-26 12:58:37.000000000,BENIGN,0,1.0,25.0,475.0,3480000000.0,50000000.0,19.0,0.0,6.0,lsnm2024_ddos_udp
2024-02-26 12:58:37.000000000,BENIGN,0,1.0,25.0,475.0,3480000000.0,50000000.0,19.0,0.0,6.0,lsnm2024_ddos_udp
2024-02-26 12:58:37.000000000,BENIGN,0,1.0,25.0,475.0,3480000000.0,50000000.0,19.0,0.0,6.0,lsnm2024_ddos_udp
2024-02-26 12:58:37.000000000,BENIGN,0,1.0,25.0,475.0,3480000000.0,50000000.0,19.0,0.0,6.0,lsnm2024_ddos_udp
2024-02-26 12:58:37.000000000,BENIGN,0,1.0,25.0,475.0,3480000000.0,50000000.0,19.0,0.0,6.0,lsnm2024_ddos_udp
2024-02-26 12:58:37.000000000,BENIGN,0,1.0,25.0,475.0,3480000000.0,50000000.0,19.0,0.0,6.0,lsnm2024_ddos_udp
2024-02-26 12:58:37.000000000,BENIGN,0,1.0,25.0,475.0,3480000000.0,50000000.0,19.0,0.0,6.0,lsnm2024_ddos_udp
2024-02-26 12:58:37.000000000,BENIGN,0,1.0,25.0,475.0,3480000000.0,50000000.0,19.0,0.0,6.0,lsnm2024_ddos_udp
2024-02-26 12:58:37.000000000,BENIGN,0,1.0,25.0,475.0,3480000000.0,50000000.0,19.0,0.0,6.0,lsnm2024_ddos_udp
2024-02-26 12:58:37.000000000,BENIGN,0,1.0,25.0,475.0,3480000000.0,50000000.0,19.0,0.0,6.0,lsnm2024_ddos_udp
2024-02-26 12:58:37.000000000,BENIGN,0,1.0,25.0,475.0,3480000000.0,50000000.0,19.0,0.0,6.0,lsnm2024_ddos_udp
2024-02-26 12:58:38.000000000,BENIGN,0,1.0,25.0,475.0,3480000000.0,50000000.0,19.0,0.0,6.0,lsnm2024_ddos_udp
2024-02-26 12:58:38.000000000,BENIGN,0,1.0,25.0,475.0,3480000000.0,50000000.0,19.0,0.0,6.0,lsnm2024_ddos_udp
2024-02-26 12:58:38.000000000,BENIGN,0,1.0,25.0,475.0,3480000000.0,50000000.0,19.0,0.0,6.0,lsnm2024_ddos_udp
2024-02-26 12:58:38.000000000,BENIGN,0,1.0,25.0,475.0,3480000000.0,50000000.0,19.0,0.0,6.0,lsnm2024_ddos_udp
2024-02-26 12:58:38.000000000,BENIGN,0,1.0,25.0,475.0,3480000000.0,50000000.0,19.0,0.0,6.0,lsnm2024_ddos_udp
2024-02-26 12:58:38.000000000,BENIGN,0,1.0,25.0,475.0,3480000000.0,50000000.0,19.0,0.0,6.0,lsnm2024_ddos_udp
2024-02-26 12:58:38.000000000,BENIGN,0,1.0,25.0,475.0,3480000000.0,50000000.0,19.0,0.0,6.0,lsnm2024_ddos_udp
2024-02-26 12:58:38.000000000,BENIGN,0,1.0,25.0,475.0,3480000000.0,50000000.0,19.0,0.0,6.0,lsnm2024_ddos_udp
2024-02-26 12:58:38.000000000,BENIGN,0,1.0,25.0,475.0,3480000000.0,50000000.0,19.0,0.0,6.0,lsnm2024_ddos_udp
2024-02-26 12:58:38.000000000,BENIGN,0,1.0,25.0,475.0,3480000000.0,50000000.0,19.0,0.0,6.0,lsnm2024_ddos_udp
2024-02-26 12:58:38.000000000,BENIGN,0,1.0,25.0,475.0,3480000000.0,50000000.0,19.0,0.0,6.0,lsnm2024_ddos_udp
2024-02-26 12:58:38.000000000,BENIGN,0,1.0,25.0,475.0,3480000000.0,50000000.0,19.0,0.0,6.0,lsnm2024_ddos_udp
2024-02-26 12:58:38.000000000,BENIGN,0,1.0,25.0,475.0,3480000000.0,50000000.0,19.0,0.0,6.0,lsnm2024_ddos_udp
2024-02-26 12:58:38.000000000,BENIGN,0,1.0,25.0,475.0,3480000000.0,50000000.0,19.0,0.0,6.0,lsnm2024_ddos_udp
2024-02-26 12:58:38.000000000,BENIGN,0,1.0,25.0,475.0,3480000000.0,50000000.0,19.0,0.0,6.0,lsnm2024_ddos_udp
2024-02-26 12:58:38.000000000,BENIGN,0,1.0,25.0,475.0,3480000000.0,50000000.0,19.0,0.0,6.0,lsnm2024_ddos_udp
2024-02-26 12:58:38.000000000,BENIGN,0,1.0,25.0,475.0,3480000000.0,50000000.0,19.0,0.0,6.0,lsnm2024_ddos_udp
2024-02-26 12:58:38.000000000,BENIGN,0,1.0,25.0,475.0,3480000000.0,50000000.0,19.0,0.0,6.0,lsnm2024_ddos_udp
2024-02-26 12:58:38.000000000,BENIGN,0,1.0,25.0,475.0,3480000000.0,50000000.0,19.0,0.0,6.0,lsnm2024_ddos_udp
2024-02-26 12:58:38.000000000,BENIGN,0,1.0,25.0,475.0,3480000000.0,50000000.0,19.0,0.0,6.0,lsnm2024_ddos_udp
2024-02-26 12:58:38.000000000,BENIGN,0,1.0,25.0,475.0,3480000000.0,50000000.0,19.0,0.0,6.0,lsnm2024_ddos_udp
2024-02-26 12:58:38.000000000,BENIGN,0,1.0,25.0,475.0,3480000000.0,50000000.0,19.0,0.0,6.0,lsnm2024_ddos_udp
2024-02-26 12:58:38.000000000,BENIGN,0,1.0,25.0,475.0,3480000000.0,50000000.0,19.0,0.0,6.0,lsnm2024_ddos_udp
2024-02-26 12:58:38.000000000,BENIGN,0,1.0,25.0,475.0,3480000000.0,50000000.0,19.0,0.0,6.0,lsnm2024_ddos_udp
2024-02-26 12:58:39.000000000,BENIGN,0,1.0,25.0,475.0,3480000000.0,50000000.0,19.0,0.0,6.0,lsnm2024_ddos_udp
2024-02-26 12:58:39.000000000,BENIGN,0,1.0,25.0,475.0,3480000000.0,50000000.0,19.0,0.0,6.0,lsnm2024_ddos_udp
2024-02-26 12:58:39.000000000,BENIGN,0,1.0,25.0,475.0,3480000000.0,50000000.0,19.0,0.0,6.0,lsnm2024_ddos_udp
2024-02-26 12:58:39.000000000,BENIGN,0,1.0,25.0,475.0,3480000000.0,50000000.0,19.0,0.0,6.0,lsnm2024_ddos_udp
2024-02-26 12:58:39.000000000,BENIGN,0,1.0,25.0,475.0,3480000000.0,50000000.0,19.0,0.0,6.0,lsnm2024_ddos_udp
2024-02-26 12:58:39.000000000,BENIGN,0,1.0,25.0,475.0,3480000000.0,50000000.0,19.0,0.0,6.0,lsnm2024_ddos_udp
2024-02-26 12:58:39.000000000,BENIGN,0,1.0,25.0,475.0,3480000000.0,50000000.0,19.0,0.0,6.0,lsnm2024_ddos_udp
2024-02-26 12:58:39.000000000,BENIGN,0,1.0,25.0,475.0,3480000000.0,50000000.0,19.0,0.0,6.0,lsnm2024_ddos_udp
2024-02-26 12:58:39.000000000,BENIGN,0,1.0,25.0,475.0,3480000000.0,50000000.0,19.0,0.0,6.0,lsnm2024_ddos_udp
2024-02-26 12:58:39.000000000,BENIGN,0,1.0,25.0,475.0,3480000000.0,50000000.0,19.0,0.0,6.0,lsnm2024_ddos_udp
2024-02-26 12:58:39.000000000,BENIGN,0,1.0,25.0,475.0,3480000000.0,50000000.0,19.0,0.0,6.0,lsnm2024_ddos_udp
2024-02-26 12:58:39.000000000,BENIGN,0,1.0,25.0,475.0,3480000000.0,50000000.0,19.0,0.0,6.0,lsnm2024_ddos_udp
2024-02-26 12:58:39.000000000,BENIGN,0,1.0,25.0,475.0,3480000000.0,50000000.0,19.0,0.0,6.0,lsnm2024_ddos_udp
2024-02-26 12:58:39.000000000,BENIGN,0,1.0,25.0,475.0,3480000000.0,50000000.0,19.0,0.0,6.0,lsnm2024_ddos_udp
2024-02-26 12:58:39.000000000,BENIGN,0,1.0,25.0,475.0,3480000000.0,50000000.0,19.0,0.0,6.0,lsnm2024_ddos_udp
2024-02-26 12:58:39.000000000,BENIGN,0,1.0,25.0,475.0,3480000000.0,50000000.0,19.0,0.0,6.0,lsnm2024_ddos_udp
2024-02-26 12:58:39.000000000,BENIGN,0,1.0,25.0,475.0,3480000000.0,50000000.0,19.0,0.0,6.0,lsnm2024_ddos_udp
2024-02-26 12:58:39.000000000,BENIGN,0,1.0,25.0,475.0,3480000000.0,50000000.0,19.0,0.0,6.0,lsnm2024_ddos_udp
2024-02-26 12:58:39.000000000,BENIGN,0,1.0,25.0,475.0,3480000000.0,50000000.0,19.0,0.0,6.0,lsnm2024_ddos_udp
2024-02-26 12:58:39.000000000,BENIGN,0,1.0,25.0,475.0,3480000000.0,50000000.0,19.0,0.0,6.0,lsnm2024_ddos_udp
2024-02-26 12:58:39.000000000,BENIGN,0,1.0,25.0,475.0,3480000000.0,50000000.0,19.0,0.0,6.0,lsnm2024_ddos_udp
2024-02-26 12:58:39.000000000,BENIGN,0,1.0,25.0,475.0,3480000000.0,50000000.0,19.0,0.0,6.0,lsnm2024_ddos_udp
2024-02-26 12:58:39.000000000,BENIGN,0,1.0,25.0,475.0,3480000000.0,50000000.0,19.0,0.0,6.0,lsnm2024_ddos_udp
2024-02-26 12:58:39.000000000,BENIGN,0,1.0,25.0,475.0,3480000000.0,50000000.0,19.0,0.0,6.0,lsnm2024_ddos_udp
2024-02-26 12:58:39.000000000,BENIGN,0,1.0,25.0,475.0,3480000000.0,50000000.0,19.0,0.0,6.0,lsnm2024_ddos_udp
2024-02-26 12:58:39.000000000,BENIGN,0,1.0,25.0,475.0,3480000000.0,50000000.0,19.0,0.0,6.0,lsnm2024_ddos_udp
2024-02-26 12:58:39.000000000,BENIGN,0,1.0,25.0,475.0,3480000000.0,50000000.0,19.0,0.0,6.0,lsnm2024_ddos_udp
2024-02-26 12:58:39.000000000,BENIGN,0,1.0,25.0,475.0,3480000000.0,50000000.0,19.0,0.0,6.0,lsnm2024_ddos_udp
2024-02-26 12:58:40.000000000,BENIGN,0,1.0,25.0,475.0,3480000000.0,50000000.0,19.0,0.0,6.0,lsnm2024_ddos_udp
2024-02-26 12:58:40.000000000,BENIGN,0,1.0,25.0,475.0,3480000000.0,50000000.0,19.0,0.0,6.0,lsnm2024_ddos_udp
2024-02-26 12:58:40.000000000,BENIGN,0,1.0,25.0,475.0,3480000000.0,50000000.0,19.0,0.0,6.0,lsnm2024_ddos_udp
2024-02-26 12:58:40.000000000,BENIGN,0,1.0,25.0,475.0,3480000000.0,50000000.0,19.0,0.0,6.0,lsnm2024_ddos_udp
2024-02-26 12:58:40.000000000,BENIGN,0,1.0,25.0,475.0,3480000000.0,50000000.0,19.0,0.0,6.0,lsnm2024_ddos_udp
2024-02-26 12:58:40.000000000,BENIGN,0,1.0,25.0,475.0,3480000000.0,50000000.0,19.0,0.0,6.0,lsnm2024_ddos_udp
2024-02-26 12:58:40.000000000,BENIGN,0,1.0,25.0,475.0,3480000000.0,50000000.0,19.0,0.0,6.0,lsnm2024_ddos_udp
2024-02-26 12:58:40.000000000,BENIGN,0,1.0,25.0,475.0,3480000000.0,50000000.0,19.0,0.0,6.0,lsnm2024_ddos_udp
2024-02-26 12:58:40.000000000,BENIGN,0,1.0,25.0,475.0,3480000000.0,50000000.0,19.0,0.0,6.0,lsnm2024_ddos_udp
2024-02-26 12:58:40.000000000,BENIGN,0,1.0,25.0,475.0,3480000000.0,50000000.0,19.0,0.0,6.0,lsnm2024_ddos_udp
2024-02-26 12:58:40.000000000,BENIGN,0,1.0,25.0,475.0,3480000000.0,50000000.0,19.0,0.0,6.0,lsnm2024_ddos_udp
2024-02-26 12:58:40.000000000,BENIGN,0,1.0,25.0,475.0,3480000000.0,50000000.0,19.0,0.0,6.0,lsnm2024_ddos_udp
2024-02-26 12:58:40.000000000,BENIGN,0,1.0,25.0,475.0,3480000000.0,50000000.0,19.0,0.0,6.0,lsnm2024_ddos_udp
2024-02-26 12:58:40.000000000,BENIGN,0,1.0,25.0,475.0,3480000000.0,50000000.0,19.0,0.0,6.0,lsnm2024_ddos_udp
2024-02-26 12:58:40.000000000,BENIGN,0,1.0,25.0,475.0,3480000000.0,50000000.0,19.0,0.0,6.0,lsnm2024_ddos_udp
2024-02-26 12:58:40.000000000,BENIGN,0,1.0,25.0,475.0,3480000000.0,50000000.0,19.0,0.0,6.0,lsnm2024_ddos_udp
2024-02-26 12:58:40.000000000,BENIGN,0,1.0,25.0,475.0,3480000000.0,50000000.0,19.0,0.0,6.0,lsnm2024_ddos_udp
2024-02-26 12:58:40.000000000,BENIGN,0,1.0,25.0,475.0,3480000000.0,50000000.0,19.0,0.0,6.0,lsnm2024_ddos_udp
2024-02-26 12:58:40.000000000,BENIGN,0,1.0,25.0,475.0,3480000000.0,50000000.0,19.0,0.0,6.0,lsnm2024_ddos_udp
2024-02-26 12:58:40.000000000,BENIGN,0,1.0,25.0,475.0,3480000000.0,50000000.0,19.0,0.0,6.0,lsnm2024_ddos_udp
2024-02-26 12:58:40.000000000,BENIGN,0,1.0,25.0,475.0,3480000000.0,50000000.0,19.0,0.0,6.0,lsnm2024_ddos_udp
2024-02-26 12:58:40.000000000,BENIGN,0,1.0,25.0,475.0,3480000000.0,50000000.0,19.0,0.0,6.0,lsnm2024_ddos_udp
2024-02-26 12:58:40.000000000,BENIGN,0,1.0,25.0,475.0,3480000000.0,50000000.0,19.0,0.0,6.0,lsnm2024_ddos_udp
2024-02-26 12:58:40.000000000,BENIGN,0,1.0,25.0,475.0,3480000000.0,50000000.0,19.0,0.0,6.0,lsnm2024_ddos_udp
2024-02-26 12:58:40.000000000,BENIGN,0,1.0,25.0,475.0,3480000000.0,50000000.0,19.0,0.0,6.0,lsnm2024_ddos_udp
2024-02-26 12:58:41.000000000,BENIGN,0,1.0,26.0,1118.0,3522000000.0,50000000.0,43.0,0.0,6.0,lsnm2024_ddos_udp
2024-02-26 12:58:41.000000000,BENIGN,0,1.0,25.0,475.0,3480000000.0,50000000.0,19.0,0.0,6.0,lsnm2024_ddos_udp
2024-02-26 12:58:41.000000000,BENIGN,0,1.0,25.0,475.0,3480000000.0,50000000.0,19.0,0.0,6.0,lsnm2024_ddos_udp
2024-02-26 12:58:41.000000000,BENIGN,0,1.0,25.0,475.0,3480000000.0,50000000.0,19.0,0.0,6.0,lsnm2024_ddos_udp
2024-02-26 12:58:41.000000000,BENIGN,0,1.0,25.0,475.0,3480000000.0,50000000.0,19.0,0.0,6.0,lsnm2024_ddos_udp
2024-02-26 12:58:41.000000000,BENIGN,0,1.0,25.0,475.0,3480000000.0,50000000.0,19.0,0.0,6.0,lsnm2024_ddos_udp
2024-02-26 12:58:41.000000000,BENIGN,0,1.0,25.0,475.0,3480000000.0,50000000.0,19.0,0.0,6.0,lsnm2024_ddos_udp
2024-02-26 12:58:41.000000000,BENIGN,0,1.0,25.0,475.0,3480000000.0,50000000.0,19.0,0.0,6.0,lsnm2024_ddos_udp
2024-02-26 12:58:41.000000000,BENIGN,0,1.0,25.0,475.0,3480000000.0,50000000.0,19.0,0.0,6.0,lsnm2024_ddos_udp
2024-02-26 12:58:41.000000000,BENIGN,0,1.0,25.0,475.0,5091000000.0,50000000.0,19.0,0.0,6.0,lsnm2024_ddos_udp
2024-02-26 12:58:41.000000000,BENIGN,0,1.0,25.0,475.0,3480000000.0,50000000.0,19.0,0.0,6.0,lsnm2024_ddos_udp
2024-02-26 12:58:41.000000000,BENIGN,0,1.0,25.0,475.0,3480000000.0,50000000.0,19.0,0.0,6.0,lsnm2024_ddos_udp
2024-02-26 12:58:41.000000000,BENIGN,0,1.0,25.0,475.0,3480000000.0,50000000.0,19.0,0.0,6.0,lsnm2024_ddos_udp
2024-02-26 12:58:41.000000000,BENIGN,0,1.0,25.0,475.0,3480000000.0,50000000.0,19.0,0.0,6.0,lsnm2024_ddos_udp
2024-02-26 12:58:41.000000000,BENIGN,0,1.0,25.0,475.0,3480000000.0,50000000.0,19.0,0.0,6.0,lsnm2024_ddos_udp
2024-02-26 12:58:41.000000000,BENIGN,0,1.0,25.0,475.0,3480000000.0,50000000.0,19.0,0.0,6.0,lsnm2024_ddos_udp
2024-02-26 12:58:41.000000000,BENIGN,0,1.0,25.0,475.0,3480000000.0,50000000.0,19.0,0.0,6.0,lsnm2024_ddos_udp
2024-02-26 12:58:41.000000000,BENIGN,0,1.0,25.0,475.0,3480000000.0,50000000.0,19.0,0.0,6.0,lsnm2024_ddos_udp
2024-02-26 12:58:41.000000000,BENIGN,0,1.0,25.0,475.0,3480000000.0,50000000.0,19.0,0.0,6.0,lsnm2024_ddos_udp
2024-02-26 12:58:41.000000000,BENIGN,0,1.0,26.0,5908.0,9796000000.0,50000000.0,227.23076923076923,0.0,6.0,lsnm2024_ddos_udp
2024-02-26 12:58:41.000000000,BENIGN,0,1.0,25.0,475.0,3480000000.0,50000000.0,19.0,0.0,6.0,lsnm2024_ddos_udp
2024-02-26 12:58:42.000000000,BENIGN,0,1.0,24.0,475.0,3480000000.0,50000000.0,19.791666666666668,0.0,6.0,lsnm2024_ddos_udp
2024-02-26 12:58:42.000000000,BENIGN,0,1.0,25.0,475.0,3480000000.0,50000000.0,19.0,0.0,6.0,lsnm2024_ddos_udp
2024-02-26 12:58:42.000000000,BENIGN,0,1.0,25.0,475.0,3480000000.0,50000000.0,19.0,0.0,6.0,lsnm2024_ddos_udp
2024-02-26 12:58:42.000000000,BENIGN,0,1.0,25.0,475.0,3480000000.0,50000000.0,19.0,0.0,6.0,lsnm2024_ddos_udp
2024-02-26 12:58:42.000000000,BENIGN,0,1.0,25.0,475.0,3480000000.0,50000000.0,19.0,0.0,6.0,lsnm2024_ddos_udp
2024-02-26 12:58:42.000000000,BENIGN,0,1.0,25.0,475.0,3480000000.0,50000000.0,19.0,0.0,6.0,lsnm2024_ddos_udp
2024-02-26 12:58:42.000000000,BENIGN,0,1.0,25.0,475.0,3480000000.0,50000000.0,19.0,0.0,6.0,lsnm2024_ddos_udp
2024-02-26 12:58:42.000000000,BENIGN,0,1.0,25.0,475.0,3480000000.0,50000000.0,19.0,0.0,6.0,lsnm2024_ddos_udp
2024-02-26 12:58:42.000000000,BENIGN,0,1.0,25.0,475.0,3480000000.0,50000000.0,19.0,0.0,6.0,lsnm2024_ddos_udp
2024-02-26 12:58:42.000000000,BENIGN,0,1.0,24.0,475.0,3480000000.0,50000000.0,19.791666666666668,0.0,6.0,lsnm2024_ddos_udp
2024-02-26 12:58:42.000000000,BENIGN,0,1.0,25.0,475.0,3480000000.0,50000000.0,19.0,0.0,6.0,lsnm2024_ddos_udp
2024-02-26 12:58:42.000000000,BENIGN,0,1.0,25.0,475.0,3480000000.0,50000000.0,19.0,0.0,6.0,lsnm2024_ddos_udp
2024-02-26 12:58:42.000000000,BENIGN,0,1.0,25.0,475.0,3480000000.0,50000000.0,19.0,0.0,6.0,lsnm2024_ddos_udp
2024-02-26 12:58:42.000000000,BENIGN,0,1.0,25.0,475.0,3480000000.0,50000000.0,19.0,0.0,6.0,lsnm2024_ddos_udp
2024-02-26 12:58:42.000000000,BENIGN,0,1.0,25.0,475.0,3480000000.0,50000000.0,19.0,0.0,6.0,lsnm2024_ddos_udp
2024-02-26 12:58:42.000000000,BENIGN,0,1.0,25.0,475.0,3480000000.0,50000000.0,19.0,0.0,6.0,lsnm2024_ddos_udp
2024-02-26 12:58:42.000000000,BENIGN,0,1.0,25.0,475.0,3480000000.0,50000000.0,19.0,0.0,6.0,lsnm2024_ddos_udp
2024-02-26 12:58:42.000000000,BENIGN,0,1.0,25.0,475.0,3480000000.0,50000000.0,19.0,0.0,6.0,lsnm2024_ddos_udp
2024-02-26 12:58:42.000000000,BENIGN,0,1.0,25.0,475.0,3480000000.0,50000000.0,19.0,0.0,6.0,lsnm2024_ddos_udp
2024-02-26 12:58:42.000000000,BENIGN,0,1.0,25.0,475.0,3480000000.0,50000000.0,19.0,0.0,6.0,lsnm2024_ddos_udp
2024-02-26 12:58:42.000000000,BENIGN,0,1.0,25.0,475.0,3480000000.0,50000000.0,19.0,0.0,6.0,lsnm2024_ddos_udp
2024-02-26 12:58:43.000000000,BENIGN,0,1.0,25.0,475.0,3480000000.0,50000000.0,19.0,0.0,6.0,lsnm2024_ddos_udp
2024-02-26 12:58:43.000000000,BENIGN,0,1.0,25.0,475.0,3480000000.0,50000000.0,19.0,0.0,6.0,lsnm2024_ddos_udp
2024-02-26 12:58:43.000000000,BENIGN,0,1.0,25.0,475.0,3480000000.0,50000000.0,19.0,0.0,6.0,lsnm2024_ddos_udp
2024-02-26 12:58:43.000000000,BENIGN,0,1.0,24.0,475.0,3480000000.0,50000000.0,19.791666666666668,0.0,6.0,lsnm2024_ddos_udp
2024-02-26 12:58:43.000000000,BENIGN,0,1.0,25.0,475.0,3480000000.0,50000000.0,19.0,0.0,6.0,lsnm2024_ddos_udp
2024-02-26 12:58:43.000000000,BENIGN,0,1.0,25.0,475.0,3480000000.0,50000000.0,19.0,0.0,6.0,lsnm2024_ddos_udp
2024-02-26 12:58:43.000000000,BENIGN,0,1.0,25.0,475.0,3480000000.0,50000000.0,19.0,0.0,6.0,lsnm2024_ddos_udp
2024-02-26 12:58:43.000000000,BENIGN,0,1.0,25.0,475.0,3480000000.0,50000000.0,19.0,0.0,6.0,lsnm2024_ddos_udp
2024-02-26 12:58:43.000000000,BENIGN,0,1.0,25.0,475.0,3480000000.0,50000000.0,19.0,0.0,6.0,lsnm2024_ddos_udp
2024-02-26 12:58:43.000000000,BENIGN,0,1.0,25.0,475.0,3480000000.0,50000000.0,19.0,0.0,6.0,lsnm2024_ddos_udp
2024-02-26 12:58:43.000000000,BENIGN,0,1.0,25.0,475.0,3480000000.0,50000000.0,19.0,0.0,6.0,lsnm2024_ddos_udp
2024-02-26 12:58:43.000000000,BENIGN,0,1.0,25.0,475.0,3480000000.0,50000000.0,19.0,0.0,6.0,lsnm2024_ddos_udp
2024-02-26 12:58:43.000000000,BENIGN,0,1.0,25.0,475.0,3480000000.0,50000000.0,19.0,0.0,6.0,lsnm2024_ddos_udp
2024-02-26 12:58:43.000000000,BENIGN,0,1.0,25.0,475.0,3480000000.0,50000000.0,19.0,0.0,6.0,lsnm2024_ddos_udp
2024-02-26 12:58:43.000000000,BENIGN,0,1.0,25.0,475.0,3480000000.0,50000000.0,19.0,0.0,6.0,lsnm2024_ddos_udp
2024-02-26 12:58:43.000000000,BENIGN,0,1.0,25.0,475.0,3480000000.0,50000000.0,19.0,0.0,6.0,lsnm2024_ddos_udp
2024-02-26 12:58:43.000000000,BENIGN,0,1.0,25.0,475.0,3480000000.0,50000000.0,19.0,0.0,6.0,lsnm2024_ddos_udp
2024-02-26 12:58:43.000000000,BENIGN,0,1.0,25.0,475.0,3480000000.0,50000000.0,19.0,0.0,6.0,lsnm2024_ddos_udp
2024-02-26 12:58:43.000000000,BENIGN,0,1.0,25.0,475.0,3480000000.0,50000000.0,19.0,0.0,6.0,lsnm2024_ddos_udp
2024-02-26 12:58:44.000000000,BENIGN,0,1.0,25.0,475.0,3480000000.0,50000000.0,19.0,0.0,6.0,lsnm2024_ddos_udp
2024-02-26 12:58:44.000000000,BENIGN,0,1.0,26.0,475.0,3480000000.0,50000000.0,18.26923076923077,0.0,6.0,lsnm2024_ddos_udp
2024-02-26 12:58:44.000000000,BENIGN,0,1.0,25.0,475.0,3480000000.0,50000000.0,19.0,0.0,6.0,lsnm2024_ddos_udp
2024-02-26 12:58:44.000000000,BENIGN,0,1000000.0,25.0,475.0,3480.0,50.0,19.0,0.0,6.0,lsnm2024_ddos_udp
2024-02-26 12:58:44.000000000,BENIGN,0,1.0,25.0,475.0,3480000000.0,50000000.0,19.0,0.0,6.0,lsnm2024_ddos_udp
2024-02-26 12:58:44.000000000,BENIGN,0,1.0,25.0,475.0,3480000000.0,50000000.0,19.0,0.0,6.0,lsnm2024_ddos_udp
2024-02-26 12:58:44.000000000,BENIGN,0,1.0,24.0,475.0,3480000000.0,50000000.0,19.791666666666668,0.0,6.0,lsnm2024_ddos_udp
2024-02-26 12:58:44.000000000,BENIGN,0,1.0,25.0,475.0,3480000000.0,50000000.0,19.0,0.0,6.0,lsnm2024_ddos_udp
2024-02-26 12:58:44.000000000,BENIGN,0,1.0,25.0,475.0,3480000000.0,50000000.0,19.0,0.0,6.0,lsnm2024_ddos_udp
2024-02-26 12:58:44.000000000,BENIGN,0,1.0,25.0,475.0,3480000000.0,50000000.0,19.0,0.0,6.0,lsnm2024_ddos_udp
2024-02-26 12:58:44.000000000,BENIGN,0,1.0,26.0,475.0,3480000000.0,50000000.0,18.26923076923077,0.0,6.0,lsnm2024_ddos_udp
2024-02-26 12:58:44.000000000,BENIGN,0,1.0,25.0,475.0,3480000000.0,50000000.0,19.0,0.0,6.0,lsnm2024_ddos_udp
2024-02-26 12:58:44.000000000,BENIGN,0,1.0,25.0,475.0,3480000000.0,50000000.0,19.0,0.0,6.0,lsnm2024_ddos_udp
2024-02-26 12:58:44.000000000,BENIGN,0,1.0,25.0,475.0,3480000000.0,50000000.0,19.0,0.0,6.0,lsnm2024_ddos_udp
2024-02-26 12:58:44.000000000,BENIGN,0,1.0,25.0,475.0,3480000000.0,50000000.0,19.0,0.0,6.0,lsnm2024_ddos_udp
2024-02-26 12:58:44.000000000,BENIGN,0,1.0,25.0,475.0,3480000000.0,50000000.0,19.0,0.0,6.0,lsnm2024_ddos_udp
2024-02-26 12:58:44.000000000,BENIGN,0,1.0,24.0,475.0,3480000000.0,50000000.0,19.791666666666668,0.0,6.0,lsnm2024_ddos_udp
2024-02-26 12:58:44.000000000,BENIGN,0,1.0,25.0,475.0,3480000000.0,50000000.0,19.0,0.0,6.0,lsnm2024_ddos_udp
2024-02-26 12:58:44.000000000,BENIGN,0,1.0,24.0,475.0,3480000000.0,50000000.0,19.791666666666668,0.0,6.0,lsnm2024_ddos_udp
2024-02-26 12:58:44.000000000,BENIGN,0,1.0,25.0,475.0,3480000000.0,50000000.0,19.0,0.0,6.0,lsnm2024_ddos_udp
2024-02-26 12:58:44.000000000,BENIGN,0,1.0,25.0,475.0,3480000000.0,50000000.0,19.0,0.0,6.0,lsnm2024_ddos_udp
2024-02-26 12:58:44.000000000,BENIGN,0,1.0,25.0,475.0,3480000000.0,50000000.0,19.0,0.0,6.0,lsnm2024_ddos_udp
2024-02-26 12:58:44.000000000,BENIGN,0,1.0,25.0,475.0,3480000000.0,50000000.0,19.0,0.0,6.0,lsnm2024_ddos_udp
2024-02-26 12:58:45.000000000,BENIGN,0,1.0,25.0,475.0,3480000000.0,50000000.0,19.0,0.0,6.0,lsnm2024_ddos_udp
2024-02-26 12:58:45.000000000,BENIGN,0,1.0,25.0,475.0,3480000000.0,50000000.0,19.0,0.0,6.0,lsnm2024_ddos_udp
2024-02-26 12:58:45.000000000,BENIGN,0,1.0,25.0,475.0,3480000000.0,50000000.0,19.0,0.0,6.0,lsnm2024_ddos_udp
2024-02-26 12:58:45.000000000,BENIGN,0,1.0,25.0,475.0,3480000000.0,50000000.0,19.0,0.0,6.0,lsnm2024_ddos_udp
2024-02-26 12:58:45.000000000,BENIGN,0,1.0,25.0,475.0,3480000000.0,50000000.0,19.0,0.0,6.0,lsnm2024_ddos_udp
2024-02-26 12:58:45.000000000,BENIGN,0,1.0,25.0,475.0,3480000000.0,50000000.0,19.0,0.0,6.0,lsnm2024_ddos_udp
2024-02-26 12:58:45.000000000,BENIGN,0,1.0,25.0,475.0,3480000000.0,50000000.0,19.0,0.0,6.0,lsnm2024_ddos_udp
2024-02-26 12:58:45.000000000,BENIGN,0,1.0,25.0,475.0,3480000000.0,50000000.0,19.0,0.0,6.0,lsnm2024_ddos_udp
2024-02-26 12:58:45.000000000,BENIGN,0,1.0,25.0,475.0,3480000000.0,50000000.0,19.0,0.0,6.0,lsnm2024_ddos_udp
2024-02-26 12:58:45.000000000,BENIGN,0,1.0,25.0,475.0,3480000000.0,50000000.0,19.0,0.0,6.0,lsnm2024_ddos_udp
2024-02-26 12:58:45.000000000,BENIGN,0,1.0,25.0,475.0,3480000000.0,50000000.0,19.0,0.0,6.0,lsnm2024_ddos_udp
2024-02-26 12:58:45.000000000,BENIGN,0,1.0,25.0,475.0,3480000000.0,50000000.0,19.0,0.0,6.0,lsnm2024_ddos_udp
2024-02-26 12:58:45.000000000,BENIGN,0,1.0,25.0,475.0,3480000000.0,50000000.0,19.0,0.0,6.0,lsnm2024_ddos_udp
2024-02-26 12:58:45.000000000,BENIGN,0,1.0,25.0,475.0,3480000000.0,50000000.0,19.0,0.0,6.0,lsnm2024_ddos_udp
2024-02-26 12:58:45.000000000,BENIGN,0,1.0,25.0,475.0,3480000000.0,50000000.0,19.0,0.0,6.0,lsnm2024_ddos_udp
2024-02-26 12:58:45.000000000,BENIGN,0,1000000.0,25.0,475.0,3480.0,50.0,19.0,0.0,6.0,lsnm2024_ddos_udp
2024-02-26 12:58:46.000000000,BENIGN,0,1.0,25.0,475.0,3480000000.0,50000000.0,19.0,0.0,6.0,lsnm2024_ddos_udp
2024-02-26 12:58:46.000000000,BENIGN,0,1.0,25.0,475.0,3480000000.0,50000000.0,19.0,0.0,6.0,lsnm2024_ddos_udp
2024-02-26 12:58:46.000000000,BENIGN,0,1.0,25.0,475.0,3480000000.0,50000000.0,19.0,0.0,6.0,lsnm2024_ddos_udp
2024-02-26 12:58:46.000000000,BENIGN,0,1.0,25.0,475.0,3480000000.0,50000000.0,19.0,0.0,6.0,lsnm2024_ddos_udp
2024-02-26 12:58:46.000000000,BENIGN,0,1.0,25.0,475.0,3480000000.0,50000000.0,19.0,0.0,6.0,lsnm2024_ddos_udp
2024-02-26 12:58:46.000000000,BENIGN,0,1.0,25.0,475.0,3480000000.0,50000000.0,19.0,0.0,6.0,lsnm2024_ddos_udp
2024-02-26 12:58:46.000000000,BENIGN,0,1.0,25.0,475.0,3480000000.0,50000000.0,19.0,0.0,6.0,lsnm2024_ddos_udp
2024-02-26 12:58:46.000000000,BENIGN,0,1.0,25.0,475.0,3480000000.0,50000000.0,19.0,0.0,6.0,lsnm2024_ddos_udp
2024-02-26 12:58:46.000000000,BENIGN,0,1.0,25.0,475.0,3480000000.0,50000000.0,19.0,0.0,6.0,lsnm2024_ddos_udp
2024-02-26 12:58:46.000000000,BENIGN,0,1.0,25.0,475.0,3480000000.0,50000000.0,19.0,0.0,6.0,lsnm2024_ddos_udp
2024-02-26 12:58:46.000000000,BENIGN,0,1.0,25.0,475.0,3480000000.0,50000000.0,19.0,0.0,6.0,lsnm2024_ddos_udp
2024-02-26 12:58:46.000000000,BENIGN,0,1.0,25.0,475.0,3480000000.0,50000000.0,19.0,0.0,6.0,lsnm2024_ddos_udp
2024-02-26 12:58:46.000000000,BENIGN,0,1.0,25.0,475.0,3480000000.0,50000000.0,19.0,0.0,6.0,lsnm2024_ddos_udp
2024-02-26 12:58:46.000000000,BENIGN,0,1.0,25.0,475.0,3480000000.0,50000000.0,19.0,0.0,6.0,lsnm2024_ddos_udp
2024-02-26 12:58:46.000000000,BENIGN,0,1.0,25.0,475.0,3480000000.0,50000000.0,19.0,0.0,6.0,lsnm2024_ddos_udp
2024-02-26 12:58:46.000000000,BENIGN,0,1.0,25.0,475.0,3480000000.0,50000000.0,19.0,0.0,6.0,lsnm2024_ddos_udp
2024-02-26 12:58:46.000000000,BENIGN,0,1.0,25.0,475.0,3480000000.0,50000000.0,19.0,0.0,6.0,lsnm2024_ddos_udp
2024-02-26 12:58:47.000000000,BENIGN,0,1.0,25.0,475.0,3480000000.0,50000000.0,19.0,0.0,6.0,lsnm2024_ddos_udp
2024-02-26 12:58:47.000000000,BENIGN,0,1.0,25.0,475.0,3480000000.0,50000000.0,19.0,0.0,6.0,lsnm2024_ddos_udp
2024-02-26 12:58:47.000000000,BENIGN,0,1.0,25.0,475.0,3480000000.0,50000000.0,19.0,0.0,6.0,lsnm2024_ddos_udp
2024-02-26 12:58:47.000000000,BENIGN,0,1.0,26.0,475.0,3480000000.0,50000000.0,18.26923076923077,0.0,6.0,lsnm2024_ddos_udp
2024-02-26 12:58:47.000000000,BENIGN,0,1.0,25.0,475.0,3480000000.0,50000000.0,19.0,0.0,6.0,lsnm2024_ddos_udp
2024-02-26 12:58:47.000000000,BENIGN,0,1.0,25.0,475.0,3480000000.0,50000000.0,19.0,0.0,6.0,lsnm2024_ddos_udp
2024-02-26 12:58:47.000000000,BENIGN,0,1.0,25.0,475.0,3480000000.0,50000000.0,19.0,0.0,6.0,lsnm2024_ddos_udp
2024-02-26 12:58:47.000000000,BENIGN,0,1.0,25.0,475.0,3480000000.0,50000000.0,19.0,0.0,6.0,lsnm2024_ddos_udp
2024-02-26 12:58:47.000000000,BENIGN,0,1.0,25.0,475.0,3480000000.0,50000000.0,19.0,0.0,6.0,lsnm2024_ddos_udp
2024-02-26 12:58:47.000000000,BENIGN,0,1.0,25.0,475.0,3480000000.0,50000000.0,19.0,0.0,6.0,lsnm2024_ddos_udp
2024-02-26 12:58:47.000000000,BENIGN,0,1.0,25.0,475.0,3480000000.0,50000000.0,19.0,0.0,6.0,lsnm2024_ddos_udp
2024-02-26 12:58:47.000000000,BENIGN,0,1.0,25.0,475.0,3480000000.0,50000000.0,19.0,0.0,6.0,lsnm2024_ddos_udp
2024-02-26 12:58:47.000000000,BENIGN,0,1.0,25.0,475.0,3480000000.0,50000000.0,19.0,0.0,6.0,lsnm2024_ddos_udp
2024-02-26 12:58:47.000000000,BENIGN,0,1.0,25.0,475.0,3480000000.0,50000000.0,19.0,0.0,6.0,lsnm2024_ddos_udp
2024-02-26 12:58:47.000000000,BENIGN,0,1.0,25.0,475.0,3480000000.0,50000000.0,19.0,0.0,6.0,lsnm2024_ddos_udp
2024-02-26 12:58:47.000000000,BENIGN,0,1.0,25.0,475.0,3480000000.0,50000000.0,19.0,0.0,6.0,lsnm2024_ddos_udp
2024-02-26 12:58:47.000000000,BENIGN,0,1.0,25.0,475.0,3480000000.0,50000000.0,19.0,0.0,6.0,lsnm2024_ddos_udp
2024-02-26 12:58:47.000000000,BENIGN,0,1.0,25.0,475.0,3480000000.0,50000000.0,19.0,0.0,6.0,lsnm2024_ddos_udp
2024-02-26 12:58:47.000000000,BENIGN,0,1.0,25.0,475.0,3480000000.0,50000000.0,19.0,0.0,6.0,lsnm2024_ddos_udp
2024-02-26 12:58:47.000000000,BENIGN,0,1.0,25.0,475.0,3480000000.0,50000000.0,19.0,0.0,6.0,lsnm2024_ddos_udp
2024-02-26 12:58:47.000000000,BENIGN,0,1.0,25.0,475.0,3480000000.0,50000000.0,19.0,0.0,6.0,lsnm2024_ddos_udp
2024-02-26 12:58:47.000000000,BENIGN,0,1.0,25.0,475.0,3480000000.0,50000000.0,19.0,0.0,6.0,lsnm2024_ddos_udp
2024-02-26 12:58:47.000000000,BENIGN,0,1.0,25.0,475.0,3480000000.0,50000000.0,19.0,0.0,6.0,lsnm2024_ddos_udp
2024-02-26 12:58:47.000000000,BENIGN,0,1.0,25.0,475.0,3480000000.0,50000000.0,19.0,0.0,6.0,lsnm2024_ddos_udp
2024-02-26 12:58:48.000000000,BENIGN,0,1.0,25.0,475.0,3480000000.0,50000000.0,19.0,0.0,6.0,lsnm2024_ddos_udp
2024-02-26 12:58:48.000000000,BENIGN,0,1.0,25.0,475.0,3480000000.0,50000000.0,19.0,0.0,6.0,lsnm2024_ddos_udp
2024-02-26 12:58:48.000000000,BENIGN,0,1.0,25.0,475.0,3480000000.0,50000000.0,19.0,0.0,6.0,lsnm2024_ddos_udp
2024-02-26 12:59:36.000000000,BENIGN,0,1.0,26.0,505.0,14405000000.0,50000000.0,19.423076923076923,0.0,6.0,lsnm2024_ddos_udp
2024-02-26 12:59:36.000000000,BENIGN,0,1.0,24.0,404.0,14304000000.0,50000000.0,16.833333333333332,0.0,6.0,lsnm2024_ddos_udp
2024-02-26 12:59:36.000000000,BENIGN,0,1.0,25.0,505.0,14405000000.0,50000000.0,20.2,0.0,6.0,lsnm2024_ddos_udp
2024-02-26 12:59:36.000000000,BENIGN,0,1.0,24.0,505.0,14405000000.0,50000000.0,21.041666666666668,0.0,6.0,lsnm2024_ddos_udp
2024-02-26 12:59:36.000000000,BENIGN,0,1.0,26.0,404.0,14304000000.0,50000000.0,15.538461538461538,0.0,6.0,lsnm2024_ddos_udp
2024-02-26 12:59:36.000000000,BENIGN,0,1.0,25.0,505.0,14405000000.0,50000000.0,20.2,0.0,6.0,lsnm2024_ddos_udp
2024-02-26 12:59:36.000000000,BENIGN,0,1.0,25.0,505.0,14405000000.0,50000000.0,20.2,0.0,6.0,lsnm2024_ddos_udp
2024-02-26 12:59:36.000000000,BENIGN,0,1.0,26.0,505.0,11625000000.0,50000000.0,19.423076923076923,0.0,6.0,lsnm2024_ddos_udp
2024-02-26 12:59:36.000000000,BENIGN,0,1.0,26.0,505.0,14405000000.0,50000000.0,19.423076923076923,0.0,6.0,lsnm2024_ddos_udp
2024-02-26 12:59:36.000000000,BENIGN,0,1.0,24.0,404.0,11524000000.0,50000000.0,16.833333333333332,0.0,6.0,lsnm2024_ddos_udp
2024-02-26 12:59:36.000000000,BENIGN,0,1000000.0,24.0,505.0,14405.0,50.0,21.041666666666668,0.0,6.0,lsnm2024_ddos_udp
2024-02-26 12:59:36.000000000,BENIGN,0,1.0,25.0,505.0,14405000000.0,50000000.0,20.2,0.0,6.0,lsnm2024_ddos_udp
2024-02-26 12:59:37.000000000,BENIGN,0,1.0,25.0,505.0,14405000000.0,50000000.0,20.2,0.0,6.0,lsnm2024_ddos_udp
2024-02-26 12:59:37.000000000,BENIGN,0,1.0,25.0,505.0,14405000000.0,50000000.0,20.2,0.0,6.0,lsnm2024_ddos_udp
2024-02-26 12:59:37.000000000,BENIGN,0,1.0,25.0,505.0,14405000000.0,50000000.0,20.2,0.0,6.0,lsnm2024_ddos_udp
2024-02-26 12:59:37.000000000,BENIGN,0,1.0,26.0,505.0,13073000000.0,50000000.0,19.423076923076923,0.0,6.0,lsnm2024_ddos_udp
2024-02-26 12:59:37.000000000,BENIGN,0,1.0,25.0,404.0,11524000000.0,50000000.0,16.16,0.0,6.0,lsnm2024_ddos_udp
2024-02-26 12:59:37.000000000,BENIGN,0,1.0,25.0,505.0,14405000000.0,50000000.0,20.2,0.0,6.0,lsnm2024_ddos_udp
2024-02-26 12:59:37.000000000,BENIGN,0,1.0,26.0,505.0,11625000000.0,50000000.0,19.423076923076923,0.0,6.0,lsnm2024_ddos_udp
2024-02-26 12:59:37.000000000,BENIGN,0,1.0,25.0,404.0,14304000000.0,50000000.0,16.16,0.0,6.0,lsnm2024_ddos_udp
2024-02-26 12:59:37.000000000,BENIGN,0,1.0,25.0,505.0,14405000000.0,50000000.0,20.2,0.0,6.0,lsnm2024_ddos_udp
2024-02-26 12:59:37.000000000,BENIGN,0,1.0,24.0,505.0,14405000000.0,50000000.0,21.041666666666668,0.0,6.0,lsnm2024_ddos_udp
2024-02-26 12:59:37.000000000,BENIGN,0,1.0,25.0,404.0,14304000000.0,50000000.0,16.16,0.0,6.0,lsnm2024_ddos_udp
2024-02-26 12:59:37.000000000,BENIGN,0,1.0,24.0,505.0,14405000000.0,50000000.0,21.041666666666668,0.0,6.0,lsnm2024_ddos_udp
2024-02-26 12:59:37.000000000,BENIGN,0,1.0,26.0,505.0,14405000000.0,50000000.0,19.423076923076923,0.0,6.0,lsnm2024_ddos_udp
2024-02-26 12:59:37.000000000,BENIGN,0,1.0,25.0,505.0,14405000000.0,50000000.0,20.2,0.0,6.0,lsnm2024_ddos_udp
2024-02-26 12:59:37.000000000,BENIGN,0,1.0,26.0,505.0,11625000000.0,50000000.0,19.423076923076923,0.0,6.0,lsnm2024_ddos_udp
2024-02-26 12:59:37.000000000,BENIGN,0,1.0,24.0,505.0,14405000000.0,50000000.0,21.041666666666668,0.0,6.0,lsnm2024_ddos_udp
2024-02-26 12:59:37.000000000,BENIGN,0,1.0,25.0,505.0,14405000000.0,50000000.0,20.2,0.0,6.0,lsnm2024_ddos_udp
2024-02-26 12:59:37.000000000,BENIGN,0,1.0,25.0,505.0,14405000000.0,50000000.0,20.2,0.0,6.0,lsnm2024_ddos_udp
2024-02-26 12:59:37.000000000,BENIGN,0,1.0,26.0,505.0,14405000000.0,50000000.0,19.423076923076923,0.0,6.0,lsnm2024_ddos_udp
2024-02-26 12:59:38.000000000,BENIGN,0,1.0,25.0,505.0,11625000000.0,50000000.0,20.2,0.0,6.0,lsnm2024_ddos_udp
2024-02-26 12:59:38.000000000,BENIGN,0,1.0,27.0,505.0,14405000000.0,50000000.0,18.703703703703702,0.0,6.0,lsnm2024_ddos_udp
2024-02-26 12:59:38.000000000,BENIGN,0,1.0,25.0,505.0,14405000000.0,50000000.0,20.2,0.0,6.0,lsnm2024_ddos_udp
2024-02-26 12:59:38.000000000,BENIGN,0,1.0,25.0,505.0,14405000000.0,50000000.0,20.2,0.0,6.0,lsnm2024_ddos_udp
2024-02-26 12:59:38.000000000,BENIGN,0,1.0,25.0,505.0,14405000000.0,50000000.0,20.2,0.0,6.0,lsnm2024_ddos_udp
2024-02-26 12:59:38.000000000,BENIGN,0,1.0,25.0,404.0,14304000000.0,50000000.0,16.16,0.0,6.0,lsnm2024_ddos_udp
2024-02-26 12:59:38.000000000,BENIGN,0,1.0,26.0,505.0,11625000000.0,50000000.0,19.423076923076923,0.0,6.0,lsnm2024_ddos_udp
2024-02-26 12:59:38.000000000,BENIGN,0,1.0,25.0,505.0,14405000000.0,50000000.0,20.2,0.0,6.0,lsnm2024_ddos_udp
2024-02-26 12:59:38.000000000,BENIGN,0,1.0,25.0,505.0,14405000000.0,50000000.0,20.2,0.0,6.0,lsnm2024_ddos_udp
2024-02-26 12:59:38.000000000,BENIGN,0,1.0,27.0,505.0,11625000000.0,50000000.0,18.703703703703702,0.0,6.0,lsnm2024_ddos_udp
2024-02-26 12:59:38.000000000,BENIGN,0,1.0,25.0,404.0,14304000000.0,50000000.0,16.16,0.0,6.0,lsnm2024_ddos_udp
2024-02-26 12:59:38.000000000,BENIGN,0,1.0,23.0,505.0,14405000000.0,50000000.0,21.956521739130434,0.0,6.0,lsnm2024_ddos_udp
2024-02-26 12:59:38.000000000,BENIGN,0,1.0,26.0,505.0,11625000000.0,50000000.0,19.423076923076923,0.0,6.0,lsnm2024_ddos_udp
2024-02-26 12:59:38.000000000,BENIGN,0,1.0,26.0,505.0,14405000000.0,50000000.0,19.423076923076923,0.0,6.0,lsnm2024_ddos_udp
2024-02-26 12:59:38.000000000,BENIGN,0,1.0,25.0,505.0,14405000000.0,50000000.0,20.2,0.0,6.0,lsnm2024_ddos_udp
2024-02-26 12:59:38.000000000,BENIGN,0,1.0,25.0,505.0,14405000000.0,50000000.0,20.2,0.0,6.0,lsnm2024_ddos_udp
2024-02-26 12:59:38.000000000,BENIGN,0,1.0,26.0,505.0,14405000000.0,50000000.0,19.423076923076923,0.0,6.0,lsnm2024_ddos_udp
2024-02-26 12:59:38.000000000,BENIGN,0,1.0,24.0,404.0,14304000000.0,50000000.0,16.833333333333332,0.0,6.0,lsnm2024_ddos_udp
2024-02-26 12:59:38.000000000,BENIGN,0,1.0,26.0,505.0,14405000000.0,50000000.0,19.423076923076923,0.0,6.0,lsnm2024_ddos_udp
2024-02-26 12:59:39.000000000,BENIGN,0,1.0,25.0,505.0,14405000000.0,50000000.0,20.2,0.0,6.0,lsnm2024_ddos_udp
2024-02-26 12:59:39.000000000,BENIGN,0,1.0,25.0,505.0,14405000000.0,50000000.0,20.2,0.0,6.0,lsnm2024_ddos_udp
2024-02-26 12:59:39.000000000,BENIGN,0,1.0,26.0,505.0,14405000000.0,50000000.0,19.423076923076923,0.0,6.0,lsnm2024_ddos_udp
2024-02-26 12:59:39.000000000,BENIGN,0,1.0,25.0,505.0,14405000000.0,50000000.0,20.2,0.0,6.0,lsnm2024_ddos_udp
2024-02-26 12:59:39.000000000,BENIGN,0,1.0,24.0,505.0,14405000000.0,50000000.0,21.041666666666668,0.0,6.0,lsnm2024_ddos_udp
2024-02-26 12:59:39.000000000,BENIGN,0,1.0,25.0,505.0,14405000000.0,50000000.0,20.2,0.0,6.0,lsnm2024_ddos_udp
2024-02-26 12:59:39.000000000,BENIGN,0,1.0,25.0,505.0,14405000000.0,50000000.0,20.2,0.0,6.0,lsnm2024_ddos_udp
2024-02-26 12:59:39.000000000,BENIGN,0,1.0,25.0,505.0,14405000000.0,50000000.0,20.2,0.0,6.0,lsnm2024_ddos_udp
2024-02-26 12:59:39.000000000,BENIGN,0,1.0,25.0,505.0,14405000000.0,50000000.0,20.2,0.0,6.0,lsnm2024_ddos_udp
2024-02-26 12:59:39.000000000,BENIGN,0,1.0,25.0,505.0,14405000000.0,50000000.0,20.2,0.0,6.0,lsnm2024_ddos_udp
2024-02-26 12:59:39.000000000,BENIGN,0,1.0,25.0,505.0,14405000000.0,50000000.0,20.2,0.0,6.0,lsnm2024_ddos_udp
2024-02-26 12:59:39.000000000,BENIGN,0,1.0,27.0,505.0,11625000000.0,50000000.0,18.703703703703702,0.0,6.0,lsnm2024_ddos_udp
2024-02-26 12:59:39.000000000,BENIGN,0,1.0,25.0,505.0,14405000000.0,50000000.0,20.2,0.0,6.0,lsnm2024_ddos_udp
2024-02-26 12:59:39.000000000,BENIGN,0,1.0,25.0,505.0,14405000000.0,50000000.0,20.2,0.0,6.0,lsnm2024_ddos_udp
2024-02-26 12:59:39.000000000,BENIGN,0,1.0,25.0,505.0,14405000000.0,50000000.0,20.2,0.0,6.0,lsnm2024_ddos_udp
2024-02-26 12:59:39.000000000,BENIGN,0,1.0,25.0,505.0,14405000000.0,50000000.0,20.2,0.0,6.0,lsnm2024_ddos_udp
2024-02-26 12:59:39.000000000,BENIGN,0,1.0,26.0,505.0,11625000000.0,50000000.0,19.423076923076923,0.0,6.0,lsnm2024_ddos_udp
2024-02-26 12:59:39.000000000,BENIGN,0,1.0,25.0,505.0,14405000000.0,50000000.0,20.2,0.0,6.0,lsnm2024_ddos_udp
2024-02-26 12:59:39.000000000,BENIGN,0,1.0,25.0,505.0,14405000000.0,50000000.0,20.2,0.0,6.0,lsnm2024_ddos_udp
2024-02-26 12:59:40.000000000,BENIGN,0,1.0,25.0,505.0,14405000000.0,50000000.0,20.2,0.0,6.0,lsnm2024_ddos_udp
2024-02-26 12:59:40.000000000,BENIGN,0,1.0,24.0,505.0,14405000000.0,50000000.0,21.041666666666668,0.0,6.0,lsnm2024_ddos_udp
2024-02-26 12:59:40.000000000,BENIGN,0,1.0,25.0,505.0,14405000000.0,50000000.0,20.2,0.0,6.0,lsnm2024_ddos_udp
2024-02-26 12:59:40.000000000,BENIGN,0,1.0,25.0,505.0,14405000000.0,50000000.0,20.2,0.0,6.0,lsnm2024_ddos_udp
2024-02-26 12:59:40.000000000,BENIGN,0,1.0,25.0,505.0,13073000000.0,50000000.0,20.2,0.0,6.0,lsnm2024_ddos_udp
2024-02-26 12:59:40.000000000,BENIGN,0,1.0,25.0,505.0,14405000000.0,50000000.0,20.2,0.0,6.0,lsnm2024_ddos_udp
2024-02-26 12:59:40.000000000,BENIGN,0,1.0,26.0,505.0,11625000000.0,50000000.0,19.423076923076923,0.0,6.0,lsnm2024_ddos_udp
2024-02-26 12:59:40.000000000,BENIGN,0,1.0,24.0,404.0,14304000000.0,50000000.0,16.833333333333332,0.0,6.0,lsnm2024_ddos_udp
2024-02-26 12:59:40.000000000,BENIGN,0,1.0,25.0,505.0,14405000000.0,50000000.0,20.2,0.0,6.0,lsnm2024_ddos_udp
2024-02-26 12:59:40.000000000,BENIGN,0,1.0,25.0,505.0,14405000000.0,50000000.0,20.2,0.0,6.0,lsnm2024_ddos_udp
2024-02-26 12:59:40.000000000,BENIGN,0,1.0,25.0,505.0,14405000000.0,50000000.0,20.2,0.0,6.0,lsnm2024_ddos_udp
2024-02-26 12:59:40.000000000,BENIGN,0,1.0,25.0,505.0,14405000000.0,50000000.0,20.2,0.0,6.0,lsnm2024_ddos_udp
2024-02-26 12:59:40.000000000,BENIGN,0,1.0,25.0,505.0,14405000000.0,50000000.0,20.2,0.0,6.0,lsnm2024_ddos_udp
2024-02-26 12:59:40.000000000,BENIGN,0,1.0,26.0,505.0,14405000000.0,50000000.0,19.423076923076923,0.0,6.0,lsnm2024_ddos_udp
2024-02-26 12:59:40.000000000,BENIGN,0,1.0,25.0,505.0,14405000000.0,50000000.0,20.2,0.0,6.0,lsnm2024_ddos_udp
2024-02-26 12:59:40.000000000,BENIGN,0,1.0,26.0,505.0,11625000000.0,50000000.0,19.423076923076923,0.0,6.0,lsnm2024_ddos_udp
2024-02-26 12:59:40.000000000,BENIGN,0,1.0,25.0,505.0,14405000000.0,50000000.0,20.2,0.0,6.0,lsnm2024_ddos_udp
2024-02-26 12:59:40.000000000,BENIGN,0,1.0,26.0,505.0,14405000000.0,50000000.0,19.423076923076923,0.0,6.0,lsnm2024_ddos_udp
2024-02-26 12:59:40.000000000,BENIGN,0,1.0,24.0,505.0,14405000000.0,50000000.0,21.041666666666668,0.0,6.0,lsnm2024_ddos_udp
2024-02-26 12:59:40.000000000,BENIGN,0,1.0,25.0,505.0,14405000000.0,50000000.0,20.2,0.0,6.0,lsnm2024_ddos_udp
2024-02-26 12:59:40.000000000,BENIGN,0,1.0,25.0,404.0,14304000000.0,50000000.0,16.16,0.0,6.0,lsnm2024_ddos_udp
2024-02-26 12:59:40.000000000,BENIGN,0,1.0,25.0,404.0,14304000000.0,50000000.0,16.16,0.0,6.0,lsnm2024_ddos_udp
2024-02-26 12:59:40.000000000,BENIGN,0,1.0,26.0,505.0,11625000000.0,50000000.0,19.423076923076923,0.0,6.0,lsnm2024_ddos_udp
2024-02-26 12:59:40.000000000,BENIGN,0,1.0,25.0,505.0,14405000000.0,50000000.0,20.2,0.0,6.0,lsnm2024_ddos_udp
2024-02-26 12:59:40.000000000,BENIGN,0,1.0,25.0,505.0,14405000000.0,50000000.0,20.2,0.0,6.0,lsnm2024_ddos_udp
2024-02-26 12:59:40.000000000,BENIGN,0,1.0,25.0,505.0,14405000000.0,50000000.0,20.2,0.0,6.0,lsnm2024_ddos_udp
2024-02-26 12:59:40.000000000,BENIGN,0,1.0,25.0,505.0,14405000000.0,50000000.0,20.2,0.0,6.0,lsnm2024_ddos_udp
2024-02-26 12:59:40.000000000,BENIGN,0,1.0,25.0,505.0,14405000000.0,50000000.0,20.2,0.0,6.0,lsnm2024_ddos_udp
2024-02-26 12:59:40.000000000,BENIGN,0,1.0,24.0,505.0,14405000000.0,50000000.0,21.041666666666668,0.0,6.0,lsnm2024_ddos_udp
2024-02-26 12:59:40.000000000,BENIGN,0,1.0,25.0,505.0,14405000000.0,50000000.0,20.2,0.0,6.0,lsnm2024_ddos_udp
2024-02-26 12:59:40.000000000,BENIGN,0,1.0,25.0,505.0,14405000000.0,50000000.0,20.2,0.0,6.0,lsnm2024_ddos_udp
2024-02-26 12:59:40.000000000,BENIGN,0,1.0,25.0,505.0,13073000000.0,50000000.0,20.2,0.0,6.0,lsnm2024_ddos_udp
2024-02-26 12:59:40.000000000,BENIGN,0,1.0,24.0,505.0,14405000000.0,50000000.0,21.041666666666668,0.0,6.0,lsnm2024_ddos_udp
2024-02-26 12:59:41.000000000,BENIGN,0,1.0,25.0,505.0,14405000000.0,50000000.0,20.2,0.0,6.0,lsnm2024_ddos_udp
2024-02-26 12:59:41.000000000,BENIGN,0,1.0,25.0,505.0,14405000000.0,50000000.0,20.2,0.0,6.0,lsnm2024_ddos_udp
2024-02-26 12:59:41.000000000,BENIGN,0,1.0,25.0,505.0,14405000000.0,50000000.0,20.2,0.0,6.0,lsnm2024_ddos_udp
2024-02-26 12:59:41.000000000,BENIGN,0,1.0,26.0,505.0,14405000000.0,50000000.0,19.423076923076923,0.0,6.0,lsnm2024_ddos_udp
2024-02-26 12:59:41.000000000,BENIGN,0,1.0,25.0,505.0,14405000000.0,50000000.0,20.2,0.0,6.0,lsnm2024_ddos_udp
2024-02-26 12:59:41.000000000,BENIGN,0,1.0,24.0,505.0,14405000000.0,50000000.0,21.041666666666668,0.0,6.0,lsnm2024_ddos_udp
2024-02-26 12:59:41.000000000,BENIGN,0,1.0,25.0,404.0,14304000000.0,50000000.0,16.16,0.0,6.0,lsnm2024_ddos_udp
2024-02-26 12:59:41.000000000,BENIGN,0,1.0,25.0,505.0,14405000000.0,50000000.0,20.2,0.0,6.0,lsnm2024_ddos_udp
2024-02-26 12:59:41.000000000,BENIGN,0,1.0,25.0,505.0,14405000000.0,50000000.0,20.2,0.0,6.0,lsnm2024_ddos_udp
2024-02-26 12:59:41.000000000,BENIGN,0,1.0,25.0,505.0,14405000000.0,50000000.0,20.2,0.0,6.0,lsnm2024_ddos_udp
2024-02-26 12:59:41.000000000,BENIGN,0,1.0,25.0,505.0,14405000000.0,50000000.0,20.2,0.0,6.0,lsnm2024_ddos_udp
2024-02-26 12:59:41.000000000,BENIGN,0,1.0,25.0,505.0,14405000000.0,50000000.0,20.2,0.0,6.0,lsnm2024_ddos_udp
2024-02-26 12:59:41.000000000,BENIGN,0,1.0,25.0,505.0,14405000000.0,50000000.0,20.2,0.0,6.0,lsnm2024_ddos_udp
2024-02-26 12:59:41.000000000,BENIGN,0,1.0,24.0,505.0,14405000000.0,50000000.0,21.041666666666668,0.0,6.0,lsnm2024_ddos_udp
2024-02-26 12:59:41.000000000,BENIGN,0,1.0,25.0,505.0,14405000000.0,50000000.0,20.2,0.0,6.0,lsnm2024_ddos_udp
2024-02-26 12:59:41.000000000,BENIGN,0,1.0,25.0,505.0,14405000000.0,50000000.0,20.2,0.0,6.0,lsnm2024_ddos_udp
2024-02-26 12:59:41.000000000,BENIGN,0,1.0,25.0,505.0,14405000000.0,50000000.0,20.2,0.0,6.0,lsnm2024_ddos_udp
2024-02-26 12:59:41.000000000,BENIGN,0,1.0,25.0,505.0,14405000000.0,50000000.0,20.2,0.0,6.0,lsnm2024_ddos_udp
2024-02-26 12:59:41.000000000,BENIGN,0,1.0,25.0,505.0,14405000000.0,50000000.0,20.2,0.0,6.0,lsnm2024_ddos_udp
2024-02-26 12:59:41.000000000,BENIGN,0,1.0,25.0,505.0,14405000000.0,50000000.0,20.2,0.0,6.0,lsnm2024_ddos_udp
2024-02-26 12:59:41.000000000,BENIGN,0,1.0,25.0,404.0,14304000000.0,50000000.0,16.16,0.0,6.0,lsnm2024_ddos_udp
2024-02-26 12:59:41.000000000,BENIGN,0,1.0,25.0,505.0,14405000000.0,50000000.0,20.2,0.0,6.0,lsnm2024_ddos_udp
2024-02-26 12:59:41.000000000,BENIGN,0,1.0,24.0,404.0,14304000000.0,50000000.0,16.833333333333332,0.0,6.0,lsnm2024_ddos_udp
2024-02-26 12:59:41.000000000,BENIGN,0,1.0,24.0,505.0,14405000000.0,50000000.0,21.041666666666668,0.0,6.0,lsnm2024_ddos_udp
2024-02-26 12:59:41.000000000,BENIGN,0,1.0,26.0,404.0,14304000000.0,50000000.0,15.538461538461538,0.0,6.0,lsnm2024_ddos_udp
2024-02-26 12:59:41.000000000,BENIGN,0,1.0,25.0,505.0,14405000000.0,50000000.0,20.2,0.0,6.0,lsnm2024_ddos_udp
2024-02-26 12:59:41.000000000,BENIGN,0,1.0,25.0,505.0,14405000000.0,50000000.0,20.2,0.0,6.0,lsnm2024_ddos_udp
2024-02-26 12:59:41.000000000,BENIGN,0,1.0,25.0,505.0,14405000000.0,50000000.0,20.2,0.0,6.0,lsnm2024_ddos_udp
2024-02-26 12:59:41.000000000,BENIGN,0,1.0,24.0,505.0,14405000000.0,50000000.0,21.041666666666668,0.0,6.0,lsnm2024_ddos_udp
2024-02-26 12:59:41.000000000,BENIGN,0,1.0,26.0,505.0,14405000000.0,50000000.0,19.423076923076923,0.0,6.0,lsnm2024_ddos_udp
2024-02-26 12:59:41.000000000,BENIGN,0,1.0,25.0,505.0,14405000000.0,50000000.0,20.2,0.0,6.0,lsnm2024_ddos_udp
2024-02-26 12:59:41.000000000,BENIGN,0,1.0,26.0,505.0,14405000000.0,50000000.0,19.423076923076923,0.0,6.0,lsnm2024_ddos_udp
2024-02-26 12:59:41.000000000,BENIGN,0,1.0,25.0,505.0,14405000000.0,50000000.0,20.2,0.0,6.0,lsnm2024_ddos_udp
2024-02-26 12:59:41.000000000,BENIGN,0,1.0,25.0,505.0,14405000000.0,50000000.0,20.2,0.0,6.0,lsnm2024_ddos_udp
2024-02-26 12:59:42.000000000,BENIGN,0,1.0,25.0,505.0,14405000000.0,50000000.0,20.2,0.0,6.0,lsnm2024_ddos_udp
2024-02-26 12:59:42.000000000,BENIGN,0,1.0,25.0,505.0,14405000000.0,50000000.0,20.2,0.0,6.0,lsnm2024_ddos_udp
2024-02-26 12:59:42.000000000,BENIGN,0,1.0,26.0,505.0,11625000000.0,50000000.0,19.423076923076923,0.0,6.0,lsnm2024_ddos_udp
2024-02-26 12:59:42.000000000,BENIGN,0,1.0,25.0,505.0,14405000000.0,50000000.0,20.2,0.0,6.0,lsnm2024_ddos_udp
2024-02-26 12:59:42.000000000,BENIGN,0,1.0,25.0,505.0,14405000000.0,50000000.0,20.2,0.0,6.0,lsnm2024_ddos_udp
2024-02-26 12:59:42.000000000,BENIGN,0,1.0,25.0,505.0,14405000000.0,50000000.0,20.2,0.0,6.0,lsnm2024_ddos_udp
2024-02-26 12:59:42.000000000,BENIGN,0,1.0,24.0,505.0,14405000000.0,50000000.0,21.041666666666668,0.0,6.0,lsnm2024_ddos_udp
2024-02-26 12:59:42.000000000,BENIGN,0,1.0,25.0,505.0,14405000000.0,50000000.0,20.2,0.0,6.0,lsnm2024_ddos_udp
2024-02-26 12:59:42.000000000,BENIGN,0,1.0,26.0,505.0,11625000000.0,50000000.0,19.423076923076923,0.0,6.0,lsnm2024_ddos_udp
2024-02-26 12:59:42.000000000,BENIGN,0,1.0,25.0,505.0,14405000000.0,50000000.0,20.2,0.0,6.0,lsnm2024_ddos_udp
2024-02-26 12:59:42.000000000,BENIGN,0,1.0,25.0,505.0,14405000000.0,50000000.0,20.2,0.0,6.0,lsnm2024_ddos_udp
2024-02-26 12:59:42.000000000,BENIGN,0,1.0,25.0,505.0,14405000000.0,50000000.0,20.2,0.0,6.0,lsnm2024_ddos_udp
2024-02-26 12:59:42.000000000,BENIGN,0,1.0,25.0,505.0,14405000000.0,50000000.0,20.2,0.0,6.0,lsnm2024_ddos_udp
2024-02-26 12:59:42.000000000,BENIGN,0,1.0,25.0,505.0,14405000000.0,50000000.0,20.2,0.0,6.0,lsnm2024_ddos_udp
2024-02-26 12:59:42.000000000,BENIGN,0,1.0,25.0,505.0,14405000000.0,50000000.0,20.2,0.0,6.0,lsnm2024_ddos_udp
2024-02-26 12:59:42.000000000,BENIGN,0,1.0,24.0,505.0,14405000000.0,50000000.0,21.041666666666668,0.0,6.0,lsnm2024_ddos_udp
2024-02-26 12:59:42.000000000,BENIGN,0,1.0,25.0,505.0,14405000000.0,50000000.0,20.2,0.0,6.0,lsnm2024_ddos_udp
2024-02-26 12:59:42.000000000,BENIGN,0,1.0,25.0,505.0,14405000000.0,50000000.0,20.2,0.0,6.0,lsnm2024_ddos_udp
2024-02-26 12:59:42.000000000,BENIGN,0,1.0,25.0,505.0,14405000000.0,50000000.0,20.2,0.0,6.0,lsnm2024_ddos_udp
2024-02-26 12:59:42.000000000,BENIGN,0,1.0,25.0,505.0,14405000000.0,50000000.0,20.2,0.0,6.0,lsnm2024_ddos_udp
2024-02-26 12:59:42.000000000,BENIGN,0,1.0,24.0,505.0,14405000000.0,50000000.0,21.041666666666668,0.0,6.0,lsnm2024_ddos_udp
2024-02-26 12:59:42.000000000,BENIGN,0,1.0,25.0,505.0,14405000000.0,50000000.0,20.2,0.0,6.0,lsnm2024_ddos_udp
2024-02-26 12:59:42.000000000,BENIGN,0,1.0,25.0,505.0,14405000000.0,50000000.0,20.2,0.0,6.0,lsnm2024_ddos_udp
2024-02-26 12:59:42.000000000,BENIGN,0,1.0,25.0,404.0,11524000000.0,50000000.0,16.16,0.0,6.0,lsnm2024_ddos_udp
2024-02-26 12:59:43.000000000,BENIGN,0,1.0,25.0,505.0,14405000000.0,50000000.0,20.2,0.0,6.0,lsnm2024_ddos_udp
2024-02-26 12:59:43.000000000,BENIGN,0,1.0,25.0,505.0,14405000000.0,50000000.0,20.2,0.0,6.0,lsnm2024_ddos_udp
2024-02-26 12:59:43.000000000,BENIGN,0,1.0,25.0,505.0,14405000000.0,50000000.0,20.2,0.0,6.0,lsnm2024_ddos_udp
2024-02-26 12:59:43.000000000,BENIGN,0,1.0,25.0,505.0,14405000000.0,50000000.0,20.2,0.0,6.0,lsnm2024_ddos_udp
2024-02-26 12:59:43.000000000,BENIGN,0,1.0,25.0,505.0,14405000000.0,50000000.0,20.2,0.0,6.0,lsnm2024_ddos_udp
2024-02-26 12:59:43.000000000,BENIGN,0,1.0,25.0,505.0,14405000000.0,50000000.0,20.2,0.0,6.0,lsnm2024_ddos_udp
2024-02-26 12:59:43.000000000,BENIGN,0,1.0,25.0,505.0,14405000000.0,50000000.0,20.2,0.0,6.0,lsnm2024_ddos_udp
2024-02-26 12:59:43.000000000,BENIGN,0,1.0,25.0,505.0,14405000000.0,50000000.0,20.2,0.0,6.0,lsnm2024_ddos_udp
2024-02-26 12:59:43.000000000,BENIGN,0,1.0,24.0,505.0,14405000000.0,50000000.0,21.041666666666668,0.0,6.0,lsnm2024_ddos_udp
2024-02-26 12:59:43.000000000,BENIGN,0,1.0,25.0,505.0,14405000000.0,50000000.0,20.2,0.0,6.0,lsnm2024_ddos_udp
2024-02-26 12:59:43.000000000,BENIGN,0,1.0,25.0,505.0,14405000000.0,50000000.0,20.2,0.0,6.0,lsnm2024_ddos_udp
2024-02-26 12:59:43.000000000,BENIGN,0,1.0,25.0,505.0,14405000000.0,50000000.0,20.2,0.0,6.0,lsnm2024_ddos_udp
2024-02-26 12:59:43.000000000,BENIGN,0,1.0,26.0,505.0,14405000000.0,50000000.0,19.423076923076923,0.0,6.0,lsnm2024_ddos_udp
2024-02-26 12:59:43.000000000,BENIGN,0,1.0,24.0,404.0,14304000000.0,50000000.0,16.833333333333332,0.0,6.0,lsnm2024_ddos_udp
2024-02-26 12:59:43.000000000,BENIGN,0,1.0,25.0,505.0,14405000000.0,50000000.0,20.2,0.0,6.0,lsnm2024_ddos_udp
2024-02-26 12:59:43.000000000,BENIGN,0,1.0,25.0,505.0,14405000000.0,50000000.0,20.2,0.0,6.0,lsnm2024_ddos_udp
2024-02-26 12:59:43.000000000,BENIGN,0,1.0,25.0,505.0,14405000000.0,50000000.0,20.2,0.0,6.0,lsnm2024_ddos_udp
2024-02-26 12:59:43.000000000,BENIGN,0,1.0,25.0,505.0,14405000000.0,50000000.0,20.2,0.0,6.0,lsnm2024_ddos_udp
2024-02-26 12:59:43.000000000,BENIGN,0,1.0,25.0,505.0,14405000000.0,50000000.0,20.2,0.0,6.0,lsnm2024_ddos_udp
2024-02-26 12:59:43.000000000,BENIGN,0,1.0,25.0,505.0,14405000000.0,50000000.0,20.2,0.0,6.0,lsnm2024_ddos_udp
2024-02-26 12:59:43.000000000,BENIGN,0,1.0,25.0,505.0,14405000000.0,50000000.0,20.2,0.0,6.0,lsnm2024_ddos_udp
2024-02-26 12:59:43.000000000,BENIGN,0,1.0,25.0,505.0,14405000000.0,50000000.0,20.2,0.0,6.0,lsnm2024_ddos_udp
2024-02-26 12:59:43.000000000,BENIGN,0,1.0,25.0,505.0,14405000000.0,50000000.0,20.2,0.0,6.0,lsnm2024_ddos_udp
2024-02-26 12:59:43.000000000,BENIGN,0,1.0,26.0,505.0,14405000000.0,50000000.0,19.423076923076923,0.0,6.0,lsnm2024_ddos_udp
2024-02-26 12:59:43.000000000,BENIGN,0,1.0,26.0,505.0,14405000000.0,50000000.0,19.423076923076923,0.0,6.0,lsnm2024_ddos_udp
2024-02-26 12:59:44.000000000,BENIGN,0,1.0,25.0,505.0,14405000000.0,50000000.0,20.2,0.0,6.0,lsnm2024_ddos_udp
2024-02-26 12:59:44.000000000,BENIGN,0,1.0,25.0,505.0,14405000000.0,50000000.0,20.2,0.0,6.0,lsnm2024_ddos_udp
2024-02-26 12:59:44.000000000,BENIGN,0,1.0,25.0,404.0,14304000000.0,50000000.0,16.16,0.0,6.0,lsnm2024_ddos_udp
2024-02-26 12:59:44.000000000,BENIGN,0,1.0,25.0,505.0,14405000000.0,50000000.0,20.2,0.0,6.0,lsnm2024_ddos_udp
2024-02-26 12:59:44.000000000,BENIGN,0,1.0,25.0,505.0,14405000000.0,50000000.0,20.2,0.0,6.0,lsnm2024_ddos_udp
2024-02-26 12:59:44.000000000,BENIGN,0,1.0,25.0,505.0,14405000000.0,50000000.0,20.2,0.0,6.0,lsnm2024_ddos_udp
2024-02-26 12:59:44.000000000,BENIGN,0,1.0,25.0,505.0,14405000000.0,50000000.0,20.2,0.0,6.0,lsnm2024_ddos_udp
2024-02-26 12:59:44.000000000,BENIGN,0,1.0,25.0,505.0,14405000000.0,50000000.0,20.2,0.0,6.0,lsnm2024_ddos_udp
2024-02-26 12:59:44.000000000,BENIGN,0,1.0,25.0,505.0,14405000000.0,50000000.0,20.2,0.0,6.0,lsnm2024_ddos_udp
2024-02-26 12:59:44.000000000,BENIGN,0,1.0,25.0,505.0,14405000000.0,50000000.0,20.2,0.0,6.0,lsnm2024_ddos_udp
2024-02-26 12:59:44.000000000,BENIGN,0,1.0,25.0,505.0,11625000000.0,50000000.0,20.2,0.0,6.0,lsnm2024_ddos_udp
2024-02-26 12:59:44.000000000,BENIGN,0,1.0,25.0,404.0,14304000000.0,50000000.0,16.16,0.0,6.0,lsnm2024_ddos_udp
2024-02-26 12:59:44.000000000,BENIGN,0,1.0,25.0,505.0,14405000000.0,50000000.0,20.2,0.0,6.0,lsnm2024_ddos_udp
2024-02-26 12:59:44.000000000,BENIGN,0,1.0,25.0,404.0,14304000000.0,50000000.0,16.16,0.0,6.0,lsnm2024_ddos_udp
2024-02-26 12:59:44.000000000,BENIGN,0,1.0,25.0,505.0,14405000000.0,50000000.0,20.2,0.0,6.0,lsnm2024_ddos_udp
2024-02-26 12:59:44.000000000,BENIGN,0,1.0,25.0,505.0,14405000000.0,50000000.0,20.2,0.0,6.0,lsnm2024_ddos_udp
2024-02-26 12:59:44.000000000,BENIGN,0,1.0,25.0,505.0,14405000000.0,50000000.0,20.2,0.0,6.0,lsnm2024_ddos_udp
2024-02-26 12:59:44.000000000,BENIGN,0,1.0,25.0,505.0,14405000000.0,50000000.0,20.2,0.0,6.0,lsnm2024_ddos_udp
2024-02-26 12:59:45.000000000,BENIGN,0,1.0,25.0,505.0,14405000000.0,50000000.0,20.2,0.0,6.0,lsnm2024_ddos_udp
2024-02-26 12:59:45.000000000,BENIGN,0,1.0,25.0,505.0,14405000000.0,50000000.0,20.2,0.0,6.0,lsnm2024_ddos_udp
2024-02-26 12:59:45.000000000,BENIGN,0,1.0,25.0,505.0,14405000000.0,50000000.0,20.2,0.0,6.0,lsnm2024_ddos_udp
2024-02-26 12:59:45.000000000,BENIGN,0,1.0,25.0,505.0,14405000000.0,50000000.0,20.2,0.0,6.0,lsnm2024_ddos_udp
2024-02-26 12:59:45.000000000,BENIGN,0,1.0,25.0,505.0,14405000000.0,50000000.0,20.2,0.0,6.0,lsnm2024_ddos_udp
2024-02-26 12:59:45.000000000,BENIGN,0,1.0,25.0,505.0,14405000000.0,50000000.0,20.2,0.0,6.0,lsnm2024_ddos_udp
2024-02-26 12:59:45.000000000,BENIGN,0,1.0,25.0,505.0,14405000000.0,50000000.0,20.2,0.0,6.0,lsnm2024_ddos_udp
2024-02-26 12:59:45.000000000,BENIGN,0,1.0,25.0,505.0,14405000000.0,50000000.0,20.2,0.0,6.0,lsnm2024_ddos_udp
2024-02-26 12:59:45.000000000,BENIGN,0,1.0,25.0,505.0,14405000000.0,50000000.0,20.2,0.0,6.0,lsnm2024_ddos_udp
2024-02-26 12:59:45.000000000,BENIGN,0,1.0,25.0,505.0,14405000000.0,50000000.0,20.2,0.0,6.0,lsnm2024_ddos_udp
2024-02-26 12:59:45.000000000,BENIGN,0,1.0,25.0,505.0,14405000000.0,50000000.0,20.2,0.0,6.0,lsnm2024_ddos_udp
2024-02-26 12:59:45.000000000,BENIGN,0,1.0,25.0,505.0,14405000000.0,50000000.0,20.2,0.0,6.0,lsnm2024_ddos_udp
2024-02-26 12:59:45.000000000,BENIGN,0,1.0,25.0,505.0,14405000000.0,50000000.0,20.2,0.0,6.0,lsnm2024_ddos_udp
2024-02-26 12:59:45.000000000,BENIGN,0,1.0,24.0,505.0,14405000000.0,50000000.0,21.041666666666668,0.0,6.0,lsnm2024_ddos_udp
2024-02-26 12:59:45.000000000,BENIGN,0,1.0,25.0,505.0,14405000000.0,50000000.0,20.2,0.0,6.0,lsnm2024_ddos_udp
2024-02-26 12:59:45.000000000,BENIGN,0,1.0,25.0,505.0,14405000000.0,50000000.0,20.2,0.0,6.0,lsnm2024_ddos_udp
2024-02-26 12:59:45.000000000,BENIGN,0,1.0,25.0,505.0,14405000000.0,50000000.0,20.2,0.0,6.0,lsnm2024_ddos_udp
2024-02-26 12:59:45.000000000,BENIGN,0,1.0,25.0,505.0,14405000000.0,50000000.0,20.2,0.0,6.0,lsnm2024_ddos_udp
2024-02-26 12:59:45.000000000,BENIGN,0,1.0,25.0,505.0,14405000000.0,50000000.0,20.2,0.0,6.0,lsnm2024_ddos_udp
2024-02-26 12:59:46.000000000,BENIGN,0,1.0,25.0,505.0,14405000000.0,50000000.0,20.2,0.0,6.0,lsnm2024_ddos_udp
2024-02-26 12:59:46.000000000,BENIGN,0,1.0,25.0,505.0,14405000000.0,50000000.0,20.2,0.0,6.0,lsnm2024_ddos_udp
2024-02-26 12:59:46.000000000,BENIGN,0,1.0,25.0,505.0,14405000000.0,50000000.0,20.2,0.0,6.0,lsnm2024_ddos_udp
2024-02-26 12:59:46.000000000,BENIGN,0,1.0,25.0,505.0,14405000000.0,50000000.0,20.2,0.0,6.0,lsnm2024_ddos_udp
2024-02-26 12:59:46.000000000,BENIGN,0,1.0,24.0,505.0,14405000000.0,50000000.0,21.041666666666668,0.0,6.0,lsnm2024_ddos_udp
2024-02-26 12:59:46.000000000,BENIGN,0,1.0,25.0,505.0,14405000000.0,50000000.0,20.2,0.0,6.0,lsnm2024_ddos_udp
2024-02-26 12:59:46.000000000,BENIGN,0,1.0,25.0,505.0,14405000000.0,50000000.0,20.2,0.0,6.0,lsnm2024_ddos_udp
2024-02-26 12:59:46.000000000,BENIGN,0,1.0,25.0,505.0,14405000000.0,50000000.0,20.2,0.0,6.0,lsnm2024_ddos_udp
2024-02-26 12:59:46.000000000,BENIGN,0,1.0,25.0,505.0,14405000000.0,50000000.0,20.2,0.0,6.0,lsnm2024_ddos_udp
2024-02-26 12:59:46.000000000,BENIGN,0,1.0,25.0,505.0,14405000000.0,50000000.0,20.2,0.0,6.0,lsnm2024_ddos_udp
2024-02-26 12:59:46.000000000,BENIGN,0,1.0,25.0,505.0,14405000000.0,50000000.0,20.2,0.0,6.0,lsnm2024_ddos_udp
2024-02-26 12:59:46.000000000,BENIGN,0,1.0,26.0,505.0,11625000000.0,50000000.0,19.423076923076923,0.0,6.0,lsnm2024_ddos_udp
2024-02-26 12:59:46.000000000,BENIGN,0,1.0,25.0,505.0,14405000000.0,50000000.0,20.2,0.0,6.0,lsnm2024_ddos_udp
2024-02-26 12:59:46.000000000,BENIGN,0,1.0,25.0,505.0,14405000000.0,50000000.0,20.2,0.0,6.0,lsnm2024_ddos_udp
2024-02-26 12:59:46.000000000,BENIGN,0,1.0,25.0,505.0,14405000000.0,50000000.0,20.2,0.0,6.0,lsnm2024_ddos_udp
2024-02-26 12:59:46.000000000,BENIGN,0,1.0,27.0,505.0,14405000000.0,50000000.0,18.703703703703702,0.0,6.0,lsnm2024_ddos_udp
2024-02-26 12:59:46.000000000,BENIGN,0,1.0,25.0,505.0,14405000000.0,50000000.0,20.2,0.0,6.0,lsnm2024_ddos_udp
2024-02-26 12:59:46.000000000,BENIGN,0,1.0,25.0,505.0,14405000000.0,50000000.0,20.2,0.0,6.0,lsnm2024_ddos_udp
2024-02-26 12:59:46.000000000,BENIGN,0,1.0,25.0,505.0,14405000000.0,50000000.0,20.2,0.0,6.0,lsnm2024_ddos_udp
2024-02-26 12:59:46.000000000,BENIGN,0,1.0,26.0,505.0,11625000000.0,50000000.0,19.423076923076923,0.0,6.0,lsnm2024_ddos_udp
2024-02-26 12:59:46.000000000,BENIGN,0,1.0,26.0,505.0,14405000000.0,50000000.0,19.423076923076923,0.0,6.0,lsnm2024_ddos_udp
2024-02-26 12:59:46.000000000,BENIGN,0,1.0,25.0,505.0,14405000000.0,50000000.0,20.2,0.0,6.0,lsnm2024_ddos_udp
2024-02-26 12:59:46.000000000,BENIGN,0,1.0,26.0,505.0,11625000000.0,50000000.0,19.423076923076923,0.0,6.0,lsnm2024_ddos_udp
2024-02-26 12:59:47.000000000,BENIGN,0,1.0,25.0,505.0,14405000000.0,50000000.0,20.2,0.0,6.0,lsnm2024_ddos_udp
2024-02-26 12:59:47.000000000,BENIGN,0,1.0,25.0,505.0,14405000000.0,50000000.0,20.2,0.0,6.0,lsnm2024_ddos_udp
2024-02-26 12:59:47.000000000,BENIGN,0,1.0,25.0,505.0,14405000000.0,50000000.0,20.2,0.0,6.0,lsnm2024_ddos_udp
2024-02-26 12:59:47.000000000,BENIGN,0,1.0,25.0,505.0,13073000000.0,50000000.0,20.2,0.0,6.0,lsnm2024_ddos_udp
2024-02-26 12:59:47.000000000,BENIGN,0,1.0,25.0,505.0,14405000000.0,50000000.0,20.2,0.0,6.0,lsnm2024_ddos_udp
2024-02-26 12:59:47.000000000,BENIGN,0,1.0,25.0,404.0,14304000000.0,50000000.0,16.16,0.0,6.0,lsnm2024_ddos_udp
2024-02-26 12:59:47.000000000,BENIGN,0,1.0,25.0,505.0,14405000000.0,50000000.0,20.2,0.0,6.0,lsnm2024_ddos_udp
2024-02-26 12:59:47.000000000,BENIGN,0,1.0,25.0,505.0,11625000000.0,50000000.0,20.2,0.0,6.0,lsnm2024_ddos_udp
2024-02-26 12:59:47.000000000,BENIGN,0,1.0,25.0,505.0,14405000000.0,50000000.0,20.2,0.0,6.0,lsnm2024_ddos_udp
2024-02-26 12:59:47.000000000,BENIGN,0,1.0,25.0,505.0,14405000000.0,50000000.0,20.2,0.0,6.0,lsnm2024_ddos_udp
2024-02-26 12:59:47.000000000,BENIGN,0,1.0,25.0,505.0,14405000000.0,50000000.0,20.2,0.0,6.0,lsnm2024_ddos_udp
2024-02-26 12:59:47.000000000,BENIGN,0,1.0,24.0,505.0,14405000000.0,50000000.0,21.041666666666668,0.0,6.0,lsnm2024_ddos_udp
2024-02-26 12:59:47.000000000,BENIGN,0,1.0,25.0,505.0,14405000000.0,50000000.0,20.2,0.0,6.0,lsnm2024_ddos_udp
2024-02-26 12:59:47.000000000,BENIGN,0,1.0,27.0,505.0,11625000000.0,50000000.0,18.703703703703702,0.0,6.0,lsnm2024_ddos_udp
2024-02-26 12:59:47.000000000,BENIGN,0,1.0,25.0,505.0,14405000000.0,50000000.0,20.2,0.0,6.0,lsnm2024_ddos_udp
2024-02-26 12:59:47.000000000,BENIGN,0,1.0,25.0,505.0,14405000000.0,50000000.0,20.2,0.0,6.0,lsnm2024_ddos_udp
2024-02-26 12:59:47.000000000,BENIGN,0,1.0,25.0,505.0,14405000000.0,50000000.0,20.2,0.0,6.0,lsnm2024_ddos_udp
2024-02-26 12:59:47.000000000,BENIGN,0,1.0,25.0,505.0,14405000000.0,50000000.0,20.2,0.0,6.0,lsnm2024_ddos_udp
2024-02-26 12:59:47.000000000,BENIGN,0,1.0,26.0,505.0,11625000000.0,50000000.0,19.423076923076923,0.0,6.0,lsnm2024_ddos_udp
2024-02-26 12:59:47.000000000,BENIGN,0,1.0,25.0,404.0,14304000000.0,50000000.0,16.16,0.0,6.0,lsnm2024_ddos_udp
2024-02-26 12:59:47.000000000,BENIGN,0,1.0,25.0,505.0,14405000000.0,50000000.0,20.2,0.0,6.0,lsnm2024_ddos_udp
2024-02-26 12:59:47.000000000,BENIGN,0,1.0,25.0,404.0,11524000000.0,50000000.0,16.16,0.0,6.0,lsnm2024_ddos_udp
2024-02-26 12:59:47.000000000,BENIGN,0,1.0,24.0,505.0,14405000000.0,50000000.0,21.041666666666668,0.0,6.0,lsnm2024_ddos_udp
2024-02-26 12:59:47.000000000,BENIGN,0,1.0,25.0,505.0,14405000000.0,50000000.0,20.2,0.0,6.0,lsnm2024_ddos_udp
2024-02-26 12:59:47.000000000,BENIGN,0,1.0,25.0,505.0,14405000000.0,50000000.0,20.2,0.0,6.0,lsnm2024_ddos_udp
2024-02-26 12:59:47.000000000,BENIGN,0,1.0,25.0,505.0,14405000000.0,50000000.0,20.2,0.0,6.0,lsnm2024_ddos_udp
2024-02-26 12:59:47.000000000,BENIGN,0,1.0,25.0,505.0,14405000000.0,50000000.0,20.2,0.0,6.0,lsnm2024_ddos_udp
2024-02-26 12:59:47.000000000,BENIGN,0,1.0,26.0,505.0,11625000000.0,50000000.0,19.423076923076923,0.0,6.0,lsnm2024_ddos_udp
2024-02-26 12:59:47.000000000,BENIGN,0,1.0,25.0,505.0,14405000000.0,50000000.0,20.2,0.0,6.0,lsnm2024_ddos_udp
2024-02-26 12:59:47.000000000,BENIGN,0,1.0,26.0,505.0,11625000000.0,50000000.0,19.423076923076923,0.0,6.0,lsnm2024_ddos_udp
2024-02-26 12:59:47.000000000,BENIGN,0,1.0,25.0,505.0,14405000000.0,50000000.0,20.2,0.0,6.0,lsnm2024_ddos_udp
2024-02-26 12:59:47.000000000,BENIGN,0,1.0,25.0,505.0,14405000000.0,50000000.0,20.2,0.0,6.0,lsnm2024_ddos_udp
2024-02-26 12:59:48.000000000,BENIGN,0,1.0,25.0,505.0,14405000000.0,50000000.0,20.2,0.0,6.0,lsnm2024_ddos_udp
2024-02-26 12:59:48.000000000,BENIGN,0,1.0,25.0,404.0,14304000000.0,50000000.0,16.16,0.0,6.0,lsnm2024_ddos_udp
2024-02-26 12:59:48.000000000,BENIGN,0,1.0,25.0,505.0,14405000000.0,50000000.0,20.2,0.0,6.0,lsnm2024_ddos_udp
2024-02-26 12:59:48.000000000,BENIGN,0,1.0,25.0,505.0,14405000000.0,50000000.0,20.2,0.0,6.0,lsnm2024_ddos_udp
2024-02-26 12:59:48.000000000,BENIGN,0,1.0,25.0,404.0,14304000000.0,50000000.0,16.16,0.0,6.0,lsnm2024_ddos_udp
2024-02-26 12:59:48.000000000,BENIGN,0,1.0,24.0,505.0,14405000000.0,50000000.0,21.041666666666668,0.0,6.0,lsnm2024_ddos_udp
2024-02-26 12:59:48.000000000,BENIGN,0,1.0,25.0,505.0,14405000000.0,50000000.0,20.2,0.0,6.0,lsnm2024_ddos_udp
2024-02-26 12:59:48.000000000,BENIGN,0,1.0,26.0,505.0,13073000000.0,50000000.0,19.423076923076923,0.0,6.0,lsnm2024_ddos_udp
2024-02-26 12:59:48.000000000,BENIGN,0,1.0,25.0,505.0,14405000000.0,50000000.0,20.2,0.0,6.0,lsnm2024_ddos_udp
2024-02-26 12:59:48.000000000,BENIGN,0,1.0,25.0,505.0,14405000000.0,50000000.0,20.2,0.0,6.0,lsnm2024_ddos_udp
2024-02-26 12:59:48.000000000,BENIGN,0,1.0,25.0,505.0,13073000000.0,50000000.0,20.2,0.0,6.0,lsnm2024_ddos_udp
2024-02-26 12:59:48.000000000,BENIGN,0,1.0,25.0,505.0,14405000000.0,50000000.0,20.2,0.0,6.0,lsnm2024_ddos_udp
2024-02-26 12:59:48.000000000,BENIGN,0,1.0,25.0,505.0,13073000000.0,50000000.0,20.2,0.0,6.0,lsnm2024_ddos_udp
2024-02-26 12:59:48.000000000,BENIGN,0,1.0,24.0,404.0,14304000000.0,50000000.0,16.833333333333332,0.0,6.0,lsnm2024_ddos_udp
2024-02-26 12:59:48.000000000,BENIGN,0,1.0,24.0,505.0,14405000000.0,50000000.0,21.041666666666668,0.0,6.0,lsnm2024_ddos_udp
2024-02-26 12:59:48.000000000,BENIGN,0,1.0,25.0,505.0,14405000000.0,50000000.0,20.2,0.0,6.0,lsnm2024_ddos_udp
2024-02-26 12:59:48.000000000,BENIGN,0,1.0,25.0,505.0,14405000000.0,50000000.0,20.2,0.0,6.0,lsnm2024_ddos_udp
2024-02-26 12:59:48.000000000,BENIGN,0,1.0,25.0,505.0,14405000000.0,50000000.0,20.2,0.0,6.0,lsnm2024_ddos_udp
2024-02-26 12:59:48.000000000,BENIGN,0,1.0,24.0,505.0,14405000000.0,50000000.0,21.041666666666668,0.0,6.0,lsnm2024_ddos_udp
2024-02-26 12:59:48.000000000,BENIGN,0,1.0,24.0,404.0,14304000000.0,50000000.0,16.833333333333332,0.0,6.0,lsnm2024_ddos_udp
2024-02-26 12:59:48.000000000,BENIGN,0,1.0,26.0,505.0,11625000000.0,50000000.0,19.423076923076923,0.0,6.0,lsnm2024_ddos_udp
2024-02-26 12:59:48.000000000,BENIGN,0,1.0,26.0,505.0,14405000000.0,50000000.0,19.423076923076923,0.0,6.0,lsnm2024_ddos_udp
2024-02-26 12:59:48.000000000,BENIGN,0,1.0,26.0,505.0,14405000000.0,50000000.0,19.423076923076923,0.0,6.0,lsnm2024_ddos_udp
2024-02-26 12:59:48.000000000,BENIGN,0,1.0,26.0,505.0,12957000000.0,50000000.0,19.423076923076923,0.0,6.0,lsnm2024_ddos_udp
2024-02-26 12:59:48.000000000,BENIGN,0,1.0,25.0,505.0,14405000000.0,50000000.0,20.2,0.0,6.0,lsnm2024_ddos_udp
2024-02-26 12:59:48.000000000,BENIGN,0,1.0,25.0,505.0,14405000000.0,50000000.0,20.2,0.0,6.0,lsnm2024_ddos_udp
2024-02-26 12:59:48.000000000,BENIGN,0,1.0,25.0,505.0,14405000000.0,50000000.0,20.2,0.0,6.0,lsnm2024_ddos_udp
2024-02-26 12:59:48.000000000,BENIGN,0,1.0,25.0,505.0,14405000000.0,50000000.0,20.2,0.0,6.0,lsnm2024_ddos_udp
2024-02-26 12:59:48.000000000,BENIGN,0,1.0,24.0,404.0,14304000000.0,50000000.0,16.833333333333332,0.0,6.0,lsnm2024_ddos_udp
2024-02-26 12:59:48.000000000,BENIGN,0,1.0,25.0,505.0,14405000000.0,50000000.0,20.2,0.0,6.0,lsnm2024_ddos_udp
2024-02-26 12:59:48.000000000,BENIGN,0,1.0,26.0,505.0,14405000000.0,50000000.0,19.423076923076923,0.0,6.0,lsnm2024_ddos_udp
2024-02-26 12:59:48.000000000,BENIGN,0,1.0,25.0,505.0,14405000000.0,50000000.0,20.2,0.0,6.0,lsnm2024_ddos_udp
2024-02-26 12:59:49.000000000,BENIGN,0,1.0,26.0,505.0,11625000000.0,50000000.0,19.423076923076923,0.0,6.0,lsnm2024_ddos_udp
2024-02-26 12:59:49.000000000,BENIGN,0,1.0,26.0,505.0,14405000000.0,50000000.0,19.423076923076923,0.0,6.0,lsnm2024_ddos_udp
2024-02-26 12:59:49.000000000,BENIGN,0,1.0,25.0,505.0,14405000000.0,50000000.0,20.2,0.0,6.0,lsnm2024_ddos_udp
2024-02-26 12:59:49.000000000,BENIGN,0,1.0,26.0,505.0,11625000000.0,50000000.0,19.423076923076923,0.0,6.0,lsnm2024_ddos_udp
2024-02-26 12:59:49.000000000,BENIGN,0,1.0,25.0,505.0,14405000000.0,50000000.0,20.2,0.0,6.0,lsnm2024_ddos_udp
2024-02-26 12:59:49.000000000,BENIGN,0,1.0,26.0,505.0,14405000000.0,50000000.0,19.423076923076923,0.0,6.0,lsnm2024_ddos_udp
2024-02-26 12:59:49.000000000,BENIGN,0,1.0,25.0,505.0,14405000000.0,50000000.0,20.2,0.0,6.0,lsnm2024_ddos_udp
2024-02-26 12:59:49.000000000,BENIGN,0,1.0,24.0,505.0,14405000000.0,50000000.0,21.041666666666668,0.0,6.0,lsnm2024_ddos_udp
2024-02-26 12:59:49.000000000,BENIGN,0,1.0,25.0,505.0,14405000000.0,50000000.0,20.2,0.0,6.0,lsnm2024_ddos_udp
2024-02-26 12:59:49.000000000,BENIGN,0,1.0,25.0,505.0,14405000000.0,50000000.0,20.2,0.0,6.0,lsnm2024_ddos_udp
2024-02-26 12:59:49.000000000,BENIGN,0,1.0,25.0,505.0,14405000000.0,50000000.0,20.2,0.0,6.0,lsnm2024_ddos_udp
2024-02-26 12:59:49.000000000,BENIGN,0,1.0,25.0,505.0,14405000000.0,50000000.0,20.2,0.0,6.0,lsnm2024_ddos_udp
2024-02-26 12:59:49.000000000,BENIGN,0,1.0,25.0,505.0,14405000000.0,50000000.0,20.2,0.0,6.0,lsnm2024_ddos_udp
2024-02-26 12:59:49.000000000,BENIGN,0,1.0,27.0,505.0,11625000000.0,50000000.0,18.703703703703702,0.0,6.0,lsnm2024_ddos_udp
2024-02-26 12:59:49.000000000,BENIGN,0,1.0,25.0,505.0,14405000000.0,50000000.0,20.2,0.0,6.0,lsnm2024_ddos_udp
2024-02-26 12:59:49.000000000,BENIGN,0,1.0,26.0,505.0,11625000000.0,50000000.0,19.423076923076923,0.0,6.0,lsnm2024_ddos_udp
2024-02-26 12:59:49.000000000,BENIGN,0,1.0,25.0,505.0,14405000000.0,50000000.0,20.2,0.0,6.0,lsnm2024_ddos_udp
2024-02-26 12:59:49.000000000,BENIGN,0,1.0,25.0,404.0,14304000000.0,50000000.0,16.16,0.0,6.0,lsnm2024_ddos_udp
2024-02-26 12:59:49.000000000,BENIGN,0,1.0,26.0,505.0,11625000000.0,50000000.0,19.423076923076923,0.0,6.0,lsnm2024_ddos_udp
2024-02-26 12:59:49.000000000,BENIGN,0,1.0,24.0,505.0,14405000000.0,50000000.0,21.041666666666668,0.0,6.0,lsnm2024_ddos_udp
2024-02-26 12:59:49.000000000,BENIGN,0,1.0,26.0,505.0,14405000000.0,50000000.0,19.423076923076923,0.0,6.0,lsnm2024_ddos_udp
2024-02-26 12:59:49.000000000,BENIGN,0,1.0,25.0,505.0,14405000000.0,50000000.0,20.2,0.0,6.0,lsnm2024_ddos_udp
2024-02-26 12:59:49.000000000,BENIGN,0,1.0,25.0,505.0,14405000000.0,50000000.0,20.2,0.0,6.0,lsnm2024_ddos_udp
2024-02-26 12:59:49.000000000,BENIGN,0,1.0,25.0,505.0,14405000000.0,50000000.0,20.2,0.0,6.0,lsnm2024_ddos_udp
2024-02-26 12:59:49.000000000,BENIGN,0,1.0,25.0,505.0,14405000000.0,50000000.0,20.2,0.0,6.0,lsnm2024_ddos_udp
2024-02-26 12:59:50.000000000,BENIGN,0,1.0,25.0,505.0,14405000000.0,50000000.0,20.2,0.0,6.0,lsnm2024_ddos_udp
2024-02-26 12:59:50.000000000,BENIGN,0,1.0,25.0,404.0,14304000000.0,50000000.0,16.16,0.0,6.0,lsnm2024_ddos_udp
2024-02-26 12:59:50.000000000,BENIGN,0,1.0,24.0,505.0,13073000000.0,50000000.0,21.041666666666668,0.0,6.0,lsnm2024_ddos_udp
2024-02-26 12:59:50.000000000,BENIGN,0,1.0,24.0,505.0,14405000000.0,50000000.0,21.041666666666668,0.0,6.0,lsnm2024_ddos_udp
2024-02-26 12:59:50.000000000,BENIGN,0,1.0,25.0,505.0,14405000000.0,50000000.0,20.2,0.0,6.0,lsnm2024_ddos_udp
2024-02-26 12:59:50.000000000,BENIGN,0,1.0,25.0,505.0,14405000000.0,50000000.0,20.2,0.0,6.0,lsnm2024_ddos_udp
2024-02-26 12:59:50.000000000,BENIGN,0,1.0,25.0,505.0,14405000000.0,50000000.0,20.2,0.0,6.0,lsnm2024_ddos_udp
2024-02-26 12:59:50.000000000,BENIGN,0,1.0,25.0,505.0,14405000000.0,50000000.0,20.2,0.0,6.0,lsnm2024_ddos_udp
2024-02-26 12:59:50.000000000,BENIGN,0,1.0,24.0,404.0,14304000000.0,50000000.0,16.833333333333332,0.0,6.0,lsnm2024_ddos_udp
2024-02-26 12:59:50.000000000,BENIGN,0,1.0,25.0,505.0,14405000000.0,50000000.0,20.2,0.0,6.0,lsnm2024_ddos_udp
2024-02-26 12:59:50.000000000,BENIGN,0,1.0,25.0,505.0,14405000000.0,50000000.0,20.2,0.0,6.0,lsnm2024_ddos_udp
2024-02-26 12:59:50.000000000,BENIGN,0,1.0,24.0,505.0,14405000000.0,50000000.0,21.041666666666668,0.0,6.0,lsnm2024_ddos_udp
2024-02-26 12:59:50.000000000,BENIGN,0,1.0,25.0,505.0,14405000000.0,50000000.0,20.2,0.0,6.0,lsnm2024_ddos_udp
2024-02-26 12:59:50.000000000,BENIGN,0,1.0,25.0,505.0,14405000000.0,50000000.0,20.2,0.0,6.0,lsnm2024_ddos_udp
2024-02-26 12:59:50.000000000,BENIGN,0,1.0,25.0,404.0,14304000000.0,50000000.0,16.16,0.0,6.0,lsnm2024_ddos_udp
2024-02-26 12:59:50.000000000,BENIGN,0,1.0,25.0,505.0,14405000000.0,50000000.0,20.2,0.0,6.0,lsnm2024_ddos_udp
2024-02-26 12:59:50.000000000,BENIGN,0,1.0,25.0,505.0,13073000000.0,50000000.0,20.2,0.0,6.0,lsnm2024_ddos_udp
2024-02-26 12:59:50.000000000,BENIGN,0,1.0,25.0,505.0,14405000000.0,50000000.0,20.2,0.0,6.0,lsnm2024_ddos_udp
2024-02-26 12:59:50.000000000,BENIGN,0,1.0,25.0,505.0,14405000000.0,50000000.0,20.2,0.0,6.0,lsnm2024_ddos_udp
2024-02-26 12:59:50.000000000,BENIGN,0,1.0,25.0,505.0,14405000000.0,50000000.0,20.2,0.0,6.0,lsnm2024_ddos_udp
2024-02-26 12:59:50.000000000,BENIGN,0,1.0,25.0,505.0,14405000000.0,50000000.0,20.2,0.0,6.0,lsnm2024_ddos_udp
2024-02-26 12:59:50.000000000,BENIGN,0,1.0,25.0,505.0,14405000000.0,50000000.0,20.2,0.0,6.0,lsnm2024_ddos_udp
2024-02-26 12:59:50.000000000,BENIGN,0,1.0,25.0,505.0,14405000000.0,50000000.0,20.2,0.0,6.0,lsnm2024_ddos_udp
2024-02-26 12:59:50.000000000,BENIGN,0,1.0,25.0,505.0,14405000000.0,50000000.0,20.2,0.0,6.0,lsnm2024_ddos_udp
2024-02-26 12:59:50.000000000,BENIGN,0,1.0,25.0,505.0,14405000000.0,50000000.0,20.2,0.0,6.0,lsnm2024_ddos_udp
2024-02-26 12:59:50.000000000,BENIGN,0,1.0,26.0,505.0,14405000000.0,50000000.0,19.423076923076923,0.0,6.0,lsnm2024_ddos_udp
2024-02-26 12:59:50.000000000,BENIGN,0,1.0,25.0,505.0,11625000000.0,50000000.0,20.2,0.0,6.0,lsnm2024_ddos_udp
2024-02-26 12:59:50.000000000,BENIGN,0,1.0,25.0,505.0,14405000000.0,50000000.0,20.2,0.0,6.0,lsnm2024_ddos_udp
2024-02-26 12:59:51.000000000,BENIGN,0,1.0,25.0,505.0,14405000000.0,50000000.0,20.2,0.0,6.0,lsnm2024_ddos_udp
2024-02-26 12:59:51.000000000,BENIGN,0,1.0,25.0,505.0,14405000000.0,50000000.0,20.2,0.0,6.0,lsnm2024_ddos_udp
2024-02-26 12:59:51.000000000,BENIGN,0,1.0,25.0,404.0,14304000000.0,50000000.0,16.16,0.0,6.0,lsnm2024_ddos_udp
2024-02-26 12:59:51.000000000,BENIGN,0,1.0,25.0,505.0,14405000000.0,50000000.0,20.2,0.0,6.0,lsnm2024_ddos_udp
2024-02-26 12:59:51.000000000,BENIGN,0,1.0,25.0,505.0,14405000000.0,50000000.0,20.2,0.0,6.0,lsnm2024_ddos_udp
2024-02-26 12:59:51.000000000,BENIGN,0,1.0,25.0,505.0,14405000000.0,50000000.0,20.2,0.0,6.0,lsnm2024_ddos_udp
2024-02-26 12:59:51.000000000,BENIGN,0,1.0,25.0,505.0,14405000000.0,50000000.0,20.2,0.0,6.0,lsnm2024_ddos_udp
2024-02-26 12:59:51.000000000,BENIGN,0,1.0,25.0,505.0,14405000000.0,50000000.0,20.2,0.0,6.0,lsnm2024_ddos_udp
2024-02-26 12:59:51.000000000,BENIGN,0,1.0,25.0,505.0,14405000000.0,50000000.0,20.2,0.0,6.0,lsnm2024_ddos_udp
2024-02-26 12:59:51.000000000,BENIGN,0,1.0,24.0,505.0,14405000000.0,50000000.0,21.041666666666668,0.0,6.0,lsnm2024_ddos_udp
2024-02-26 12:59:51.000000000,BENIGN,0,1.0,25.0,505.0,14405000000.0,50000000.0,20.2,0.0,6.0,lsnm2024_ddos_udp
2024-02-26 12:59:51.000000000,BENIGN,0,1.0,25.0,505.0,14405000000.0,50000000.0,20.2,0.0,6.0,lsnm2024_ddos_udp
2024-02-26 12:59:51.000000000,BENIGN,0,1.0,25.0,505.0,14405000000.0,50000000.0,20.2,0.0,6.0,lsnm2024_ddos_udp
2024-02-26 12:59:51.000000000,BENIGN,0,1.0,25.0,505.0,14405000000.0,50000000.0,20.2,0.0,6.0,lsnm2024_ddos_udp
2024-02-26 12:59:51.000000000,BENIGN,0,1.0,25.0,505.0,14405000000.0,50000000.0,20.2,0.0,6.0,lsnm2024_ddos_udp
2024-02-26 12:59:51.000000000,BENIGN,0,1.0,25.0,505.0,14405000000.0,50000000.0,20.2,0.0,6.0,lsnm2024_ddos_udp
2024-02-26 12:59:51.000000000,BENIGN,0,1.0,25.0,505.0,14405000000.0,50000000.0,20.2,0.0,6.0,lsnm2024_ddos_udp
2024-02-26 12:59:51.000000000,BENIGN,0,1.0,25.0,404.0,14304000000.0,50000000.0,16.16,0.0,6.0,lsnm2024_ddos_udp
2024-02-26 12:59:51.000000000,BENIGN,0,1.0,25.0,505.0,11625000000.0,50000000.0,20.2,0.0,6.0,lsnm2024_ddos_udp
2024-02-26 12:59:51.000000000,BENIGN,0,1.0,26.0,505.0,11625000000.0,50000000.0,19.423076923076923,0.0,6.0,lsnm2024_ddos_udp
2024-02-26 12:59:52.000000000,BENIGN,0,1.0,25.0,505.0,14405000000.0,50000000.0,20.2,0.0,6.0,lsnm2024_ddos_udp
2024-02-26 12:59:52.000000000,BENIGN,0,1.0,26.0,505.0,11625000000.0,50000000.0,19.423076923076923,0.0,6.0,lsnm2024_ddos_udp
2024-02-26 12:59:52.000000000,BENIGN,0,1.0,25.0,505.0,14405000000.0,50000000.0,20.2,0.0,6.0,lsnm2024_ddos_udp
2024-02-26 12:59:52.000000000,BENIGN,0,1.0,25.0,505.0,14405000000.0,50000000.0,20.2,0.0,6.0,lsnm2024_ddos_udp
2024-02-26 12:59:52.000000000,BENIGN,0,1.0,25.0,505.0,14405000000.0,50000000.0,20.2,0.0,6.0,lsnm2024_ddos_udp
2024-02-26 12:59:52.000000000,BENIGN,0,1.0,26.0,505.0,11625000000.0,50000000.0,19.423076923076923,0.0,6.0,lsnm2024_ddos_udp
2024-02-26 12:59:52.000000000,BENIGN,0,1.0,25.0,505.0,14405000000.0,50000000.0,20.2,0.0,6.0,lsnm2024_ddos_udp
2024-02-26 12:59:52.000000000,BENIGN,0,1.0,25.0,505.0,14405000000.0,50000000.0,20.2,0.0,6.0,lsnm2024_ddos_udp
2024-02-26 12:59:52.000000000,BENIGN,0,1.0,25.0,505.0,14405000000.0,50000000.0,20.2,0.0,6.0,lsnm2024_ddos_udp
2024-02-26 12:59:52.000000000,BENIGN,0,1.0,25.0,505.0,14405000000.0,50000000.0,20.2,0.0,6.0,lsnm2024_ddos_udp
2024-02-26 12:59:52.000000000,BENIGN,0,1.0,25.0,505.0,14405000000.0,50000000.0,20.2,0.0,6.0,lsnm2024_ddos_udp
2024-02-26 12:59:52.000000000,BENIGN,0,1.0,25.0,505.0,14405000000.0,50000000.0,20.2,0.0,6.0,lsnm2024_ddos_udp
2024-02-26 12:59:52.000000000,BENIGN,0,1.0,26.0,505.0,14405000000.0,50000000.0,19.423076923076923,0.0,6.0,lsnm2024_ddos_udp
2024-02-26 12:59:52.000000000,BENIGN,0,1.0,25.0,505.0,14405000000.0,50000000.0,20.2,0.0,6.0,lsnm2024_ddos_udp
2024-02-26 12:59:52.000000000,BENIGN,0,1.0,25.0,505.0,14405000000.0,50000000.0,20.2,0.0,6.0,lsnm2024_ddos_udp
2024-02-26 12:59:52.000000000,BENIGN,0,1.0,25.0,505.0,14405000000.0,50000000.0,20.2,0.0,6.0,lsnm2024_ddos_udp
2024-02-26 12:59:52.000000000,BENIGN,0,1.0,25.0,505.0,14405000000.0,50000000.0,20.2,0.0,6.0,lsnm2024_ddos_udp
2024-02-26 12:59:52.000000000,BENIGN,0,1.0,25.0,505.0,14405000000.0,50000000.0,20.2,0.0,6.0,lsnm2024_ddos_udp
2024-02-26 12:59:52.000000000,BENIGN,0,1.0,24.0,404.0,14304000000.0,50000000.0,16.833333333333332,0.0,6.0,lsnm2024_ddos_udp
2024-02-26 12:59:52.000000000,BENIGN,0,1.0,25.0,505.0,14405000000.0,50000000.0,20.2,0.0,6.0,lsnm2024_ddos_udp
2024-02-26 12:59:52.000000000,BENIGN,0,1.0,25.0,505.0,14405000000.0,50000000.0,20.2,0.0,6.0,lsnm2024_ddos_udp
2024-02-26 12:59:53.000000000,BENIGN,0,1.0,25.0,505.0,14405000000.0,50000000.0,20.2,0.0,6.0,lsnm2024_ddos_udp
2024-02-26 12:59:53.000000000,BENIGN,0,1.0,25.0,505.0,14405000000.0,50000000.0,20.2,0.0,6.0,lsnm2024_ddos_udp
2024-02-26 12:59:53.000000000,BENIGN,0,1.0,25.0,505.0,14405000000.0,50000000.0,20.2,0.0,6.0,lsnm2024_ddos_udp
2024-02-26 12:59:53.000000000,BENIGN,0,1.0,25.0,505.0,14405000000.0,50000000.0,20.2,0.0,6.0,lsnm2024_ddos_udp
2024-02-26 12:59:53.000000000,BENIGN,0,1.0,26.0,505.0,14405000000.0,50000000.0,19.423076923076923,0.0,6.0,lsnm2024_ddos_udp
2024-02-26 12:59:53.000000000,BENIGN,0,1.0,25.0,505.0,14405000000.0,50000000.0,20.2,0.0,6.0,lsnm2024_ddos_udp
2024-02-26 12:59:53.000000000,BENIGN,0,1.0,26.0,404.0,11524000000.0,50000000.0,15.538461538461538,0.0,6.0,lsnm2024_ddos_udp
2024-02-26 12:59:53.000000000,BENIGN,0,1.0,25.0,505.0,14405000000.0,50000000.0,20.2,0.0,6.0,lsnm2024_ddos_udp
2024-02-26 12:59:53.000000000,BENIGN,0,1.0,25.0,505.0,14405000000.0,50000000.0,20.2,0.0,6.0,lsnm2024_ddos_udp
2024-02-26 12:59:53.000000000,BENIGN,0,1.0,25.0,505.0,14405000000.0,50000000.0,20.2,0.0,6.0,lsnm2024_ddos_udp
2024-02-26 12:59:53.000000000,BENIGN,0,1.0,25.0,505.0,14405000000.0,50000000.0,20.2,0.0,6.0,lsnm2024_ddos_udp
2024-02-26 12:59:53.000000000,BENIGN,0,1.0,25.0,505.0,14405000000.0,50000000.0,20.2,0.0,6.0,lsnm2024_ddos_udp
2024-02-26 12:59:53.000000000,BENIGN,0,1.0,25.0,505.0,14405000000.0,50000000.0,20.2,0.0,6.0,lsnm2024_ddos_udp
2024-02-26 12:59:53.000000000,BENIGN,0,1.0,25.0,505.0,14405000000.0,50000000.0,20.2,0.0,6.0,lsnm2024_ddos_udp
2024-02-26 12:59:53.000000000,BENIGN,0,1.0,25.0,505.0,14405000000.0,50000000.0,20.2,0.0,6.0,lsnm2024_ddos_udp
2024-02-26 12:59:53.000000000,BENIGN,0,1.0,25.0,505.0,14405000000.0,50000000.0,20.2,0.0,6.0,lsnm2024_ddos_udp
2024-02-26 12:59:53.000000000,BENIGN,0,1.0,24.0,505.0,14405000000.0,50000000.0,21.041666666666668,0.0,6.0,lsnm2024_ddos_udp
2024-02-26 12:59:53.000000000,BENIGN,0,1.0,26.0,505.0,14405000000.0,50000000.0,19.423076923076923,0.0,6.0,lsnm2024_ddos_udp
2024-02-26 12:59:53.000000000,BENIGN,0,1.0,24.0,505.0,14405000000.0,50000000.0,21.041666666666668,0.0,6.0,lsnm2024_ddos_udp
2024-02-26 12:59:53.000000000,BENIGN,0,1.0,25.0,505.0,14405000000.0,50000000.0,20.2,0.0,6.0,lsnm2024_ddos_udp
2024-02-26 12:59:53.000000000,BENIGN,0,1.0,25.0,505.0,14405000000.0,50000000.0,20.2,0.0,6.0,lsnm2024_ddos_udp
2024-02-26 12:59:53.000000000,BENIGN,0,1.0,25.0,505.0,14405000000.0,50000000.0,20.2,0.0,6.0,lsnm2024_ddos_udp
2024-02-26 12:59:53.000000000,BENIGN,0,1.0,25.0,505.0,14405000000.0,50000000.0,20.2,0.0,6.0,lsnm2024_ddos_udp
2024-02-26 12:59:53.000000000,BENIGN,0,1.0,25.0,505.0,11625000000.0,50000000.0,20.2,0.0,6.0,lsnm2024_ddos_udp
2024-02-26 12:59:54.000000000,BENIGN,0,1.0,25.0,505.0,14405000000.0,50000000.0,20.2,0.0,6.0,lsnm2024_ddos_udp
2024-02-26 12:59:54.000000000,BENIGN,0,1.0,25.0,505.0,14405000000.0,50000000.0,20.2,0.0,6.0,lsnm2024_ddos_udp
2024-02-26 12:59:54.000000000,BENIGN,0,1.0,25.0,505.0,14405000000.0,50000000.0,20.2,0.0,6.0,lsnm2024_ddos_udp
2024-02-26 12:59:54.000000000,BENIGN,0,1.0,25.0,505.0,14405000000.0,50000000.0,20.2,0.0,6.0,lsnm2024_ddos_udp
2024-02-26 12:59:54.000000000,BENIGN,0,1.0,25.0,505.0,14405000000.0,50000000.0,20.2,0.0,6.0,lsnm2024_ddos_udp
2024-02-26 12:59:54.000000000,BENIGN,0,1.0,25.0,505.0,14405000000.0,50000000.0,20.2,0.0,6.0,lsnm2024_ddos_udp
2024-02-26 12:59:54.000000000,BENIGN,0,1.0,25.0,505.0,14405000000.0,50000000.0,20.2,0.0,6.0,lsnm2024_ddos_udp
2024-02-26 12:59:54.000000000,BENIGN,0,1.0,25.0,505.0,14405000000.0,50000000.0,20.2,0.0,6.0,lsnm2024_ddos_udp
2024-02-26 12:59:54.000000000,BENIGN,0,1.0,25.0,505.0,14405000000.0,50000000.0,20.2,0.0,6.0,lsnm2024_ddos_udp
2024-02-26 12:59:54.000000000,BENIGN,0,1.0,26.0,505.0,11625000000.0,50000000.0,19.423076923076923,0.0,6.0,lsnm2024_ddos_udp
2024-02-26 12:59:54.000000000,BENIGN,0,1.0,25.0,505.0,14405000000.0,50000000.0,20.2,0.0,6.0,lsnm2024_ddos_udp
2024-02-26 12:59:54.000000000,BENIGN,0,1.0,25.0,505.0,14405000000.0,50000000.0,20.2,0.0,6.0,lsnm2024_ddos_udp
2024-02-26 12:59:54.000000000,BENIGN,0,1.0,25.0,505.0,14405000000.0,50000000.0,20.2,0.0,6.0,lsnm2024_ddos_udp
2024-02-26 12:59:54.000000000,BENIGN,0,1.0,25.0,505.0,14405000000.0,50000000.0,20.2,0.0,6.0,lsnm2024_ddos_udp
2024-02-26 12:59:54.000000000,BENIGN,0,1.0,25.0,505.0,14405000000.0,50000000.0,20.2,0.0,6.0,lsnm2024_ddos_udp
2024-02-26 12:59:54.000000000,BENIGN,0,1.0,25.0,505.0,14405000000.0,50000000.0,20.2,0.0,6.0,lsnm2024_ddos_udp
2024-02-26 12:59:54.000000000,BENIGN,0,1.0,25.0,505.0,14405000000.0,50000000.0,20.2,0.0,6.0,lsnm2024_ddos_udp
2024-02-26 12:59:54.000000000,BENIGN,0,1.0,25.0,505.0,14405000000.0,50000000.0,20.2,0.0,6.0,lsnm2024_ddos_udp
2024-02-26 12:59:54.000000000,BENIGN,0,1.0,25.0,505.0,14405000000.0,50000000.0,20.2,0.0,6.0,lsnm2024_ddos_udp
2024-02-26 12:59:54.000000000,BENIGN,0,1.0,25.0,505.0,14405000000.0,50000000.0,20.2,0.0,6.0,lsnm2024_ddos_udp
2024-02-26 12:59:54.000000000,BENIGN,0,1.0,25.0,505.0,14405000000.0,50000000.0,20.2,0.0,6.0,lsnm2024_ddos_udp
2024-02-26 12:59:54.000000000,BENIGN,0,1.0,26.0,505.0,11625000000.0,50000000.0,19.423076923076923,0.0,6.0,lsnm2024_ddos_udp
2024-02-26 12:59:54.000000000,BENIGN,0,1.0,26.0,404.0,14304000000.0,50000000.0,15.538461538461538,0.0,6.0,lsnm2024_ddos_udp
2024-02-26 12:59:54.000000000,BENIGN,0,1.0,25.0,505.0,14405000000.0,50000000.0,20.2,0.0,6.0,lsnm2024_ddos_udp
2024-02-26 12:59:54.000000000,BENIGN,0,1.0,26.0,505.0,14405000000.0,50000000.0,19.423076923076923,0.0,6.0,lsnm2024_ddos_udp
2024-02-26 12:59:54.000000000,BENIGN,0,1.0,25.0,505.0,14405000000.0,50000000.0,20.2,0.0,6.0,lsnm2024_ddos_udp
2024-02-26 12:59:54.000000000,BENIGN,0,1.0,26.0,505.0,14405000000.0,50000000.0,19.423076923076923,0.0,6.0,lsnm2024_ddos_udp
2024-02-26 12:59:54.000000000,BENIGN,0,1.0,25.0,505.0,14405000000.0,50000000.0,20.2,0.0,6.0,lsnm2024_ddos_udp
2024-02-26 12:59:54.000000000,BENIGN,0,1.0,25.0,505.0,14405000000.0,50000000.0,20.2,0.0,6.0,lsnm2024_ddos_udp
2024-02-26 12:59:55.000000000,BENIGN,0,1.0,25.0,505.0,14405000000.0,50000000.0,20.2,0.0,6.0,lsnm2024_ddos_udp
2024-02-26 12:59:55.000000000,BENIGN,0,1.0,25.0,505.0,14405000000.0,50000000.0,20.2,0.0,6.0,lsnm2024_ddos_udp
2024-02-26 12:59:55.000000000,BENIGN,0,1.0,25.0,505.0,14405000000.0,50000000.0,20.2,0.0,6.0,lsnm2024_ddos_udp
2024-02-26 12:59:55.000000000,BENIGN,0,1.0,25.0,505.0,14405000000.0,50000000.0,20.2,0.0,6.0,lsnm2024_ddos_udp
2024-02-26 12:59:55.000000000,BENIGN,0,1.0,25.0,505.0,14405000000.0,50000000.0,20.2,0.0,6.0,lsnm2024_ddos_udp
2024-02-26 12:59:55.000000000,BENIGN,0,1.0,25.0,505.0,14405000000.0,50000000.0,20.2,0.0,6.0,lsnm2024_ddos_udp
2024-02-26 12:59:55.000000000,BENIGN,0,1.0,25.0,505.0,14405000000.0,50000000.0,20.2,0.0,6.0,lsnm2024_ddos_udp
2024-02-26 12:59:55.000000000,BENIGN,0,1.0,25.0,505.0,14405000000.0,50000000.0,20.2,0.0,6.0,lsnm2024_ddos_udp
2024-02-26 12:59:55.000000000,BENIGN,0,1.0,25.0,505.0,14405000000.0,50000000.0,20.2,0.0,6.0,lsnm2024_ddos_udp
2024-02-26 12:59:55.000000000,BENIGN,0,1.0,25.0,505.0,14405000000.0,50000000.0,20.2,0.0,6.0,lsnm2024_ddos_udp
2024-02-26 12:59:55.000000000,BENIGN,0,1.0,25.0,505.0,14405000000.0,50000000.0,20.2,0.0,6.0,lsnm2024_ddos_udp
2024-02-26 12:59:55.000000000,BENIGN,0,1.0,25.0,505.0,14405000000.0,50000000.0,20.2,0.0,6.0,lsnm2024_ddos_udp
2024-02-26 12:59:55.000000000,BENIGN,0,1.0,26.0,505.0,14405000000.0,50000000.0,19.423076923076923,0.0,6.0,lsnm2024_ddos_udp
2024-02-26 12:59:55.000000000,BENIGN,0,1.0,25.0,505.0,14405000000.0,50000000.0,20.2,0.0,6.0,lsnm2024_ddos_udp
2024-02-26 12:59:55.000000000,BENIGN,0,1.0,24.0,505.0,14405000000.0,50000000.0,21.041666666666668,0.0,6.0,lsnm2024_ddos_udp
2024-02-26 12:59:55.000000000,BENIGN,0,1.0,25.0,505.0,14405000000.0,50000000.0,20.2,0.0,6.0,lsnm2024_ddos_udp
2024-02-26 12:59:55.000000000,BENIGN,0,1.0,25.0,404.0,14304000000.0,50000000.0,16.16,0.0,6.0,lsnm2024_ddos_udp
2024-02-26 12:59:55.000000000,BENIGN,0,1.0,25.0,505.0,14405000000.0,50000000.0,20.2,0.0,6.0,lsnm2024_ddos_udp
2024-02-26 12:59:55.000000000,BENIGN,0,1.0,27.0,505.0,11625000000.0,50000000.0,18.703703703703702,0.0,6.0,lsnm2024_ddos_udp
2024-02-26 12:59:55.000000000,BENIGN,0,1.0,25.0,505.0,14405000000.0,50000000.0,20.2,0.0,6.0,lsnm2024_ddos_udp
2024-02-26 12:59:55.000000000,BENIGN,0,1.0,26.0,505.0,11625000000.0,50000000.0,19.423076923076923,0.0,6.0,lsnm2024_ddos_udp
2024-02-26 12:59:55.000000000,BENIGN,0,1.0,25.0,505.0,14405000000.0,50000000.0,20.2,0.0,6.0,lsnm2024_ddos_udp
2024-02-26 12:59:55.000000000,BENIGN,0,1.0,25.0,505.0,14405000000.0,50000000.0,20.2,0.0,6.0,lsnm2024_ddos_udp
2024-02-26 12:59:55.000000000,BENIGN,0,1.0,25.0,505.0,14405000000.0,50000000.0,20.2,0.0,6.0,lsnm2024_ddos_udp
2024-02-26 12:59:55.000000000,BENIGN,0,1.0,25.0,505.0,14405000000.0,50000000.0,20.2,0.0,6.0,lsnm2024_ddos_udp
2024-02-26 12:59:55.000000000,BENIGN,0,1000000.0,25.0,505.0,14405.0,50.0,20.2,0.0,6.0,lsnm2024_ddos_udp
2024-02-26 12:59:55.000000000,BENIGN,0,1.0,25.0,505.0,14405000000.0,50000000.0,20.2,0.0,6.0,lsnm2024_ddos_udp
2024-02-26 12:59:55.000000000,BENIGN,0,1.0,25.0,505.0,14405000000.0,50000000.0,20.2,0.0,6.0,lsnm2024_ddos_udp
2024-02-26 12:59:55.000000000,BENIGN,0,1.0,25.0,505.0,14405000000.0,50000000.0,20.2,0.0,6.0,lsnm2024_ddos_udp
2024-02-26 12:59:55.000000000,BENIGN,0,1.0,25.0,505.0,14405000000.0,50000000.0,20.2,0.0,6.0,lsnm2024_ddos_udp
2024-02-26 12:59:55.000000000,BENIGN,0,1.0,25.0,505.0,14405000000.0,50000000.0,20.2,0.0,6.0,lsnm2024_ddos_udp
2024-02-26 12:59:56.000000000,BENIGN,0,1.0,25.0,505.0,14405000000.0,50000000.0,20.2,0.0,6.0,lsnm2024_ddos_udp
2024-02-26 12:59:56.000000000,BENIGN,0,1.0,26.0,505.0,11625000000.0,50000000.0,19.423076923076923,0.0,6.0,lsnm2024_ddos_udp
2024-02-26 12:59:56.000000000,BENIGN,0,1.0,25.0,404.0,14304000000.0,50000000.0,16.16,0.0,6.0,lsnm2024_ddos_udp
2024-02-26 12:59:56.000000000,BENIGN,0,1.0,25.0,505.0,14405000000.0,50000000.0,20.2,0.0,6.0,lsnm2024_ddos_udp
2024-02-26 12:59:56.000000000,BENIGN,0,1.0,26.0,505.0,14405000000.0,50000000.0,19.423076923076923,0.0,6.0,lsnm2024_ddos_udp
2024-02-26 12:59:56.000000000,BENIGN,0,1.0,26.0,505.0,12957000000.0,50000000.0,19.423076923076923,0.0,6.0,lsnm2024_ddos_udp
2024-02-26 12:59:56.000000000,BENIGN,0,1.0,25.0,505.0,14405000000.0,50000000.0,20.2,0.0,6.0,lsnm2024_ddos_udp
2024-02-26 12:59:56.000000000,BENIGN,0,1.0,25.0,505.0,14405000000.0,50000000.0,20.2,0.0,6.0,lsnm2024_ddos_udp
2024-02-26 12:59:56.000000000,BENIGN,0,1.0,25.0,505.0,14405000000.0,50000000.0,20.2,0.0,6.0,lsnm2024_ddos_udp
2024-02-26 12:59:56.000000000,BENIGN,0,1.0,25.0,505.0,14405000000.0,50000000.0,20.2,0.0,6.0,lsnm2024_ddos_udp
2024-02-26 12:59:56.000000000,BENIGN,0,1.0,24.0,505.0,14405000000.0,50000000.0,21.041666666666668,0.0,6.0,lsnm2024_ddos_udp
2024-02-26 12:59:56.000000000,BENIGN,0,1.0,26.0,505.0,11625000000.0,50000000.0,19.423076923076923,0.0,6.0,lsnm2024_ddos_udp
2024-02-26 12:59:56.000000000,BENIGN,0,1.0,25.0,505.0,14405000000.0,50000000.0,20.2,0.0,6.0,lsnm2024_ddos_udp
2024-02-26 12:59:56.000000000,BENIGN,0,1.0,26.0,505.0,11625000000.0,50000000.0,19.423076923076923,0.0,6.0,lsnm2024_ddos_udp
2024-02-26 12:59:56.000000000,BENIGN,0,1.0,26.0,505.0,14405000000.0,50000000.0,19.423076923076923,0.0,6.0,lsnm2024_ddos_udp
2024-02-26 12:59:56.000000000,BENIGN,0,1.0,25.0,505.0,14405000000.0,50000000.0,20.2,0.0,6.0,lsnm2024_ddos_udp
2024-02-26 12:59:57.000000000,BENIGN,0,1.0,25.0,505.0,14405000000.0,50000000.0,20.2,0.0,6.0,lsnm2024_ddos_udp
2024-02-26 12:59:57.000000000,BENIGN,0,1.0,25.0,505.0,14405000000.0,50000000.0,20.2,0.0,6.0,lsnm2024_ddos_udp
2024-02-26 12:59:57.000000000,BENIGN,0,1.0,26.0,505.0,11625000000.0,50000000.0,19.423076923076923,0.0,6.0,lsnm2024_ddos_udp
2024-02-26 12:59:57.000000000,BENIGN,0,1.0,25.0,404.0,14304000000.0,50000000.0,16.16,0.0,6.0,lsnm2024_ddos_udp
2024-02-26 12:59:57.000000000,BENIGN,0,1.0,24.0,505.0,14405000000.0,50000000.0,21.041666666666668,0.0,6.0,lsnm2024_ddos_udp
2024-02-26 12:59:57.000000000,BENIGN,0,1.0,25.0,505.0,14405000000.0,50000000.0,20.2,0.0,6.0,lsnm2024_ddos_udp
2024-02-26 12:59:57.000000000,BENIGN,0,1.0,25.0,505.0,11625000000.0,50000000.0,20.2,0.0,6.0,lsnm2024_ddos_udp
2024-02-26 12:59:57.000000000,BENIGN,0,1.0,25.0,404.0,14304000000.0,50000000.0,16.16,0.0,6.0,lsnm2024_ddos_udp
2024-02-26 12:59:57.000000000,BENIGN,0,1.0,25.0,505.0,14405000000.0,50000000.0,20.2,0.0,6.0,lsnm2024_ddos_udp
2024-02-26 12:59:57.000000000,BENIGN,0,1.0,25.0,404.0,14304000000.0,50000000.0,16.16,0.0,6.0,lsnm2024_ddos_udp
2024-02-26 12:59:57.000000000,BENIGN,0,1.0,25.0,505.0,14405000000.0,50000000.0,20.2,0.0,6.0,lsnm2024_ddos_udp
2024-02-26 12:59:57.000000000,BENIGN,0,1.0,25.0,505.0,14405000000.0,50000000.0,20.2,0.0,6.0,lsnm2024_ddos_udp
2024-02-26 12:59:57.000000000,BENIGN,0,1.0,25.0,505.0,14405000000.0,50000000.0,20.2,0.0,6.0,lsnm2024_ddos_udp
2024-02-26 12:59:57.000000000,BENIGN,0,1.0,26.0,505.0,14405000000.0,50000000.0,19.423076923076923,0.0,6.0,lsnm2024_ddos_udp
2024-02-26 12:59:57.000000000,BENIGN,0,1.0,25.0,505.0,14405000000.0,50000000.0,20.2,0.0,6.0,lsnm2024_ddos_udp
2024-02-26 12:59:57.000000000,BENIGN,0,1.0,24.0,505.0,14405000000.0,50000000.0,21.041666666666668,0.0,6.0,lsnm2024_ddos_udp
2024-02-26 12:59:57.000000000,BENIGN,0,1.0,25.0,505.0,14405000000.0,50000000.0,20.2,0.0,6.0,lsnm2024_ddos_udp
2024-02-26 12:59:57.000000000,BENIGN,0,1.0,25.0,505.0,14405000000.0,50000000.0,20.2,0.0,6.0,lsnm2024_ddos_udp
2024-02-26 12:59:57.000000000,BENIGN,0,1.0,25.0,505.0,14405000000.0,50000000.0,20.2,0.0,6.0,lsnm2024_ddos_udp
2024-02-26 12:59:57.000000000,BENIGN,0,1.0,25.0,505.0,14405000000.0,50000000.0,20.2,0.0,6.0,lsnm2024_ddos_udp
2024-02-26 12:59:57.000000000,BENIGN,0,1.0,25.0,505.0,11625000000.0,50000000.0,20.2,0.0,6.0,lsnm2024_ddos_udp
2024-02-26 12:59:57.000000000,BENIGN,0,1.0,25.0,404.0,14304000000.0,50000000.0,16.16,0.0,6.0,lsnm2024_ddos_udp
2024-02-26 12:59:57.000000000,BENIGN,0,1.0,25.0,505.0,14405000000.0,50000000.0,20.2,0.0,6.0,lsnm2024_ddos_udp
2024-02-26 12:59:57.000000000,BENIGN,0,1.0,25.0,505.0,14405000000.0,50000000.0,20.2,0.0,6.0,lsnm2024_ddos_udp
2024-02-26 12:59:57.000000000,BENIGN,0,1.0,26.0,505.0,11625000000.0,50000000.0,19.423076923076923,0.0,6.0,lsnm2024_ddos_udp
2024-02-26 12:59:57.000000000,BENIGN,0,1.0,25.0,404.0,14304000000.0,50000000.0,16.16,0.0,6.0,lsnm2024_ddos_udp
2024-02-26 12:59:57.000000000,BENIGN,0,1.0,25.0,505.0,14405000000.0,50000000.0,20.2,0.0,6.0,lsnm2024_ddos_udp
2024-02-26 12:59:57.000000000,BENIGN,0,1.0,25.0,505.0,14405000000.0,50000000.0,20.2,0.0,6.0,lsnm2024_ddos_udp
2024-02-26 12:59:57.000000000,BENIGN,0,1.0,25.0,505.0,14405000000.0,50000000.0,20.2,0.0,6.0,lsnm2024_ddos_udp
2024-02-26 12:59:57.000000000,BENIGN,0,1.0,24.0,505.0,14405000000.0,50000000.0,21.041666666666668,0.0,6.0,lsnm2024_ddos_udp
2024-02-26 12:59:58.000000000,BENIGN,0,1.0,25.0,404.0,14304000000.0,50000000.0,16.16,0.0,6.0,lsnm2024_ddos_udp
2024-02-26 12:59:58.000000000,BENIGN,0,1.0,25.0,505.0,14405000000.0,50000000.0,20.2,0.0,6.0,lsnm2024_ddos_udp
2024-02-26 12:59:58.000000000,BENIGN,0,1.0,27.0,505.0,14405000000.0,50000000.0,18.703703703703702,0.0,6.0,lsnm2024_ddos_udp
2024-02-26 12:59:58.000000000,BENIGN,0,1.0,25.0,505.0,12957000000.0,50000000.0,20.2,0.0,6.0,lsnm2024_ddos_udp
2024-02-26 12:59:58.000000000,BENIGN,0,1.0,24.0,505.0,14405000000.0,50000000.0,21.041666666666668,0.0,6.0,lsnm2024_ddos_udp
2024-02-26 12:59:58.000000000,BENIGN,0,1.0,25.0,505.0,14405000000.0,50000000.0,20.2,0.0,6.0,lsnm2024_ddos_udp
2024-02-26 12:59:58.000000000,BENIGN,0,1.0,25.0,505.0,14405000000.0,50000000.0,20.2,0.0,6.0,lsnm2024_ddos_udp
2024-02-26 12:59:58.000000000,BENIGN,0,1.0,24.0,404.0,14304000000.0,50000000.0,16.833333333333332,0.0,6.0,lsnm2024_ddos_udp
2024-02-26 12:59:58.000000000,BENIGN,0,1.0,25.0,505.0,14405000000.0,50000000.0,20.2,0.0,6.0,lsnm2024_ddos_udp
2024-02-26 12:59:58.000000000,BENIGN,0,1.0,26.0,505.0,14405000000.0,50000000.0,19.423076923076923,0.0,6.0,lsnm2024_ddos_udp
2024-02-26 12:59:58.000000000,BENIGN,0,1.0,24.0,505.0,14405000000.0,50000000.0,21.041666666666668,0.0,6.0,lsnm2024_ddos_udp
2024-02-26 12:59:58.000000000,BENIGN,0,1.0,25.0,505.0,14405000000.0,50000000.0,20.2,0.0,6.0,lsnm2024_ddos_udp
2024-02-26 12:59:58.000000000,BENIGN,0,1.0,25.0,505.0,14405000000.0,50000000.0,20.2,0.0,6.0,lsnm2024_ddos_udp
2024-02-26 12:59:58.000000000,BENIGN,0,1.0,24.0,505.0,14405000000.0,50000000.0,21.041666666666668,0.0,6.0,lsnm2024_ddos_udp
2024-02-26 12:59:58.000000000,BENIGN,0,1.0,25.0,505.0,14405000000.0,50000000.0,20.2,0.0,6.0,lsnm2024_ddos_udp
2024-02-26 12:59:58.000000000,BENIGN,0,1.0,25.0,505.0,14405000000.0,50000000.0,20.2,0.0,6.0,lsnm2024_ddos_udp
2024-02-26 12:59:58.000000000,BENIGN,0,1.0,26.0,505.0,14405000000.0,50000000.0,19.423076923076923,0.0,6.0,lsnm2024_ddos_udp
2024-02-26 12:59:58.000000000,BENIGN,0,1.0,26.0,505.0,11625000000.0,50000000.0,19.423076923076923,0.0,6.0,lsnm2024_ddos_udp
2024-02-26 12:59:58.000000000,BENIGN,0,1.0,26.0,505.0,11625000000.0,50000000.0,19.423076923076923,0.0,6.0,lsnm2024_ddos_udp
2024-02-26 12:59:58.000000000,BENIGN,0,1.0,25.0,404.0,14304000000.0,50000000.0,16.16,0.0,6.0,lsnm2024_ddos_udp
2024-02-26 12:59:58.000000000,BENIGN,0,1.0,25.0,505.0,14405000000.0,50000000.0,20.2,0.0,6.0,lsnm2024_ddos_udp
2024-02-26 12:59:58.000000000,BENIGN,0,1.0,25.0,505.0,14405000000.0,50000000.0,20.2,0.0,6.0,lsnm2024_ddos_udp
2024-02-26 12:59:59.000000000,BENIGN,0,1.0,25.0,505.0,14405000000.0,50000000.0,20.2,0.0,6.0,lsnm2024_ddos_udp
2024-02-26 12:59:59.000000000,BENIGN,0,1.0,25.0,505.0,14405000000.0,50000000.0,20.2,0.0,6.0,lsnm2024_ddos_udp
2024-02-26 12:59:59.000000000,BENIGN,0,1.0,25.0,505.0,14405000000.0,50000000.0,20.2,0.0,6.0,lsnm2024_ddos_udp
2024-02-26 12:59:59.000000000,BENIGN,0,1.0,25.0,505.0,14405000000.0,50000000.0,20.2,0.0,6.0,lsnm2024_ddos_udp
2024-02-26 12:59:59.000000000,BENIGN,0,1.0,25.0,505.0,14405000000.0,50000000.0,20.2,0.0,6.0,lsnm2024_ddos_udp
2024-02-26 12:59:59.000000000,BENIGN,0,1.0,25.0,404.0,14304000000.0,50000000.0,16.16,0.0,6.0,lsnm2024_ddos_udp
2024-02-26 12:59:59.000000000,BENIGN,0,1.0,24.0,404.0,14304000000.0,50000000.0,16.833333333333332,0.0,6.0,lsnm2024_ddos_udp
2024-02-26 12:59:59.000000000,BENIGN,0,1.0,24.0,404.0,14304000000.0,50000000.0,16.833333333333332,0.0,6.0,lsnm2024_ddos_udp
2024-02-26 12:59:59.000000000,BENIGN,0,1.0,24.0,505.0,14405000000.0,50000000.0,21.041666666666668,0.0,6.0,lsnm2024_ddos_udp
2024-02-26 12:59:59.000000000,BENIGN,0,1.0,25.0,505.0,14405000000.0,50000000.0,20.2,0.0,6.0,lsnm2024_ddos_udp
2024-02-26 12:59:59.000000000,BENIGN,0,1.0,25.0,505.0,14405000000.0,50000000.0,20.2,0.0,6.0,lsnm2024_ddos_udp
2024-02-26 13:00:00.000000000,BENIGN,0,1.0,25.0,505.0,14405000000.0,50000000.0,20.2,0.0,6.0,lsnm2024_ddos_udp
2024-02-26 13:00:00.000000000,BENIGN,0,1.0,25.0,505.0,14405000000.0,50000000.0,20.2,0.0,6.0,lsnm2024_ddos_udp
2024-02-26 13:00:00.000000000,BENIGN,0,1.0,25.0,505.0,14405000000.0,50000000.0,20.2,0.0,6.0,lsnm2024_ddos_udp
2024-02-26 13:00:00.000000000,BENIGN,0,1.0,25.0,505.0,14405000000.0,50000000.0,20.2,0.0,6.0,lsnm2024_ddos_udp
2024-02-26 13:00:00.000000000,BENIGN,0,1.0,25.0,505.0,14405000000.0,50000000.0,20.2,0.0,6.0,lsnm2024_ddos_udp
2024-02-26 13:00:00.000000000,BENIGN,0,1.0,25.0,404.0,14304000000.0,50000000.0,16.16,0.0,6.0,lsnm2024_ddos_udp
2024-02-26 13:00:00.000000000,BENIGN,0,1.0,25.0,505.0,14405000000.0,50000000.0,20.2,0.0,6.0,lsnm2024_ddos_udp
2024-02-26 13:00:00.000000000,BENIGN,0,1.0,25.0,505.0,14405000000.0,50000000.0,20.2,0.0,6.0,lsnm2024_ddos_udp
2024-02-26 13:00:00.000000000,BENIGN,0,1.0,25.0,505.0,14405000000.0,50000000.0,20.2,0.0,6.0,lsnm2024_ddos_udp
2024-02-26 13:00:00.000000000,BENIGN,0,1.0,25.0,505.0,14405000000.0,50000000.0,20.2,0.0,6.0,lsnm2024_ddos_udp
2024-02-26 13:00:00.000000000,BENIGN,0,1.0,25.0,505.0,14405000000.0,50000000.0,20.2,0.0,6.0,lsnm2024_ddos_udp
2024-02-26 13:00:00.000000000,BENIGN,0,1.0,25.0,505.0,14405000000.0,50000000.0,20.2,0.0,6.0,lsnm2024_ddos_udp
2024-02-26 13:00:00.000000000,BENIGN,0,1.0,25.0,505.0,14405000000.0,50000000.0,20.2,0.0,6.0,lsnm2024_ddos_udp
2024-02-26 13:00:00.000000000,BENIGN,0,1.0,25.0,505.0,14405000000.0,50000000.0,20.2,0.0,6.0,lsnm2024_ddos_udp
2024-02-26 13:00:00.000000000,BENIGN,0,1.0,26.0,404.0,14304000000.0,50000000.0,15.538461538461538,0.0,6.0,lsnm2024_ddos_udp
2024-02-26 13:00:00.000000000,BENIGN,0,1.0,25.0,505.0,14405000000.0,50000000.0,20.2,0.0,6.0,lsnm2024_ddos_udp
2024-02-26 13:00:00.000000000,BENIGN,0,1.0,25.0,505.0,14405000000.0,50000000.0,20.2,0.0,6.0,lsnm2024_ddos_udp
2024-02-26 13:00:00.000000000,BENIGN,0,1.0,25.0,505.0,14405000000.0,50000000.0,20.2,0.0,6.0,lsnm2024_ddos_udp
2024-02-26 13:00:00.000000000,BENIGN,0,1.0,25.0,505.0,14405000000.0,50000000.0,20.2,0.0,6.0,lsnm2024_ddos_udp
2024-02-26 13:00:01.000000000,BENIGN,0,1.0,25.0,505.0,14405000000.0,50000000.0,20.2,0.0,6.0,lsnm2024_ddos_udp
2024-02-26 13:00:01.000000000,BENIGN,0,1.0,25.0,404.0,14304000000.0,50000000.0,16.16,0.0,6.0,lsnm2024_ddos_udp
2024-02-26 13:00:01.000000000,BENIGN,0,1.0,25.0,505.0,14405000000.0,50000000.0,20.2,0.0,6.0,lsnm2024_ddos_udp
2024-02-26 13:00:01.000000000,BENIGN,0,1.0,23.0,505.0,14405000000.0,50000000.0,21.956521739130434,0.0,6.0,lsnm2024_ddos_udp
2024-02-26 13:00:01.000000000,BENIGN,0,1.0,25.0,505.0,14405000000.0,50000000.0,20.2,0.0,6.0,lsnm2024_ddos_udp
2024-02-26 13:00:01.000000000,BENIGN,0,1.0,25.0,505.0,14405000000.0,50000000.0,20.2,0.0,6.0,lsnm2024_ddos_udp
2024-02-26 13:00:01.000000000,BENIGN,0,1.0,25.0,505.0,14405000000.0,50000000.0,20.2,0.0,6.0,lsnm2024_ddos_udp
2024-02-26 13:00:01.000000000,BENIGN,0,1000000.0,25.0,505.0,14405.0,50.0,20.2,0.0,6.0,lsnm2024_ddos_udp
2024-02-26 13:00:01.000000000,BENIGN,0,1.0,24.0,505.0,14405000000.0,50000000.0,21.041666666666668,0.0,6.0,lsnm2024_ddos_udp
2024-02-26 13:00:01.000000000,BENIGN,0,1.0,25.0,505.0,14405000000.0,50000000.0,20.2,0.0,6.0,lsnm2024_ddos_udp
2024-02-26 13:00:01.000000000,BENIGN,0,1.0,26.0,505.0,11625000000.0,50000000.0,19.423076923076923,0.0,6.0,lsnm2024_ddos_udp
2024-02-26 13:00:01.000000000,BENIGN,0,1.0,25.0,505.0,14405000000.0,50000000.0,20.2,0.0,6.0,lsnm2024_ddos_udp
2024-02-26 13:00:01.000000000,BENIGN,0,1.0,25.0,505.0,14405000000.0,50000000.0,20.2,0.0,6.0,lsnm2024_ddos_udp
2024-02-26 13:00:01.000000000,BENIGN,0,1.0,25.0,505.0,14405000000.0,50000000.0,20.2,0.0,6.0,lsnm2024_ddos_udp
2024-02-26 13:00:01.000000000,BENIGN,0,1.0,25.0,505.0,14405000000.0,50000000.0,20.2,0.0,6.0,lsnm2024_ddos_udp
2024-02-26 13:00:01.000000000,BENIGN,0,1.0,25.0,505.0,14405000000.0,50000000.0,20.2,0.0,6.0,lsnm2024_ddos_udp
2024-02-26 13:00:01.000000000,BENIGN,0,1.0,25.0,505.0,14405000000.0,50000000.0,20.2,0.0,6.0,lsnm2024_ddos_udp
2024-02-26 13:00:01.000000000,BENIGN,0,1.0,24.0,505.0,14405000000.0,50000000.0,21.041666666666668,0.0,6.0,lsnm2024_ddos_udp
2024-02-26 13:00:01.000000000,BENIGN,0,1.0,26.0,505.0,14405000000.0,50000000.0,19.423076923076923,0.0,6.0,lsnm2024_ddos_udp
2024-02-26 13:00:01.000000000,BENIGN,0,1.0,25.0,404.0,14304000000.0,50000000.0,16.16,0.0,6.0,lsnm2024_ddos_udp
2024-02-26 13:00:01.000000000,BENIGN,0,1.0,25.0,505.0,14405000000.0,50000000.0,20.2,0.0,6.0,lsnm2024_ddos_udp
2024-02-26 13:00:01.000000000,BENIGN,0,1.0,25.0,505.0,14405000000.0,50000000.0,20.2,0.0,6.0,lsnm2024_ddos_udp
2024-02-26 13:00:02.000000000,BENIGN,0,1.0,25.0,505.0,14405000000.0,50000000.0,20.2,0.0,6.0,lsnm2024_ddos_udp
2024-02-26 13:00:02.000000000,BENIGN,0,1.0,25.0,404.0,14304000000.0,50000000.0,16.16,0.0,6.0,lsnm2024_ddos_udp
2024-02-26 13:00:02.000000000,BENIGN,0,1000000.0,24.0,404.0,14304.0,50.0,16.833333333333332,0.0,6.0,lsnm2024_ddos_udp
2024-02-26 13:00:02.000000000,BENIGN,0,1.0,24.0,505.0,14405000000.0,50000000.0,21.041666666666668,0.0,6.0,lsnm2024_ddos_udp
2024-02-26 13:00:02.000000000,BENIGN,0,1.0,25.0,505.0,14405000000.0,50000000.0,20.2,0.0,6.0,lsnm2024_ddos_udp
2024-02-26 13:00:02.000000000,BENIGN,0,1.0,25.0,505.0,14405000000.0,50000000.0,20.2,0.0,6.0,lsnm2024_ddos_udp
2024-02-26 13:00:02.000000000,BENIGN,0,1.0,25.0,505.0,14405000000.0,50000000.0,20.2,0.0,6.0,lsnm2024_ddos_udp
2024-02-26 13:00:02.000000000,BENIGN,0,1.0,24.0,505.0,14405000000.0,50000000.0,21.041666666666668,0.0,6.0,lsnm2024_ddos_udp
2024-02-26 13:00:02.000000000,BENIGN,0,1.0,24.0,505.0,14405000000.0,50000000.0,21.041666666666668,0.0,6.0,lsnm2024_ddos_udp
2024-02-26 13:00:02.000000000,BENIGN,0,1.0,24.0,505.0,14405000000.0,50000000.0,21.041666666666668,0.0,6.0,lsnm2024_ddos_udp
2024-02-26 13:00:02.000000000,BENIGN,0,1.0,25.0,505.0,14405000000.0,50000000.0,20.2,0.0,6.0,lsnm2024_ddos_udp
2024-02-26 13:00:02.000000000,BENIGN,0,1.0,25.0,505.0,14405000000.0,50000000.0,20.2,0.0,6.0,lsnm2024_ddos_udp
2024-02-26 13:00:02.000000000,BENIGN,0,1.0,26.0,505.0,14405000000.0,50000000.0,19.423076923076923,0.0,6.0,lsnm2024_ddos_udp
2024-02-26 13:00:02.000000000,BENIGN,0,1.0,25.0,505.0,14405000000.0,50000000.0,20.2,0.0,6.0,lsnm2024_ddos_udp
2024-02-26 13:00:02.000000000,BENIGN,0,1.0,25.0,505.0,14405000000.0,50000000.0,20.2,0.0,6.0,lsnm2024_ddos_udp
2024-02-26 13:00:02.000000000,BENIGN,0,1.0,25.0,505.0,14405000000.0,50000000.0,20.2,0.0,6.0,lsnm2024_ddos_udp
2024-02-26 13:00:02.000000000,BENIGN,0,1.0,25.0,505.0,14405000000.0,50000000.0,20.2,0.0,6.0,lsnm2024_ddos_udp
2024-02-26 13:00:02.000000000,BENIGN,0,1.0,26.0,505.0,14405000000.0,50000000.0,19.423076923076923,0.0,6.0,lsnm2024_ddos_udp
2024-02-26 13:00:02.000000000,BENIGN,0,1.0,25.0,505.0,14405000000.0,50000000.0,20.2,0.0,6.0,lsnm2024_ddos_udp
2024-02-26 13:00:02.000000000,BENIGN,0,1.0,25.0,505.0,14405000000.0,50000000.0,20.2,0.0,6.0,lsnm2024_ddos_udp
2024-02-26 13:00:02.000000000,BENIGN,0,1.0,25.0,505.0,14405000000.0,50000000.0,20.2,0.0,6.0,lsnm2024_ddos_udp
2024-02-26 13:00:02.000000000,BENIGN,0,1.0,25.0,505.0,11625000000.0,50000000.0,20.2,0.0,6.0,lsnm2024_ddos_udp
2024-02-26 13:00:02.000000000,BENIGN,0,1.0,25.0,505.0,14405000000.0,50000000.0,20.2,0.0,6.0,lsnm2024_ddos_udp
2024-02-26 13:00:02.000000000,BENIGN,0,1.0,25.0,505.0,14405000000.0,50000000.0,20.2,0.0,6.0,lsnm2024_ddos_udp
2024-02-26 13:00:03.000000000,BENIGN,0,1.0,25.0,505.0,14405000000.0,50000000.0,20.2,0.0,6.0,lsnm2024_ddos_udp
2024-02-26 13:00:03.000000000,BENIGN,0,1.0,25.0,505.0,14405000000.0,50000000.0,20.2,0.0,6.0,lsnm2024_ddos_udp
2024-02-26 13:00:03.000000000,BENIGN,0,1.0,25.0,505.0,14405000000.0,50000000.0,20.2,0.0,6.0,lsnm2024_ddos_udp
2024-02-26 13:00:03.000000000,BENIGN,0,1.0,25.0,505.0,14405000000.0,50000000.0,20.2,0.0,6.0,lsnm2024_ddos_udp
2024-02-26 13:00:03.000000000,BENIGN,0,1.0,25.0,505.0,14405000000.0,50000000.0,20.2,0.0,6.0,lsnm2024_ddos_udp
2024-02-26 13:00:03.000000000,BENIGN,0,1.0,24.0,505.0,14405000000.0,50000000.0,21.041666666666668,0.0,6.0,lsnm2024_ddos_udp
2024-02-26 13:00:03.000000000,BENIGN,0,1.0,25.0,505.0,14405000000.0,50000000.0,20.2,0.0,6.0,lsnm2024_ddos_udp
2024-02-26 13:00:03.000000000,BENIGN,0,1.0,25.0,505.0,14405000000.0,50000000.0,20.2,0.0,6.0,lsnm2024_ddos_udp
2024-02-26 13:00:03.000000000,BENIGN,0,1.0,25.0,404.0,14304000000.0,50000000.0,16.16,0.0,6.0,lsnm2024_ddos_udp
2024-02-26 13:00:03.000000000,BENIGN,0,1.0,25.0,505.0,14405000000.0,50000000.0,20.2,0.0,6.0,lsnm2024_ddos_udp
2024-02-26 13:00:03.000000000,BENIGN,0,1.0,25.0,505.0,14405000000.0,50000000.0,20.2,0.0,6.0,lsnm2024_ddos_udp
2024-02-26 13:00:03.000000000,BENIGN,0,1.0,25.0,505.0,13073000000.0,50000000.0,20.2,0.0,6.0,lsnm2024_ddos_udp
2024-02-26 13:00:03.000000000,BENIGN,0,1.0,26.0,505.0,11625000000.0,50000000.0,19.423076923076923,0.0,6.0,lsnm2024_ddos_udp
2024-02-26 13:00:03.000000000,BENIGN,0,1.0,24.0,404.0,14304000000.0,50000000.0,16.833333333333332,0.0,6.0,lsnm2024_ddos_udp
2024-02-26 13:00:03.000000000,BENIGN,0,1.0,26.0,505.0,11625000000.0,50000000.0,19.423076923076923,0.0,6.0,lsnm2024_ddos_udp
2024-02-26 13:00:03.000000000,BENIGN,0,1.0,25.0,505.0,14405000000.0,50000000.0,20.2,0.0,6.0,lsnm2024_ddos_udp
2024-02-26 13:00:03.000000000,BENIGN,0,1.0,25.0,505.0,14405000000.0,50000000.0,20.2,0.0,6.0,lsnm2024_ddos_udp
2024-02-26 13:00:04.000000000,BENIGN,0,1.0,26.0,505.0,11625000000.0,50000000.0,19.423076923076923,0.0,6.0,lsnm2024_ddos_udp
2024-02-26 13:00:04.000000000,BENIGN,0,1.0,25.0,505.0,14405000000.0,50000000.0,20.2,0.0,6.0,lsnm2024_ddos_udp
2024-02-26 13:00:04.000000000,BENIGN,0,1.0,25.0,505.0,14405000000.0,50000000.0,20.2,0.0,6.0,lsnm2024_ddos_udp
2024-02-26 13:00:04.000000000,BENIGN,0,1.0,25.0,505.0,14405000000.0,50000000.0,20.2,0.0,6.0,lsnm2024_ddos_udp
2024-02-26 13:00:04.000000000,BENIGN,0,1.0,25.0,505.0,14405000000.0,50000000.0,20.2,0.0,6.0,lsnm2024_ddos_udp
2024-02-26 13:00:04.000000000,BENIGN,0,1.0,25.0,505.0,14405000000.0,50000000.0,20.2,0.0,6.0,lsnm2024_ddos_udp
2024-02-26 13:00:04.000000000,BENIGN,0,1.0,25.0,505.0,14405000000.0,50000000.0,20.2,0.0,6.0,lsnm2024_ddos_udp
2024-02-26 13:00:04.000000000,BENIGN,0,1.0,25.0,505.0,14405000000.0,50000000.0,20.2,0.0,6.0,lsnm2024_ddos_udp
2024-02-26 13:00:04.000000000,BENIGN,0,1.0,26.0,505.0,11625000000.0,50000000.0,19.423076923076923,0.0,6.0,lsnm2024_ddos_udp
2024-02-26 13:00:04.000000000,BENIGN,0,1.0,25.0,505.0,14405000000.0,50000000.0,20.2,0.0,6.0,lsnm2024_ddos_udp
2024-02-26 13:00:04.000000000,BENIGN,0,1.0,25.0,505.0,14405000000.0,50000000.0,20.2,0.0,6.0,lsnm2024_ddos_udp
2024-02-26 13:00:04.000000000,BENIGN,0,1.0,25.0,505.0,14405000000.0,50000000.0,20.2,0.0,6.0,lsnm2024_ddos_udp
2024-02-26 13:00:04.000000000,BENIGN,0,1.0,25.0,505.0,14405000000.0,50000000.0,20.2,0.0,6.0,lsnm2024_ddos_udp
2024-02-26 13:00:04.000000000,BENIGN,0,1.0,25.0,505.0,14405000000.0,50000000.0,20.2,0.0,6.0,lsnm2024_ddos_udp
2024-02-26 13:00:04.000000000,BENIGN,0,1.0,25.0,505.0,14405000000.0,50000000.0,20.2,0.0,6.0,lsnm2024_ddos_udp
2024-02-26 13:00:04.000000000,BENIGN,0,1.0,26.0,505.0,14405000000.0,50000000.0,19.423076923076923,0.0,6.0,lsnm2024_ddos_udp
2024-02-26 13:00:04.000000000,BENIGN,0,1.0,25.0,505.0,14405000000.0,50000000.0,20.2,0.0,6.0,lsnm2024_ddos_udp
2024-02-26 13:00:04.000000000,BENIGN,0,1.0,24.0,404.0,14304000000.0,50000000.0,16.833333333333332,0.0,6.0,lsnm2024_ddos_udp
2024-02-26 13:00:04.000000000,BENIGN,0,1.0,26.0,505.0,14405000000.0,50000000.0,19.423076923076923,0.0,6.0,lsnm2024_ddos_udp
2024-02-26 13:00:04.000000000,BENIGN,0,1.0,25.0,505.0,14405000000.0,50000000.0,20.2,0.0,6.0,lsnm2024_ddos_udp
2024-02-26 13:00:04.000000000,BENIGN,0,1.0,26.0,505.0,14405000000.0,50000000.0,19.423076923076923,0.0,6.0,lsnm2024_ddos_udp
2024-02-26 13:00:04.000000000,BENIGN,0,1.0,25.0,505.0,14405000000.0,50000000.0,20.2,0.0,6.0,lsnm2024_ddos_udp
2024-02-26 13:00:04.000000000,BENIGN,0,1.0,26.0,505.0,11625000000.0,50000000.0,19.423076923076923,0.0,6.0,lsnm2024_ddos_udp
2024-02-26 13:00:05.000000000,BENIGN,0,1.0,25.0,505.0,14405000000.0,50000000.0,20.2,0.0,6.0,lsnm2024_ddos_udp
2024-02-26 13:00:05.000000000,BENIGN,0,1.0,25.0,505.0,14405000000.0,50000000.0,20.2,0.0,6.0,lsnm2024_ddos_udp
2024-02-26 13:00:05.000000000,BENIGN,0,1.0,25.0,404.0,14304000000.0,50000000.0,16.16,0.0,6.0,lsnm2024_ddos_udp
2024-02-26 13:00:05.000000000,BENIGN,0,1.0,24.0,505.0,14405000000.0,50000000.0,21.041666666666668,0.0,6.0,lsnm2024_ddos_udp
2024-02-26 13:00:05.000000000,BENIGN,0,1.0,25.0,505.0,14405000000.0,50000000.0,20.2,0.0,6.0,lsnm2024_ddos_udp
2024-02-26 13:00:05.000000000,BENIGN,0,1.0,26.0,505.0,11625000000.0,50000000.0,19.423076923076923,0.0,6.0,lsnm2024_ddos_udp
2024-02-26 13:00:05.000000000,BENIGN,0,1.0,24.0,505.0,14405000000.0,50000000.0,21.041666666666668,0.0,6.0,lsnm2024_ddos_udp
2024-02-26 13:00:05.000000000,BENIGN,0,1.0,26.0,505.0,14405000000.0,50000000.0,19.423076923076923,0.0,6.0,lsnm2024_ddos_udp
2024-02-26 13:00:05.000000000,BENIGN,0,1.0,25.0,505.0,14405000000.0,50000000.0,20.2,0.0,6.0,lsnm2024_ddos_udp
2024-02-26 13:00:05.000000000,BENIGN,0,1.0,26.0,505.0,11625000000.0,50000000.0,19.423076923076923,0.0,6.0,lsnm2024_ddos_udp
2024-02-26 13:00:05.000000000,BENIGN,0,1.0,25.0,505.0,14405000000.0,50000000.0,20.2,0.0,6.0,lsnm2024_ddos_udp
2024-02-26 13:00:05.000000000,BENIGN,0,1.0,25.0,505.0,14405000000.0,50000000.0,20.2,0.0,6.0,lsnm2024_ddos_udp
2024-02-26 13:00:05.000000000,BENIGN,0,1.0,24.0,505.0,14405000000.0,50000000.0,21.041666666666668,0.0,6.0,lsnm2024_ddos_udp
2024-02-26 13:00:05.000000000,BENIGN,0,1000000.0,25.0,404.0,14304.0,50.0,16.16,0.0,6.0,lsnm2024_ddos_udp
2024-02-26 13:00:05.000000000,BENIGN,0,1.0,24.0,505.0,14405000000.0,50000000.0,21.041666666666668,0.0,6.0,lsnm2024_ddos_udp
2024-02-26 13:00:05.000000000,BENIGN,0,1.0,26.0,505.0,11625000000.0,50000000.0,19.423076923076923,0.0,6.0,lsnm2024_ddos_udp
2024-02-26 13:00:05.000000000,BENIGN,0,1.0,25.0,505.0,14405000000.0,50000000.0,20.2,0.0,6.0,lsnm2024_ddos_udp
2024-02-26 13:00:05.000000000,BENIGN,0,1.0,25.0,505.0,14405000000.0,50000000.0,20.2,0.0,6.0,lsnm2024_ddos_udp
2024-02-26 13:00:05.000000000,BENIGN,0,1.0,25.0,505.0,14405000000.0,50000000.0,20.2,0.0,6.0,lsnm2024_ddos_udp
2024-02-26 13:00:05.000000000,BENIGN,0,1.0,25.0,505.0,14405000000.0,50000000.0,20.2,0.0,6.0,lsnm2024_ddos_udp
2024-02-26 13:00:05.000000000,BENIGN,0,1.0,26.0,505.0,14405000000.0,50000000.0,19.423076923076923,0.0,6.0,lsnm2024_ddos_udp
2024-02-26 13:00:05.000000000,BENIGN,0,1.0,25.0,505.0,14405000000.0,50000000.0,20.2,0.0,6.0,lsnm2024_ddos_udp
2024-02-26 13:00:05.000000000,BENIGN,0,1.0,27.0,505.0,14405000000.0,50000000.0,18.703703703703702,0.0,6.0,lsnm2024_ddos_udp
2024-02-26 13:00:05.000000000,BENIGN,0,1.0,25.0,505.0,14405000000.0,50000000.0,20.2,0.0,6.0,lsnm2024_ddos_udp
2024-02-26 13:00:05.000000000,BENIGN,0,1.0,25.0,404.0,14304000000.0,50000000.0,16.16,0.0,6.0,lsnm2024_ddos_udp
2024-02-26 13:00:05.000000000,BENIGN,0,1.0,25.0,505.0,14405000000.0,50000000.0,20.2,0.0,6.0,lsnm2024_ddos_udp
2024-02-26 13:00:05.000000000,BENIGN,0,1.0,25.0,505.0,14405000000.0,50000000.0,20.2,0.0,6.0,lsnm2024_ddos_udp
2024-02-26 13:00:05.000000000,BENIGN,0,1.0,26.0,505.0,14405000000.0,50000000.0,19.423076923076923,0.0,6.0,lsnm2024_ddos_udp
2024-02-26 13:00:05.000000000,BENIGN,0,1.0,25.0,505.0,14405000000.0,50000000.0,20.2,0.0,6.0,lsnm2024_ddos_udp
2024-02-26 13:00:05.000000000,BENIGN,0,1.0,24.0,404.0,12856000000.0,50000000.0,16.833333333333332,0.0,6.0,lsnm2024_ddos_udp
2024-02-26 13:00:05.000000000,BENIGN,0,1.0,24.0,404.0,14304000000.0,50000000.0,16.833333333333332,0.0,6.0,lsnm2024_ddos_udp
2024-02-26 13:00:06.000000000,BENIGN,0,1.0,25.0,505.0,14405000000.0,50000000.0,20.2,0.0,6.0,lsnm2024_ddos_udp
2024-02-26 13:00:06.000000000,BENIGN,0,1.0,24.0,505.0,14405000000.0,50000000.0,21.041666666666668,0.0,6.0,lsnm2024_ddos_udp
2024-02-26 13:00:06.000000000,BENIGN,0,1.0,25.0,505.0,14405000000.0,50000000.0,20.2,0.0,6.0,lsnm2024_ddos_udp
2024-02-26 13:00:06.000000000,BENIGN,0,1.0,25.0,505.0,14405000000.0,50000000.0,20.2,0.0,6.0,lsnm2024_ddos_udp
2024-02-26 13:00:06.000000000,BENIGN,0,1.0,26.0,505.0,12957000000.0,50000000.0,19.423076923076923,0.0,6.0,lsnm2024_ddos_udp
2024-02-26 13:00:06.000000000,BENIGN,0,1.0,25.0,505.0,14405000000.0,50000000.0,20.2,0.0,6.0,lsnm2024_ddos_udp
2024-02-26 13:00:06.000000000,BENIGN,0,1.0,25.0,505.0,14405000000.0,50000000.0,20.2,0.0,6.0,lsnm2024_ddos_udp
2024-02-26 13:00:06.000000000,BENIGN,0,1.0,25.0,505.0,14405000000.0,50000000.0,20.2,0.0,6.0,lsnm2024_ddos_udp
2024-02-26 13:00:06.000000000,BENIGN,0,1.0,25.0,505.0,14405000000.0,50000000.0,20.2,0.0,6.0,lsnm2024_ddos_udp
2024-02-26 13:00:06.000000000,BENIGN,0,1.0,25.0,505.0,14405000000.0,50000000.0,20.2,0.0,6.0,lsnm2024_ddos_udp
2024-02-26 13:00:06.000000000,BENIGN,0,1.0,26.0,404.0,12856000000.0,50000000.0,15.538461538461538,0.0,6.0,lsnm2024_ddos_udp
2024-02-26 13:00:06.000000000,BENIGN,0,1.0,24.0,404.0,14304000000.0,50000000.0,16.833333333333332,0.0,6.0,lsnm2024_ddos_udp
2024-02-26 13:00:06.000000000,BENIGN,0,1.0,26.0,505.0,14405000000.0,50000000.0,19.423076923076923,0.0,6.0,lsnm2024_ddos_udp
2024-02-26 13:00:06.000000000,BENIGN,0,1.0,25.0,404.0,14304000000.0,50000000.0,16.16,0.0,6.0,lsnm2024_ddos_udp
2024-02-26 13:00:06.000000000,BENIGN,0,1.0,25.0,505.0,14405000000.0,50000000.0,20.2,0.0,6.0,lsnm2024_ddos_udp
2024-02-26 13:00:06.000000000,BENIGN,0,1.0,26.0,505.0,11625000000.0,50000000.0,19.423076923076923,0.0,6.0,lsnm2024_ddos_udp
2024-02-26 13:00:06.000000000,BENIGN,0,1.0,25.0,505.0,14405000000.0,50000000.0,20.2,0.0,6.0,lsnm2024_ddos_udp
2024-02-26 13:00:06.000000000,BENIGN,0,1.0,25.0,505.0,14405000000.0,50000000.0,20.2,0.0,6.0,lsnm2024_ddos_udp
2024-02-26 13:00:06.000000000,BENIGN,0,1.0,25.0,505.0,14405000000.0,50000000.0,20.2,0.0,6.0,lsnm2024_ddos_udp
2024-02-26 13:00:06.000000000,BENIGN,0,1.0,25.0,505.0,14405000000.0,50000000.0,20.2,0.0,6.0,lsnm2024_ddos_udp
2024-02-26 13:00:06.000000000,BENIGN,0,1.0,25.0,505.0,14405000000.0,50000000.0,20.2,0.0,6.0,lsnm2024_ddos_udp
2024-02-26 13:00:06.000000000,BENIGN,0,1.0,25.0,505.0,14405000000.0,50000000.0,20.2,0.0,6.0,lsnm2024_ddos_udp
2024-02-26 13:00:06.000000000,BENIGN,0,1.0,25.0,505.0,14405000000.0,50000000.0,20.2,0.0,6.0,lsnm2024_ddos_udp
2024-02-26 13:00:06.000000000,BENIGN,0,1.0,26.0,505.0,11625000000.0,50000000.0,19.423076923076923,0.0,6.0,lsnm2024_ddos_udp
2024-02-26 13:00:06.000000000,BENIGN,0,1.0,25.0,505.0,14405000000.0,50000000.0,20.2,0.0,6.0,lsnm2024_ddos_udp
2024-02-26 13:00:06.000000000,BENIGN,0,1.0,24.0,505.0,14405000000.0,50000000.0,21.041666666666668,0.0,6.0,lsnm2024_ddos_udp
2024-02-26 13:00:06.000000000,BENIGN,0,1.0,25.0,505.0,14405000000.0,50000000.0,20.2,0.0,6.0,lsnm2024_ddos_udp
2024-02-26 13:00:06.000000000,BENIGN,0,1.0,25.0,505.0,14405000000.0,50000000.0,20.2,0.0,6.0,lsnm2024_ddos_udp
2024-02-26 13:00:07.000000000,BENIGN,0,1.0,25.0,505.0,14405000000.0,50000000.0,20.2,0.0,6.0,lsnm2024_ddos_udp
2024-02-26 13:00:07.000000000,BENIGN,0,1.0,25.0,505.0,14405000000.0,50000000.0,20.2,0.0,6.0,lsnm2024_ddos_udp
2024-02-26 13:00:07.000000000,BENIGN,0,1.0,25.0,505.0,14405000000.0,50000000.0,20.2,0.0,6.0,lsnm2024_ddos_udp
2024-02-26 13:00:07.000000000,BENIGN,0,1.0,25.0,505.0,14405000000.0,50000000.0,20.2,0.0,6.0,lsnm2024_ddos_udp
2024-02-26 13:00:07.000000000,BENIGN,0,1.0,25.0,505.0,14405000000.0,50000000.0,20.2,0.0,6.0,lsnm2024_ddos_udp
2024-02-26 13:00:07.000000000,BENIGN,0,1.0,25.0,505.0,14405000000.0,50000000.0,20.2,0.0,6.0,lsnm2024_ddos_udp
2024-02-26 13:00:07.000000000,BENIGN,0,1.0,27.0,505.0,14405000000.0,50000000.0,18.703703703703702,0.0,6.0,lsnm2024_ddos_udp
2024-02-26 13:00:07.000000000,BENIGN,0,1.0,25.0,505.0,14405000000.0,50000000.0,20.2,0.0,6.0,lsnm2024_ddos_udp
2024-02-26 13:00:07.000000000,BENIGN,0,1.0,25.0,505.0,14405000000.0,50000000.0,20.2,0.0,6.0,lsnm2024_ddos_udp
2024-02-26 13:00:07.000000000,BENIGN,0,1.0,25.0,505.0,14405000000.0,50000000.0,20.2,0.0,6.0,lsnm2024_ddos_udp
2024-02-26 13:00:07.000000000,BENIGN,0,1.0,25.0,505.0,14405000000.0,50000000.0,20.2,0.0,6.0,lsnm2024_ddos_udp
2024-02-26 13:00:07.000000000,BENIGN,0,1.0,25.0,505.0,14405000000.0,50000000.0,20.2,0.0,6.0,lsnm2024_ddos_udp
2024-02-26 13:00:07.000000000,BENIGN,0,1.0,25.0,505.0,14405000000.0,50000000.0,20.2,0.0,6.0,lsnm2024_ddos_udp
2024-02-26 13:00:07.000000000,BENIGN,0,1.0,25.0,505.0,14405000000.0,50000000.0,20.2,0.0,6.0,lsnm2024_ddos_udp
2024-02-26 13:00:07.000000000,BENIGN,0,1.0,25.0,505.0,14405000000.0,50000000.0,20.2,0.0,6.0,lsnm2024_ddos_udp
2024-02-26 13:00:07.000000000,BENIGN,0,1.0,24.0,505.0,14405000000.0,50000000.0,21.041666666666668,0.0,6.0,lsnm2024_ddos_udp
2024-02-26 13:00:07.000000000,BENIGN,0,1.0,25.0,404.0,14304000000.0,50000000.0,16.16,0.0,6.0,lsnm2024_ddos_udp
2024-02-26 13:00:07.000000000,BENIGN,0,1.0,25.0,505.0,14405000000.0,50000000.0,20.2,0.0,6.0,lsnm2024_ddos_udp
2024-02-26 13:00:07.000000000,BENIGN,0,1.0,26.0,505.0,14405000000.0,50000000.0,19.423076923076923,0.0,6.0,lsnm2024_ddos_udp
2024-02-26 13:00:07.000000000,BENIGN,0,1.0,25.0,505.0,14405000000.0,50000000.0,20.2,0.0,6.0,lsnm2024_ddos_udp
2024-02-26 13:00:08.000000000,BENIGN,0,1.0,25.0,505.0,14405000000.0,50000000.0,20.2,0.0,6.0,lsnm2024_ddos_udp
2024-02-26 13:00:08.000000000,BENIGN,0,1.0,25.0,505.0,14405000000.0,50000000.0,20.2,0.0,6.0,lsnm2024_ddos_udp
2024-02-26 13:00:08.000000000,BENIGN,0,1.0,25.0,505.0,14405000000.0,50000000.0,20.2,0.0,6.0,lsnm2024_ddos_udp
2024-02-26 13:00:08.000000000,BENIGN,0,1.0,25.0,505.0,14405000000.0,50000000.0,20.2,0.0,6.0,lsnm2024_ddos_udp
2024-02-26 13:00:08.000000000,BENIGN,0,1.0,25.0,505.0,14405000000.0,50000000.0,20.2,0.0,6.0,lsnm2024_ddos_udp
2024-02-26 13:00:08.000000000,BENIGN,0,1.0,25.0,505.0,14405000000.0,50000000.0,20.2,0.0,6.0,lsnm2024_ddos_udp
2024-02-26 13:00:08.000000000,BENIGN,0,1.0,25.0,505.0,14405000000.0,50000000.0,20.2,0.0,6.0,lsnm2024_ddos_udp
2024-02-26 13:00:08.000000000,BENIGN,0,1.0,25.0,505.0,14405000000.0,50000000.0,20.2,0.0,6.0,lsnm2024_ddos_udp
2024-02-26 13:00:08.000000000,BENIGN,0,1.0,25.0,505.0,14405000000.0,50000000.0,20.2,0.0,6.0,lsnm2024_ddos_udp
2024-02-26 13:00:08.000000000,BENIGN,0,1.0,25.0,505.0,14405000000.0,50000000.0,20.2,0.0,6.0,lsnm2024_ddos_udp
2024-02-26 13:00:08.000000000,BENIGN,0,1.0,25.0,505.0,14405000000.0,50000000.0,20.2,0.0,6.0,lsnm2024_ddos_udp
2024-02-26 13:00:08.000000000,BENIGN,0,1.0,25.0,505.0,14405000000.0,50000000.0,20.2,0.0,6.0,lsnm2024_ddos_udp
2024-02-26 13:00:08.000000000,BENIGN,0,1.0,25.0,404.0,14304000000.0,50000000.0,16.16,0.0,6.0,lsnm2024_ddos_udp
2024-02-26 13:00:08.000000000,BENIGN,0,1.0,25.0,505.0,14405000000.0,50000000.0,20.2,0.0,6.0,lsnm2024_ddos_udp
2024-02-26 13:00:08.000000000,BENIGN,0,1.0,25.0,505.0,14405000000.0,50000000.0,20.2,0.0,6.0,lsnm2024_ddos_udp
2024-02-26 13:00:08.000000000,BENIGN,0,1.0,24.0,404.0,14304000000.0,50000000.0,16.833333333333332,0.0,6.0,lsnm2024_ddos_udp
2024-02-26 13:00:08.000000000,BENIGN,0,1.0,25.0,505.0,14405000000.0,50000000.0,20.2,0.0,6.0,lsnm2024_ddos_udp
2024-02-26 13:00:08.000000000,BENIGN,0,1.0,25.0,505.0,14405000000.0,50000000.0,20.2,0.0,6.0,lsnm2024_ddos_udp
2024-02-26 13:00:08.000000000,BENIGN,0,1.0,25.0,505.0,14405000000.0,50000000.0,20.2,0.0,6.0,lsnm2024_ddos_udp
2024-02-26 13:00:08.000000000,BENIGN,0,1.0,25.0,404.0,14304000000.0,50000000.0,16.16,0.0,6.0,lsnm2024_ddos_udp
2024-02-26 13:00:08.000000000,BENIGN,0,1.0,25.0,505.0,14405000000.0,50000000.0,20.2,0.0,6.0,lsnm2024_ddos_udp
2024-02-26 13:00:09.000000000,BENIGN,0,1.0,24.0,505.0,14405000000.0,50000000.0,21.041666666666668,0.0,6.0,lsnm2024_ddos_udp
2024-02-26 13:00:09.000000000,BENIGN,0,1.0,26.0,505.0,11625000000.0,50000000.0,19.423076923076923,0.0,6.0,lsnm2024_ddos_udp
2024-02-26 13:00:09.000000000,BENIGN,0,1.0,25.0,505.0,14405000000.0,50000000.0,20.2,0.0,6.0,lsnm2024_ddos_udp
2024-02-26 13:00:09.000000000,BENIGN,0,1.0,25.0,505.0,14405000000.0,50000000.0,20.2,0.0,6.0,lsnm2024_ddos_udp
2024-02-26 13:00:09.000000000,BENIGN,0,1000000.0,25.0,505.0,14405.0,50.0,20.2,0.0,6.0,lsnm2024_ddos_udp
2024-02-26 13:00:09.000000000,BENIGN,0,1.0,25.0,505.0,14405000000.0,50000000.0,20.2,0.0,6.0,lsnm2024_ddos_udp
2024-02-26 13:00:09.000000000,BENIGN,0,1.0,25.0,505.0,14405000000.0,50000000.0,20.2,0.0,6.0,lsnm2024_ddos_udp
2024-02-26 13:00:09.000000000,BENIGN,0,1.0,25.0,505.0,14405000000.0,50000000.0,20.2,0.0,6.0,lsnm2024_ddos_udp
2024-02-26 13:00:09.000000000,BENIGN,0,1.0,25.0,505.0,14405000000.0,50000000.0,20.2,0.0,6.0,lsnm2024_ddos_udp
2024-02-26 13:00:09.000000000,BENIGN,0,1.0,25.0,505.0,14405000000.0,50000000.0,20.2,0.0,6.0,lsnm2024_ddos_udp
2024-02-26 13:00:09.000000000,BENIGN,0,1.0,26.0,505.0,14405000000.0,50000000.0,19.423076923076923,0.0,6.0,lsnm2024_ddos_udp
2024-02-26 13:00:09.000000000,BENIGN,0,1.0,25.0,505.0,11625000000.0,50000000.0,20.2,0.0,6.0,lsnm2024_ddos_udp
2024-02-26 13:00:09.000000000,BENIGN,0,1.0,25.0,505.0,14405000000.0,50000000.0,20.2,0.0,6.0,lsnm2024_ddos_udp
2024-02-26 13:00:09.000000000,BENIGN,0,1.0,25.0,505.0,14405000000.0,50000000.0,20.2,0.0,6.0,lsnm2024_ddos_udp
2024-02-26 13:00:09.000000000,BENIGN,0,1.0,25.0,505.0,14405000000.0,50000000.0,20.2,0.0,6.0,lsnm2024_ddos_udp
2024-02-26 13:00:09.000000000,BENIGN,0,1.0,25.0,505.0,14405000000.0,50000000.0,20.2,0.0,6.0,lsnm2024_ddos_udp
2024-02-26 13:00:09.000000000,BENIGN,0,1.0,24.0,505.0,14405000000.0,50000000.0,21.041666666666668,0.0,6.0,lsnm2024_ddos_udp
2024-02-26 13:00:09.000000000,BENIGN,0,1.0,25.0,505.0,14405000000.0,50000000.0,20.2,0.0,6.0,lsnm2024_ddos_udp
2024-02-26 13:00:09.000000000,BENIGN,0,1.0,25.0,505.0,14405000000.0,50000000.0,20.2,0.0,6.0,lsnm2024_ddos_udp
2024-02-26 13:00:09.000000000,BENIGN,0,1.0,25.0,505.0,14405000000.0,50000000.0,20.2,0.0,6.0,lsnm2024_ddos_udp
2024-02-26 13:00:10.000000000,BENIGN,0,1.0,25.0,505.0,14405000000.0,50000000.0,20.2,0.0,6.0,lsnm2024_ddos_udp
2024-02-26 13:00:10.000000000,BENIGN,0,1.0,25.0,505.0,14405000000.0,50000000.0,20.2,0.0,6.0,lsnm2024_ddos_udp
2024-02-26 13:00:10.000000000,BENIGN,0,1.0,25.0,505.0,14405000000.0,50000000.0,20.2,0.0,6.0,lsnm2024_ddos_udp
2024-02-26 13:00:10.000000000,BENIGN,0,1.0,25.0,505.0,14405000000.0,50000000.0,20.2,0.0,6.0,lsnm2024_ddos_udp
2024-02-26 13:00:10.000000000,BENIGN,0,1.0,25.0,505.0,14405000000.0,50000000.0,20.2,0.0,6.0,lsnm2024_ddos_udp
2024-02-26 13:00:10.000000000,BENIGN,0,1.0,25.0,505.0,14405000000.0,50000000.0,20.2,0.0,6.0,lsnm2024_ddos_udp
2024-02-26 13:00:10.000000000,BENIGN,0,1.0,24.0,505.0,14405000000.0,50000000.0,21.041666666666668,0.0,6.0,lsnm2024_ddos_udp
2024-02-26 13:00:10.000000000,BENIGN,0,1.0,26.0,505.0,14405000000.0,50000000.0,19.423076923076923,0.0,6.0,lsnm2024_ddos_udp
2024-02-26 13:00:10.000000000,BENIGN,0,1.0,23.0,505.0,14405000000.0,50000000.0,21.956521739130434,0.0,6.0,lsnm2024_ddos_udp
2024-02-26 13:00:10.000000000,BENIGN,0,1.0,25.0,505.0,14405000000.0,50000000.0,20.2,0.0,6.0,lsnm2024_ddos_udp
2024-02-26 13:00:10.000000000,BENIGN,0,1.0,25.0,505.0,14405000000.0,50000000.0,20.2,0.0,6.0,lsnm2024_ddos_udp
2024-02-26 13:00:10.000000000,BENIGN,0,1.0,25.0,505.0,14405000000.0,50000000.0,20.2,0.0,6.0,lsnm2024_ddos_udp
2024-02-26 13:00:10.000000000,BENIGN,0,1.0,25.0,505.0,14405000000.0,50000000.0,20.2,0.0,6.0,lsnm2024_ddos_udp
2024-02-26 13:00:10.000000000,BENIGN,0,1.0,25.0,505.0,14405000000.0,50000000.0,20.2,0.0,6.0,lsnm2024_ddos_udp
2024-02-26 13:00:10.000000000,BENIGN,0,1.0,25.0,505.0,14405000000.0,50000000.0,20.2,0.0,6.0,lsnm2024_ddos_udp
2024-02-26 13:00:10.000000000,BENIGN,0,1.0,25.0,505.0,14405000000.0,50000000.0,20.2,0.0,6.0,lsnm2024_ddos_udp
2024-02-26 13:00:10.000000000,BENIGN,0,1.0,25.0,505.0,14405000000.0,50000000.0,20.2,0.0,6.0,lsnm2024_ddos_udp
2024-02-26 13:00:10.000000000,BENIGN,0,1.0,25.0,505.0,14405000000.0,50000000.0,20.2,0.0,6.0,lsnm2024_ddos_udp
2024-02-26 13:00:10.000000000,BENIGN,0,1.0,25.0,505.0,14405000000.0,50000000.0,20.2,0.0,6.0,lsnm2024_ddos_udp
2024-02-26 13:00:10.000000000,BENIGN,0,1.0,25.0,505.0,14405000000.0,50000000.0,20.2,0.0,6.0,lsnm2024_ddos_udp
2024-02-26 13:00:10.000000000,BENIGN,0,1.0,25.0,505.0,14405000000.0,50000000.0,20.2,0.0,6.0,lsnm2024_ddos_udp
2024-02-26 13:00:10.000000000,BENIGN,0,1.0,25.0,505.0,14405000000.0,50000000.0,20.2,0.0,6.0,lsnm2024_ddos_udp
2024-02-26 13:00:10.000000000,BENIGN,0,1.0,25.0,505.0,14405000000.0,50000000.0,20.2,0.0,6.0,lsnm2024_ddos_udp
2024-02-26 13:00:11.000000000,BENIGN,0,1.0,25.0,505.0,14405000000.0,50000000.0,20.2,0.0,6.0,lsnm2024_ddos_udp
2024-02-26 13:00:11.000000000,BENIGN,0,1.0,24.0,404.0,14304000000.0,50000000.0,16.833333333333332,0.0,6.0,lsnm2024_ddos_udp
2024-02-26 13:00:11.000000000,BENIGN,0,1.0,26.0,505.0,11625000000.0,50000000.0,19.423076923076923,0.0,6.0,lsnm2024_ddos_udp
2024-02-26 13:00:11.000000000,BENIGN,0,1.0,25.0,505.0,14405000000.0,50000000.0,20.2,0.0,6.0,lsnm2024_ddos_udp
2024-02-26 13:00:11.000000000,BENIGN,0,1.0,25.0,505.0,14405000000.0,50000000.0,20.2,0.0,6.0,lsnm2024_ddos_udp
2024-02-26 13:00:11.000000000,BENIGN,0,1.0,25.0,505.0,14405000000.0,50000000.0,20.2,0.0,6.0,lsnm2024_ddos_udp
2024-02-26 13:00:11.000000000,BENIGN,0,1.0,25.0,505.0,14405000000.0,50000000.0,20.2,0.0,6.0,lsnm2024_ddos_udp
2024-02-26 13:00:11.000000000,BENIGN,0,1.0,25.0,505.0,14405000000.0,50000000.0,20.2,0.0,6.0,lsnm2024_ddos_udp
2024-02-26 13:00:11.000000000,BENIGN,0,1.0,24.0,404.0,14304000000.0,50000000.0,16.833333333333332,0.0,6.0,lsnm2024_ddos_udp
2024-02-26 13:00:11.000000000,BENIGN,0,1.0,25.0,505.0,14405000000.0,50000000.0,20.2,0.0,6.0,lsnm2024_ddos_udp
2024-02-26 13:00:11.000000000,BENIGN,0,1.0,25.0,505.0,14405000000.0,50000000.0,20.2,0.0,6.0,lsnm2024_ddos_udp
2024-02-26 13:00:11.000000000,BENIGN,0,1.0,25.0,505.0,14405000000.0,50000000.0,20.2,0.0,6.0,lsnm2024_ddos_udp
2024-02-26 13:00:11.000000000,BENIGN,0,1.0,26.0,505.0,14405000000.0,50000000.0,19.423076923076923,0.0,6.0,lsnm2024_ddos_udp
2024-02-26 13:00:11.000000000,BENIGN,0,1.0,25.0,404.0,14304000000.0,50000000.0,16.16,0.0,6.0,lsnm2024_ddos_udp
2024-02-26 13:00:11.000000000,BENIGN,0,1.0,24.0,505.0,14405000000.0,50000000.0,21.041666666666668,0.0,6.0,lsnm2024_ddos_udp
2024-02-26 13:00:11.000000000,BENIGN,0,1.0,24.0,505.0,14405000000.0,50000000.0,21.041666666666668,0.0,6.0,lsnm2024_ddos_udp
2024-02-26 13:00:11.000000000,BENIGN,0,1.0,25.0,505.0,14405000000.0,50000000.0,20.2,0.0,6.0,lsnm2024_ddos_udp
2024-02-26 13:00:11.000000000,BENIGN,0,1.0,25.0,505.0,14405000000.0,50000000.0,20.2,0.0,6.0,lsnm2024_ddos_udp
2024-02-26 13:00:11.000000000,BENIGN,0,1.0,25.0,505.0,14405000000.0,50000000.0,20.2,0.0,6.0,lsnm2024_ddos_udp
2024-02-26 13:00:11.000000000,BENIGN,0,1.0,25.0,404.0,14304000000.0,50000000.0,16.16,0.0,6.0,lsnm2024_ddos_udp
2024-02-26 13:00:11.000000000,BENIGN,0,1.0,24.0,505.0,14405000000.0,50000000.0,21.041666666666668,0.0,6.0,lsnm2024_ddos_udp
2024-02-26 13:00:11.000000000,BENIGN,0,1.0,25.0,505.0,14405000000.0,50000000.0,20.2,0.0,6.0,lsnm2024_ddos_udp
2024-02-26 13:00:11.000000000,BENIGN,0,1.0,25.0,505.0,14405000000.0,50000000.0,20.2,0.0,6.0,lsnm2024_ddos_udp
2024-02-26 13:00:11.000000000,BENIGN,0,1.0,25.0,505.0,14405000000.0,50000000.0,20.2,0.0,6.0,lsnm2024_ddos_udp
2024-02-26 13:00:11.000000000,BENIGN,0,1.0,25.0,505.0,14405000000.0,50000000.0,20.2,0.0,6.0,lsnm2024_ddos_udp
2024-02-26 13:00:11.000000000,BENIGN,0,1.0,26.0,505.0,11625000000.0,50000000.0,19.423076923076923,0.0,6.0,lsnm2024_ddos_udp
2024-02-26 13:00:11.000000000,BENIGN,0,1.0,25.0,505.0,14405000000.0,50000000.0,20.2,0.0,6.0,lsnm2024_ddos_udp
2024-02-26 13:00:11.000000000,BENIGN,0,1.0,25.0,505.0,14405000000.0,50000000.0,20.2,0.0,6.0,lsnm2024_ddos_udp
2024-02-26 13:00:11.000000000,BENIGN,0,1.0,25.0,505.0,14405000000.0,50000000.0,20.2,0.0,6.0,lsnm2024_ddos_udp
2024-02-26 13:00:12.000000000,BENIGN,0,1.0,26.0,505.0,11625000000.0,50000000.0,19.423076923076923,0.0,6.0,lsnm2024_ddos_udp
2024-02-26 13:00:12.000000000,BENIGN,0,1.0,26.0,505.0,14405000000.0,50000000.0,19.423076923076923,0.0,6.0,lsnm2024_ddos_udp
2024-02-26 13:00:12.000000000,BENIGN,0,1.0,25.0,505.0,14405000000.0,50000000.0,20.2,0.0,6.0,lsnm2024_ddos_udp
2024-02-26 13:00:12.000000000,BENIGN,0,1.0,26.0,505.0,14405000000.0,50000000.0,19.423076923076923,0.0,6.0,lsnm2024_ddos_udp
2024-02-26 13:00:12.000000000,BENIGN,0,1.0,25.0,505.0,14405000000.0,50000000.0,20.2,0.0,6.0,lsnm2024_ddos_udp
2024-02-26 13:00:12.000000000,BENIGN,0,1.0,25.0,505.0,14405000000.0,50000000.0,20.2,0.0,6.0,lsnm2024_ddos_udp
2024-02-26 13:00:12.000000000,BENIGN,0,1.0,26.0,505.0,11625000000.0,50000000.0,19.423076923076923,0.0,6.0,lsnm2024_ddos_udp
2024-02-26 13:00:12.000000000,BENIGN,0,1.0,25.0,505.0,14405000000.0,50000000.0,20.2,0.0,6.0,lsnm2024_ddos_udp
2024-02-26 13:00:12.000000000,BENIGN,0,1.0,25.0,505.0,14405000000.0,50000000.0,20.2,0.0,6.0,lsnm2024_ddos_udp
2024-02-26 13:00:12.000000000,BENIGN,0,1.0,25.0,505.0,14405000000.0,50000000.0,20.2,0.0,6.0,lsnm2024_ddos_udp
2024-02-26 13:00:12.000000000,BENIGN,0,1.0,25.0,505.0,14405000000.0,50000000.0,20.2,0.0,6.0,lsnm2024_ddos_udp
2024-02-26 13:00:12.000000000,BENIGN,0,1.0,26.0,505.0,14405000000.0,50000000.0,19.423076923076923,0.0,6.0,lsnm2024_ddos_udp
2024-02-26 13:00:12.000000000,BENIGN,0,1.0,25.0,505.0,14405000000.0,50000000.0,20.2,0.0,6.0,lsnm2024_ddos_udp
2024-02-26 13:00:12.000000000,BENIGN,0,1.0,23.0,505.0,14405000000.0,50000000.0,21.956521739130434,0.0,6.0,lsnm2024_ddos_udp
2024-02-26 13:00:12.000000000,BENIGN,0,1.0,26.0,505.0,11625000000.0,50000000.0,19.423076923076923,0.0,6.0,lsnm2024_ddos_udp
2024-02-26 13:00:12.000000000,BENIGN,0,1.0,25.0,505.0,14405000000.0,50000000.0,20.2,0.0,6.0,lsnm2024_ddos_udp
2024-02-26 13:00:12.000000000,BENIGN,0,1.0,25.0,505.0,14405000000.0,50000000.0,20.2,0.0,6.0,lsnm2024_ddos_udp
2024-02-26 13:00:12.000000000,BENIGN,0,1.0,25.0,505.0,14405000000.0,50000000.0,20.2,0.0,6.0,lsnm2024_ddos_udp
2024-02-26 13:00:12.000000000,BENIGN,0,1.0,25.0,505.0,14405000000.0,50000000.0,20.2,0.0,6.0,lsnm2024_ddos_udp
2024-02-26 13:00:12.000000000,BENIGN,0,1.0,25.0,505.0,14405000000.0,50000000.0,20.2,0.0,6.0,lsnm2024_ddos_udp
2024-02-26 13:00:12.000000000,BENIGN,0,1.0,25.0,505.0,14405000000.0,50000000.0,20.2,0.0,6.0,lsnm2024_ddos_udp
2024-02-26 13:00:12.000000000,BENIGN,0,1.0,24.0,505.0,14405000000.0,50000000.0,21.041666666666668,0.0,6.0,lsnm2024_ddos_udp
2024-02-26 13:00:12.000000000,BENIGN,0,1.0,25.0,505.0,14405000000.0,50000000.0,20.2,0.0,6.0,lsnm2024_ddos_udp
2024-02-26 13:00:12.000000000,BENIGN,0,1.0,25.0,505.0,14405000000.0,50000000.0,20.2,0.0,6.0,lsnm2024_ddos_udp
2024-02-26 13:00:12.000000000,BENIGN,0,1.0,25.0,505.0,14405000000.0,50000000.0,20.2,0.0,6.0,lsnm2024_ddos_udp
2024-02-26 13:00:12.000000000,BENIGN,0,1.0,25.0,505.0,14405000000.0,50000000.0,20.2,0.0,6.0,lsnm2024_ddos_udp
2024-02-26 13:00:12.000000000,BENIGN,0,1.0,26.0,505.0,14405000000.0,50000000.0,19.423076923076923,0.0,6.0,lsnm2024_ddos_udp
2024-02-26 13:00:12.000000000,BENIGN,0,1.0,25.0,505.0,14405000000.0,50000000.0,20.2,0.0,6.0,lsnm2024_ddos_udp
2024-02-26 13:00:12.000000000,BENIGN,0,1.0,26.0,505.0,14405000000.0,50000000.0,19.423076923076923,0.0,6.0,lsnm2024_ddos_udp
2024-02-26 13:00:13.000000000,BENIGN,0,1.0,24.0,505.0,14405000000.0,50000000.0,21.041666666666668,0.0,6.0,lsnm2024_ddos_udp
2024-02-26 13:00:13.000000000,BENIGN,0,1.0,25.0,505.0,14405000000.0,50000000.0,20.2,0.0,6.0,lsnm2024_ddos_udp
2024-02-26 13:00:13.000000000,BENIGN,0,1.0,24.0,505.0,14405000000.0,50000000.0,21.041666666666668,0.0,6.0,lsnm2024_ddos_udp
2024-02-26 13:00:13.000000000,BENIGN,0,1.0,25.0,505.0,14405000000.0,50000000.0,20.2,0.0,6.0,lsnm2024_ddos_udp
2024-02-26 13:00:13.000000000,BENIGN,0,1.0,25.0,505.0,14405000000.0,50000000.0,20.2,0.0,6.0,lsnm2024_ddos_udp
2024-02-26 13:00:13.000000000,BENIGN,0,1000000.0,25.0,505.0,14405.0,50.0,20.2,0.0,6.0,lsnm2024_ddos_udp
2024-02-26 13:00:13.000000000,BENIGN,0,1.0,25.0,505.0,14405000000.0,50000000.0,20.2,0.0,6.0,lsnm2024_ddos_udp
2024-02-26 13:00:13.000000000,BENIGN,0,1.0,25.0,505.0,14405000000.0,50000000.0,20.2,0.0,6.0,lsnm2024_ddos_udp
2024-02-26 13:00:13.000000000,BENIGN,0,1.0,25.0,505.0,14405000000.0,50000000.0,20.2,0.0,6.0,lsnm2024_ddos_udp
2024-02-26 13:00:13.000000000,BENIGN,0,1.0,25.0,505.0,14405000000.0,50000000.0,20.2,0.0,6.0,lsnm2024_ddos_udp
2024-02-26 13:00:13.000000000,BENIGN,0,1.0,25.0,505.0,14405000000.0,50000000.0,20.2,0.0,6.0,lsnm2024_ddos_udp
2024-02-26 13:00:13.000000000,BENIGN,0,1.0,25.0,505.0,14405000000.0,50000000.0,20.2,0.0,6.0,lsnm2024_ddos_udp
2024-02-26 13:00:13.000000000,BENIGN,0,1.0,25.0,505.0,14405000000.0,50000000.0,20.2,0.0,6.0,lsnm2024_ddos_udp
2024-02-26 13:00:13.000000000,BENIGN,0,1.0,25.0,505.0,14405000000.0,50000000.0,20.2,0.0,6.0,lsnm2024_ddos_udp
2024-02-26 13:00:14.000000000,BENIGN,0,1.0,25.0,505.0,14405000000.0,50000000.0,20.2,0.0,6.0,lsnm2024_ddos_udp
2024-02-26 13:00:14.000000000,BENIGN,0,1.0,25.0,505.0,14405000000.0,50000000.0,20.2,0.0,6.0,lsnm2024_ddos_udp
2024-02-26 13:00:14.000000000,BENIGN,0,1.0,25.0,505.0,14405000000.0,50000000.0,20.2,0.0,6.0,lsnm2024_ddos_udp
2024-02-26 13:00:14.000000000,BENIGN,0,1.0,25.0,505.0,14405000000.0,50000000.0,20.2,0.0,6.0,lsnm2024_ddos_udp
2024-02-26 13:00:14.000000000,BENIGN,0,1.0,25.0,505.0,14405000000.0,50000000.0,20.2,0.0,6.0,lsnm2024_ddos_udp
2024-02-26 13:00:14.000000000,BENIGN,0,1.0,25.0,505.0,14405000000.0,50000000.0,20.2,0.0,6.0,lsnm2024_ddos_udp
2024-02-26 13:00:14.000000000,BENIGN,0,1.0,24.0,404.0,14304000000.0,50000000.0,16.833333333333332,0.0,6.0,lsnm2024_ddos_udp
2024-02-26 13:00:14.000000000,BENIGN,0,1.0,26.0,505.0,11625000000.0,50000000.0,19.423076923076923,0.0,6.0,lsnm2024_ddos_udp
2024-02-26 13:00:14.000000000,BENIGN,0,1.0,25.0,505.0,14405000000.0,50000000.0,20.2,0.0,6.0,lsnm2024_ddos_udp
2024-02-26 13:00:14.000000000,BENIGN,0,1.0,25.0,505.0,14405000000.0,50000000.0,20.2,0.0,6.0,lsnm2024_ddos_udp
2024-02-26 13:00:14.000000000,BENIGN,0,1.0,26.0,505.0,14405000000.0,50000000.0,19.423076923076923,0.0,6.0,lsnm2024_ddos_udp
2024-02-26 13:00:14.000000000,BENIGN,0,1.0,25.0,505.0,14405000000.0,50000000.0,20.2,0.0,6.0,lsnm2024_ddos_udp
2024-02-26 13:00:14.000000000,BENIGN,0,1.0,25.0,505.0,14405000000.0,50000000.0,20.2,0.0,6.0,lsnm2024_ddos_udp
2024-02-26 13:00:14.000000000,BENIGN,0,1.0,25.0,505.0,14405000000.0,50000000.0,20.2,0.0,6.0,lsnm2024_ddos_udp
2024-02-26 13:00:14.000000000,BENIGN,0,1.0,25.0,505.0,14405000000.0,50000000.0,20.2,0.0,6.0,lsnm2024_ddos_udp
2024-02-26 13:00:14.000000000,BENIGN,0,1.0,25.0,505.0,14405000000.0,50000000.0,20.2,0.0,6.0,lsnm2024_ddos_udp
2024-02-26 13:00:14.000000000,BENIGN,0,1.0,26.0,505.0,14405000000.0,50000000.0,19.423076923076923,0.0,6.0,lsnm2024_ddos_udp
2024-02-26 13:00:14.000000000,BENIGN,0,1.0,25.0,505.0,14405000000.0,50000000.0,20.2,0.0,6.0,lsnm2024_ddos_udp
2024-02-26 13:00:15.000000000,BENIGN,0,1.0,25.0,505.0,14405000000.0,50000000.0,20.2,0.0,6.0,lsnm2024_ddos_udp
2024-02-26 13:00:15.000000000,BENIGN,0,1.0,25.0,505.0,14405000000.0,50000000.0,20.2,0.0,6.0,lsnm2024_ddos_udp
2024-02-26 13:00:15.000000000,BENIGN,0,1.0,25.0,505.0,14405000000.0,50000000.0,20.2,0.0,6.0,lsnm2024_ddos_udp
2024-02-26 13:00:15.000000000,BENIGN,0,1.0,25.0,505.0,14405000000.0,50000000.0,20.2,0.0,6.0,lsnm2024_ddos_udp
2024-02-26 13:00:15.000000000,BENIGN,0,1.0,25.0,505.0,14405000000.0,50000000.0,20.2,0.0,6.0,lsnm2024_ddos_udp
2024-02-26 13:00:15.000000000,BENIGN,0,1.0,25.0,505.0,14405000000.0,50000000.0,20.2,0.0,6.0,lsnm2024_ddos_udp
2024-02-26 13:00:15.000000000,BENIGN,0,1000000.0,25.0,505.0,14405.0,50.0,20.2,0.0,6.0,lsnm2024_ddos_udp
2024-02-26 13:00:15.000000000,BENIGN,0,1.0,25.0,505.0,14405000000.0,50000000.0,20.2,0.0,6.0,lsnm2024_ddos_udp
2024-02-26 13:00:15.000000000,BENIGN,0,1.0,25.0,505.0,14405000000.0,50000000.0,20.2,0.0,6.0,lsnm2024_ddos_udp
2024-02-26 13:00:15.000000000,BENIGN,0,1.0,25.0,505.0,14405000000.0,50000000.0,20.2,0.0,6.0,lsnm2024_ddos_udp
2024-02-26 13:00:15.000000000,BENIGN,0,1.0,24.0,505.0,14405000000.0,50000000.0,21.041666666666668,0.0,6.0,lsnm2024_ddos_udp
2024-02-26 13:00:15.000000000,BENIGN,0,1.0,24.0,505.0,14405000000.0,50000000.0,21.041666666666668,0.0,6.0,lsnm2024_ddos_udp
2024-02-26 13:00:15.000000000,BENIGN,0,1.0,26.0,505.0,11625000000.0,50000000.0,19.423076923076923,0.0,6.0,lsnm2024_ddos_udp
2024-02-26 13:00:16.000000000,BENIGN,0,1.0,25.0,505.0,14405000000.0,50000000.0,20.2,0.0,6.0,lsnm2024_ddos_udp
2024-02-26 13:00:16.000000000,BENIGN,0,1.0,24.0,505.0,14405000000.0,50000000.0,21.041666666666668,0.0,6.0,lsnm2024_ddos_udp
2024-02-26 13:00:16.000000000,BENIGN,0,1.0,25.0,404.0,11524000000.0,50000000.0,16.16,0.0,6.0,lsnm2024_ddos_udp
2024-02-26 13:00:16.000000000,BENIGN,0,1.0,25.0,505.0,14405000000.0,50000000.0,20.2,0.0,6.0,lsnm2024_ddos_udp
2024-02-26 13:00:16.000000000,BENIGN,0,1.0,25.0,505.0,14405000000.0,50000000.0,20.2,0.0,6.0,lsnm2024_ddos_udp
2024-02-26 13:00:16.000000000,BENIGN,0,1.0,26.0,505.0,11625000000.0,50000000.0,19.423076923076923,0.0,6.0,lsnm2024_ddos_udp
2024-02-26 13:00:16.000000000,BENIGN,0,1.0,25.0,505.0,14405000000.0,50000000.0,20.2,0.0,6.0,lsnm2024_ddos_udp
2024-02-26 13:00:16.000000000,BENIGN,0,1.0,25.0,505.0,14405000000.0,50000000.0,20.2,0.0,6.0,lsnm2024_ddos_udp
2024-02-26 13:00:16.000000000,BENIGN,0,1.0,25.0,505.0,14405000000.0,50000000.0,20.2,0.0,6.0,lsnm2024_ddos_udp
2024-02-26 13:00:16.000000000,BENIGN,0,1.0,25.0,505.0,14405000000.0,50000000.0,20.2,0.0,6.0,lsnm2024_ddos_udp
